ISO-10303-21;
HEADER;
/* Generated by software containing ST-Developer
 * from STEP Tools, Inc. (www.steptools.com) 
 */
/* OPTION: using custom renumber hook */

FILE_DESCRIPTION(
/* description */ ('STEP AP242 Edition 2',
'CAx-IF Rec.Pracs.---Representation and Presentation of Product Manufa
cturing Information (PMI)---4.0---2014-10-13',
'CAx-IF Rec.Pracs.---3D Tessellated Geometry---0.4---2014-09-14','2;1',
'CAx-IF Rec.Pracs.---User Defined Attributes---1.5---2016-08-15'),
/* implementation_level */ '2;1');

FILE_NAME(
/* name */ 'Assembly 1 - Part 92',
/* time_stamp */ '2026-09-11T19:54:21Z',
/* author */ (''),
/* organization */ (''),
/* preprocessor_version */ 'ST-DEVELOPER v20',
/* originating_system */ 'ONSHAPE BY PTC INC, 1.220',
/* authorisation */ '  ');

FILE_SCHEMA (('AP242_MANAGED_MODEL_BASED_3D_ENGINEERING_MIM_LF { 1 0 10303 442 3 1 4 }'));
ENDSEC;

DATA;
#10=SHAPE_REPRESENTATION_RELATIONSHIP('','',#1720,#11);
#11=ADVANCED_BREP_SHAPE_REPRESENTATION('',(#1718),#2875);
#12=DEGENERATE_TOROIDAL_SURFACE('',#1795,0.000758580849898446,0.00217279,
 .T.);
#13=DEGENERATE_TOROIDAL_SURFACE('',#1797,0.000758580849898446,0.00217279,
 .T.);
#14=DEGENERATE_TOROIDAL_SURFACE('',#1803,0.000758580849898439,0.00217279,
 .T.);
#15=DEGENERATE_TOROIDAL_SURFACE('',#1805,0.000758580849898522,0.00217279,
 .T.);
#16=B_SPLINE_CURVE_WITH_KNOTS('',3,(#2625,#2626,#2627,#2628,#2629),
 .UNSPECIFIED.,.F.,.F.,(4,1,4),(0.,0.00227017669159767,0.00454035338319533),
 .UNSPECIFIED.);
#17=CYLINDRICAL_SURFACE('',#1734,0.00293137084989852);
#18=CYLINDRICAL_SURFACE('',#1737,0.00293137084989845);
#19=CYLINDRICAL_SURFACE('',#1745,0.00293137084989845);
#20=CYLINDRICAL_SURFACE('',#1750,0.00293137084989844);
#21=CYLINDRICAL_SURFACE('',#1758,0.00193137084989842);
#22=CYLINDRICAL_SURFACE('',#1764,0.00193137084989844);
#23=CYLINDRICAL_SURFACE('',#1769,0.00193137084989848);
#24=CYLINDRICAL_SURFACE('',#1772,0.00193137084989845);
#25=CYLINDRICAL_SURFACE('',#1778,0.000965685424949248);
#26=CYLINDRICAL_SURFACE('',#1780,0.000965685424949242);
#27=CYLINDRICAL_SURFACE('',#1782,0.000965685424949225);
#28=CYLINDRICAL_SURFACE('',#1784,0.000965685424949225);
#29=CYLINDRICAL_SURFACE('',#1785,0.00310410954112329);
#30=CYLINDRICAL_SURFACE('',#1789,0.00210330556973048);
#31=CYLINDRICAL_SURFACE('',#1791,0.00208318261980413);
#32=CYLINDRICAL_SURFACE('',#1792,0.00217279);
#33=CYLINDRICAL_SURFACE('',#1799,0.00217279);
#34=CYLINDRICAL_SURFACE('',#1801,0.00217279);
#35=CYLINDRICAL_SURFACE('',#1807,0.00217279);
#36=CYLINDRICAL_SURFACE('',#1860,0.00015);
#37=CYLINDRICAL_SURFACE('',#1862,0.00015);
#38=CYLINDRICAL_SURFACE('',#1863,0.00015);
#39=CYLINDRICAL_SURFACE('',#1864,0.00015);
#40=CYLINDRICAL_SURFACE('',#1865,0.00015);
#41=CYLINDRICAL_SURFACE('',#1866,0.00015);
#42=CYLINDRICAL_SURFACE('',#1867,0.00015);
#43=CYLINDRICAL_SURFACE('',#1868,0.00015);
#44=CYLINDRICAL_SURFACE('',#1869,0.00015);
#45=CYLINDRICAL_SURFACE('',#1870,0.00015);
#46=CYLINDRICAL_SURFACE('',#1871,0.00015);
#47=CYLINDRICAL_SURFACE('',#1872,0.00015);
#48=CYLINDRICAL_SURFACE('',#1873,0.00015);
#49=CYLINDRICAL_SURFACE('',#1874,0.00015);
#50=CYLINDRICAL_SURFACE('',#1875,0.00015);
#51=CYLINDRICAL_SURFACE('',#1876,0.00015);
#52=CYLINDRICAL_SURFACE('',#1877,0.00015);
#53=CYLINDRICAL_SURFACE('',#1878,0.00015);
#54=CYLINDRICAL_SURFACE('',#1895,0.00015);
#55=CYLINDRICAL_SURFACE('',#1896,0.00015);
#56=CYLINDRICAL_SURFACE('',#1897,0.00015);
#57=CYLINDRICAL_SURFACE('',#1898,0.00015);
#58=CYLINDRICAL_SURFACE('',#1900,0.00015);
#59=CIRCLE('',#1723,0.00208318261980413);
#60=CIRCLE('',#1724,0.00210330556973048);
#61=CIRCLE('',#1726,0.00210330556973048);
#62=CIRCLE('',#1727,0.00208318261980413);
#63=CIRCLE('',#1729,0.000965685424949225);
#64=CIRCLE('',#1730,0.000965685424949248);
#65=CIRCLE('',#1731,0.000965685424949242);
#66=CIRCLE('',#1732,0.000965685424949225);
#67=CIRCLE('',#1735,0.00293137084989852);
#68=CIRCLE('',#1736,0.00293137084989852);
#69=CIRCLE('',#1738,0.00293137084989845);
#70=CIRCLE('',#1739,0.00293137084989845);
#71=CIRCLE('',#1741,0.000965685424949248);
#72=CIRCLE('',#1742,0.000965685424949225);
#73=CIRCLE('',#1743,0.000965685424949225);
#74=CIRCLE('',#1744,0.000965685424949242);
#75=CIRCLE('',#1746,0.00293137084989845);
#76=CIRCLE('',#1747,0.00293137084989845);
#77=CIRCLE('',#1749,0.00310410954112329);
#78=CIRCLE('',#1751,0.00293137084989844);
#79=CIRCLE('',#1752,0.00293137084989844);
#80=CIRCLE('',#1754,0.000758580849898439);
#81=CIRCLE('',#1755,0.000758580849898522);
#82=CIRCLE('',#1756,0.000758580849898446);
#83=CIRCLE('',#1757,0.000758580849898446);
#84=CIRCLE('',#1759,0.00193137084989842);
#85=CIRCLE('',#1760,0.00193137084989842);
#86=CIRCLE('',#1761,0.00193137084989842);
#87=CIRCLE('',#1762,0.00193137084989842);
#88=CIRCLE('',#1765,0.00193137084989844);
#89=CIRCLE('',#1766,0.00193137084989844);
#90=CIRCLE('',#1768,0.00310410954112329);
#91=CIRCLE('',#1770,0.00193137084989848);
#92=CIRCLE('',#1771,0.00193137084989848);
#93=CIRCLE('',#1773,0.00193137084989845);
#94=CIRCLE('',#1774,0.00193137084989845);
#95=CIRCLE('',#1786,0.00310410954112329);
#96=CIRCLE('',#1793,0.00217279);
#97=CIRCLE('',#1794,0.00217279);
#98=CIRCLE('',#1796,0.00217279);
#99=CIRCLE('',#1798,0.00217279);
#100=CIRCLE('',#1800,0.00217279);
#101=CIRCLE('',#1802,0.00217279);
#102=CIRCLE('',#1804,0.00217279);
#103=CIRCLE('',#1806,0.00217279);
#104=CIRCLE('',#1821,0.00015);
#105=CIRCLE('',#1822,0.00015);
#106=CIRCLE('',#1823,0.00015);
#107=CIRCLE('',#1824,0.00015);
#108=CIRCLE('',#1825,0.00015);
#109=CIRCLE('',#1826,0.00015);
#110=CIRCLE('',#1827,0.00015);
#111=CIRCLE('',#1828,0.00015);
#112=CIRCLE('',#1829,0.00015);
#113=CIRCLE('',#1830,0.00015);
#114=CIRCLE('',#1831,0.00015);
#115=CIRCLE('',#1832,0.00015);
#116=CIRCLE('',#1833,0.00015);
#117=CIRCLE('',#1834,0.00015);
#118=CIRCLE('',#1835,0.00015);
#119=CIRCLE('',#1836,0.00015);
#120=CIRCLE('',#1837,0.00015);
#121=CIRCLE('',#1838,0.00015);
#122=CIRCLE('',#1840,0.00015);
#123=CIRCLE('',#1841,0.00015);
#124=CIRCLE('',#1842,0.00015);
#125=CIRCLE('',#1843,0.00015);
#126=CIRCLE('',#1844,0.00015);
#127=CIRCLE('',#1845,0.00015);
#128=CIRCLE('',#1846,0.00015);
#129=CIRCLE('',#1847,0.00015);
#130=CIRCLE('',#1848,0.00015);
#131=CIRCLE('',#1849,0.00015);
#132=CIRCLE('',#1850,0.00015);
#133=CIRCLE('',#1851,0.00015);
#134=CIRCLE('',#1852,0.00015);
#135=CIRCLE('',#1853,0.00015);
#136=CIRCLE('',#1854,0.00015);
#137=CIRCLE('',#1855,0.00015);
#138=CIRCLE('',#1856,0.00015);
#139=CIRCLE('',#1857,0.00015);
#140=CIRCLE('',#1882,0.00015);
#141=CIRCLE('',#1883,0.00015);
#142=CIRCLE('',#1884,0.00015);
#143=CIRCLE('',#1885,0.00015);
#144=CIRCLE('',#1886,0.00015);
#145=CIRCLE('',#1888,0.00015);
#146=CIRCLE('',#1889,0.00015);
#147=CIRCLE('',#1890,0.00015);
#148=CIRCLE('',#1891,0.00015);
#149=CIRCLE('',#1892,0.00015);
#150=ORIENTED_EDGE('',*,*,#600,.F.);
#151=ORIENTED_EDGE('',*,*,#601,.T.);
#152=ORIENTED_EDGE('',*,*,#602,.T.);
#153=ORIENTED_EDGE('',*,*,#603,.T.);
#154=ORIENTED_EDGE('',*,*,#604,.T.);
#155=ORIENTED_EDGE('',*,*,#605,.F.);
#156=ORIENTED_EDGE('',*,*,#606,.F.);
#157=ORIENTED_EDGE('',*,*,#607,.F.);
#158=ORIENTED_EDGE('',*,*,#608,.F.);
#159=ORIENTED_EDGE('',*,*,#609,.T.);
#160=ORIENTED_EDGE('',*,*,#610,.F.);
#161=ORIENTED_EDGE('',*,*,#611,.F.);
#162=ORIENTED_EDGE('',*,*,#612,.F.);
#163=ORIENTED_EDGE('',*,*,#613,.T.);
#164=ORIENTED_EDGE('',*,*,#614,.F.);
#165=ORIENTED_EDGE('',*,*,#615,.F.);
#166=ORIENTED_EDGE('',*,*,#616,.T.);
#167=ORIENTED_EDGE('',*,*,#617,.F.);
#168=ORIENTED_EDGE('',*,*,#618,.F.);
#169=ORIENTED_EDGE('',*,*,#619,.T.);
#170=ORIENTED_EDGE('',*,*,#620,.F.);
#171=ORIENTED_EDGE('',*,*,#621,.T.);
#172=ORIENTED_EDGE('',*,*,#622,.T.);
#173=ORIENTED_EDGE('',*,*,#623,.T.);
#174=ORIENTED_EDGE('',*,*,#624,.F.);
#175=ORIENTED_EDGE('',*,*,#625,.F.);
#176=ORIENTED_EDGE('',*,*,#626,.T.);
#177=ORIENTED_EDGE('',*,*,#627,.T.);
#178=ORIENTED_EDGE('',*,*,#628,.F.);
#179=ORIENTED_EDGE('',*,*,#629,.T.);
#180=ORIENTED_EDGE('',*,*,#630,.F.);
#181=ORIENTED_EDGE('',*,*,#631,.T.);
#182=ORIENTED_EDGE('',*,*,#632,.F.);
#183=ORIENTED_EDGE('',*,*,#633,.F.);
#184=ORIENTED_EDGE('',*,*,#634,.F.);
#185=ORIENTED_EDGE('',*,*,#635,.F.);
#186=ORIENTED_EDGE('',*,*,#636,.F.);
#187=ORIENTED_EDGE('',*,*,#637,.T.);
#188=ORIENTED_EDGE('',*,*,#638,.T.);
#189=ORIENTED_EDGE('',*,*,#639,.T.);
#190=ORIENTED_EDGE('',*,*,#602,.F.);
#191=ORIENTED_EDGE('',*,*,#640,.T.);
#192=ORIENTED_EDGE('',*,*,#636,.T.);
#193=ORIENTED_EDGE('',*,*,#641,.T.);
#194=ORIENTED_EDGE('',*,*,#642,.F.);
#195=ORIENTED_EDGE('',*,*,#643,.T.);
#196=ORIENTED_EDGE('',*,*,#600,.T.);
#197=ORIENTED_EDGE('',*,*,#644,.T.);
#198=ORIENTED_EDGE('',*,*,#645,.F.);
#199=ORIENTED_EDGE('',*,*,#646,.T.);
#200=ORIENTED_EDGE('',*,*,#647,.F.);
#201=ORIENTED_EDGE('',*,*,#648,.F.);
#202=ORIENTED_EDGE('',*,*,#649,.F.);
#203=ORIENTED_EDGE('',*,*,#650,.F.);
#204=ORIENTED_EDGE('',*,*,#651,.F.);
#205=ORIENTED_EDGE('',*,*,#652,.T.);
#206=ORIENTED_EDGE('',*,*,#653,.F.);
#207=ORIENTED_EDGE('',*,*,#654,.T.);
#208=ORIENTED_EDGE('',*,*,#642,.T.);
#209=ORIENTED_EDGE('',*,*,#655,.F.);
#210=ORIENTED_EDGE('',*,*,#656,.F.);
#211=ORIENTED_EDGE('',*,*,#657,.T.);
#212=ORIENTED_EDGE('',*,*,#653,.T.);
#213=ORIENTED_EDGE('',*,*,#658,.T.);
#214=ORIENTED_EDGE('',*,*,#659,.F.);
#215=ORIENTED_EDGE('',*,*,#660,.T.);
#216=ORIENTED_EDGE('',*,*,#661,.F.);
#217=ORIENTED_EDGE('',*,*,#662,.T.);
#218=ORIENTED_EDGE('',*,*,#656,.T.);
#219=ORIENTED_EDGE('',*,*,#663,.F.);
#220=ORIENTED_EDGE('',*,*,#638,.F.);
#221=ORIENTED_EDGE('',*,*,#664,.T.);
#222=ORIENTED_EDGE('',*,*,#659,.T.);
#223=ORIENTED_EDGE('',*,*,#665,.T.);
#224=ORIENTED_EDGE('',*,*,#666,.T.);
#225=ORIENTED_EDGE('',*,*,#667,.T.);
#226=ORIENTED_EDGE('',*,*,#668,.T.);
#227=ORIENTED_EDGE('',*,*,#669,.T.);
#228=ORIENTED_EDGE('',*,*,#670,.T.);
#229=ORIENTED_EDGE('',*,*,#671,.T.);
#230=ORIENTED_EDGE('',*,*,#672,.T.);
#231=ORIENTED_EDGE('',*,*,#673,.T.);
#232=ORIENTED_EDGE('',*,*,#674,.F.);
#233=ORIENTED_EDGE('',*,*,#675,.T.);
#234=ORIENTED_EDGE('',*,*,#676,.T.);
#235=ORIENTED_EDGE('',*,*,#677,.T.);
#236=ORIENTED_EDGE('',*,*,#619,.F.);
#237=ORIENTED_EDGE('',*,*,#678,.F.);
#238=ORIENTED_EDGE('',*,*,#679,.T.);
#239=ORIENTED_EDGE('',*,*,#680,.F.);
#240=ORIENTED_EDGE('',*,*,#676,.F.);
#241=ORIENTED_EDGE('',*,*,#681,.T.);
#242=ORIENTED_EDGE('',*,*,#682,.F.);
#243=ORIENTED_EDGE('',*,*,#683,.F.);
#244=ORIENTED_EDGE('',*,*,#679,.F.);
#245=ORIENTED_EDGE('',*,*,#684,.F.);
#246=ORIENTED_EDGE('',*,*,#685,.T.);
#247=ORIENTED_EDGE('',*,*,#686,.T.);
#248=ORIENTED_EDGE('',*,*,#687,.T.);
#249=ORIENTED_EDGE('',*,*,#685,.F.);
#250=ORIENTED_EDGE('',*,*,#688,.F.);
#251=ORIENTED_EDGE('',*,*,#689,.T.);
#252=ORIENTED_EDGE('',*,*,#690,.F.);
#253=ORIENTED_EDGE('',*,*,#691,.F.);
#254=ORIENTED_EDGE('',*,*,#692,.T.);
#255=ORIENTED_EDGE('',*,*,#693,.F.);
#256=ORIENTED_EDGE('',*,*,#694,.F.);
#257=ORIENTED_EDGE('',*,*,#695,.F.);
#258=ORIENTED_EDGE('',*,*,#689,.F.);
#259=ORIENTED_EDGE('',*,*,#696,.T.);
#260=ORIENTED_EDGE('',*,*,#697,.T.);
#261=ORIENTED_EDGE('',*,*,#698,.F.);
#262=ORIENTED_EDGE('',*,*,#699,.T.);
#263=ORIENTED_EDGE('',*,*,#697,.F.);
#264=ORIENTED_EDGE('',*,*,#700,.F.);
#265=ORIENTED_EDGE('',*,*,#625,.T.);
#266=ORIENTED_EDGE('',*,*,#701,.T.);
#267=ORIENTED_EDGE('',*,*,#627,.F.);
#268=ORIENTED_EDGE('',*,*,#702,.F.);
#269=ORIENTED_EDGE('',*,*,#617,.T.);
#270=ORIENTED_EDGE('',*,*,#678,.T.);
#271=ORIENTED_EDGE('',*,*,#618,.T.);
#272=ORIENTED_EDGE('',*,*,#702,.T.);
#273=ORIENTED_EDGE('',*,*,#626,.F.);
#274=ORIENTED_EDGE('',*,*,#700,.T.);
#275=ORIENTED_EDGE('',*,*,#696,.F.);
#276=ORIENTED_EDGE('',*,*,#688,.T.);
#277=ORIENTED_EDGE('',*,*,#684,.T.);
#278=ORIENTED_EDGE('',*,*,#639,.F.);
#279=ORIENTED_EDGE('',*,*,#665,.F.);
#280=ORIENTED_EDGE('',*,*,#663,.T.);
#281=ORIENTED_EDGE('',*,*,#658,.F.);
#282=ORIENTED_EDGE('',*,*,#655,.T.);
#283=ORIENTED_EDGE('',*,*,#644,.F.);
#284=ORIENTED_EDGE('',*,*,#603,.F.);
#285=ORIENTED_EDGE('',*,*,#641,.F.);
#286=ORIENTED_EDGE('',*,*,#703,.F.);
#287=ORIENTED_EDGE('',*,*,#704,.T.);
#288=ORIENTED_EDGE('',*,*,#698,.T.);
#289=ORIENTED_EDGE('',*,*,#699,.F.);
#290=ORIENTED_EDGE('',*,*,#624,.T.);
#291=ORIENTED_EDGE('',*,*,#701,.F.);
#292=ORIENTED_EDGE('',*,*,#616,.F.);
#293=ORIENTED_EDGE('',*,*,#677,.F.);
#294=ORIENTED_EDGE('',*,*,#686,.F.);
#295=ORIENTED_EDGE('',*,*,#687,.F.);
#296=ORIENTED_EDGE('',*,*,#695,.T.);
#297=ORIENTED_EDGE('',*,*,#705,.T.);
#298=ORIENTED_EDGE('',*,*,#706,.T.);
#299=ORIENTED_EDGE('',*,*,#646,.F.);
#300=ORIENTED_EDGE('',*,*,#707,.F.);
#301=ORIENTED_EDGE('',*,*,#629,.F.);
#302=ORIENTED_EDGE('',*,*,#630,.T.);
#303=ORIENTED_EDGE('',*,*,#707,.T.);
#304=ORIENTED_EDGE('',*,*,#645,.T.);
#305=ORIENTED_EDGE('',*,*,#708,.F.);
#306=ORIENTED_EDGE('',*,*,#708,.T.);
#307=ORIENTED_EDGE('',*,*,#652,.F.);
#308=ORIENTED_EDGE('',*,*,#709,.F.);
#309=ORIENTED_EDGE('',*,*,#631,.F.);
#310=ORIENTED_EDGE('',*,*,#632,.T.);
#311=ORIENTED_EDGE('',*,*,#709,.T.);
#312=ORIENTED_EDGE('',*,*,#651,.T.);
#313=ORIENTED_EDGE('',*,*,#710,.F.);
#314=ORIENTED_EDGE('',*,*,#633,.T.);
#315=ORIENTED_EDGE('',*,*,#710,.T.);
#316=ORIENTED_EDGE('',*,*,#650,.T.);
#317=ORIENTED_EDGE('',*,*,#711,.F.);
#318=ORIENTED_EDGE('',*,*,#634,.T.);
#319=ORIENTED_EDGE('',*,*,#711,.T.);
#320=ORIENTED_EDGE('',*,*,#649,.T.);
#321=ORIENTED_EDGE('',*,*,#712,.F.);
#322=ORIENTED_EDGE('',*,*,#635,.T.);
#323=ORIENTED_EDGE('',*,*,#712,.T.);
#324=ORIENTED_EDGE('',*,*,#648,.T.);
#325=ORIENTED_EDGE('',*,*,#713,.F.);
#326=ORIENTED_EDGE('',*,*,#628,.T.);
#327=ORIENTED_EDGE('',*,*,#713,.T.);
#328=ORIENTED_EDGE('',*,*,#647,.T.);
#329=ORIENTED_EDGE('',*,*,#706,.F.);
#330=ORIENTED_EDGE('',*,*,#661,.T.);
#331=ORIENTED_EDGE('',*,*,#714,.T.);
#332=ORIENTED_EDGE('',*,*,#715,.F.);
#333=ORIENTED_EDGE('',*,*,#705,.F.);
#334=ORIENTED_EDGE('',*,*,#694,.T.);
#335=ORIENTED_EDGE('',*,*,#704,.F.);
#336=ORIENTED_EDGE('',*,*,#703,.T.);
#337=ORIENTED_EDGE('',*,*,#715,.T.);
#338=ORIENTED_EDGE('',*,*,#620,.T.);
#339=ORIENTED_EDGE('',*,*,#716,.T.);
#340=ORIENTED_EDGE('',*,*,#604,.F.);
#341=ORIENTED_EDGE('',*,*,#717,.F.);
#342=ORIENTED_EDGE('',*,*,#717,.T.);
#343=ORIENTED_EDGE('',*,*,#607,.T.);
#344=ORIENTED_EDGE('',*,*,#718,.F.);
#345=ORIENTED_EDGE('',*,*,#621,.F.);
#346=ORIENTED_EDGE('',*,*,#718,.T.);
#347=ORIENTED_EDGE('',*,*,#606,.T.);
#348=ORIENTED_EDGE('',*,*,#719,.F.);
#349=ORIENTED_EDGE('',*,*,#622,.F.);
#350=ORIENTED_EDGE('',*,*,#719,.T.);
#351=ORIENTED_EDGE('',*,*,#605,.T.);
#352=ORIENTED_EDGE('',*,*,#716,.F.);
#353=ORIENTED_EDGE('',*,*,#623,.F.);
#354=ORIENTED_EDGE('',*,*,#720,.F.);
#355=ORIENTED_EDGE('',*,*,#654,.F.);
#356=ORIENTED_EDGE('',*,*,#721,.F.);
#357=ORIENTED_EDGE('',*,*,#671,.F.);
#358=ORIENTED_EDGE('',*,*,#721,.T.);
#359=ORIENTED_EDGE('',*,*,#657,.F.);
#360=ORIENTED_EDGE('',*,*,#722,.F.);
#361=ORIENTED_EDGE('',*,*,#672,.F.);
#362=ORIENTED_EDGE('',*,*,#720,.T.);
#363=ORIENTED_EDGE('',*,*,#670,.F.);
#364=ORIENTED_EDGE('',*,*,#723,.F.);
#365=ORIENTED_EDGE('',*,*,#643,.F.);
#366=ORIENTED_EDGE('',*,*,#714,.F.);
#367=ORIENTED_EDGE('',*,*,#660,.F.);
#368=ORIENTED_EDGE('',*,*,#724,.F.);
#369=ORIENTED_EDGE('',*,*,#673,.F.);
#370=ORIENTED_EDGE('',*,*,#722,.T.);
#371=ORIENTED_EDGE('',*,*,#662,.F.);
#372=ORIENTED_EDGE('',*,*,#723,.T.);
#373=ORIENTED_EDGE('',*,*,#669,.F.);
#374=ORIENTED_EDGE('',*,*,#725,.F.);
#375=ORIENTED_EDGE('',*,*,#601,.F.);
#376=ORIENTED_EDGE('',*,*,#724,.T.);
#377=ORIENTED_EDGE('',*,*,#664,.F.);
#378=ORIENTED_EDGE('',*,*,#726,.F.);
#379=ORIENTED_EDGE('',*,*,#666,.F.);
#380=ORIENTED_EDGE('',*,*,#725,.T.);
#381=ORIENTED_EDGE('',*,*,#668,.F.);
#382=ORIENTED_EDGE('',*,*,#727,.F.);
#383=ORIENTED_EDGE('',*,*,#640,.F.);
#384=ORIENTED_EDGE('',*,*,#726,.T.);
#385=ORIENTED_EDGE('',*,*,#637,.F.);
#386=ORIENTED_EDGE('',*,*,#727,.T.);
#387=ORIENTED_EDGE('',*,*,#667,.F.);
#388=ORIENTED_EDGE('',*,*,#728,.T.);
#389=ORIENTED_EDGE('',*,*,#729,.F.);
#390=ORIENTED_EDGE('',*,*,#730,.F.);
#391=ORIENTED_EDGE('',*,*,#731,.T.);
#392=ORIENTED_EDGE('',*,*,#732,.T.);
#393=ORIENTED_EDGE('',*,*,#733,.F.);
#394=ORIENTED_EDGE('',*,*,#734,.F.);
#395=ORIENTED_EDGE('',*,*,#729,.T.);
#396=ORIENTED_EDGE('',*,*,#735,.F.);
#397=ORIENTED_EDGE('',*,*,#736,.F.);
#398=ORIENTED_EDGE('',*,*,#737,.T.);
#399=ORIENTED_EDGE('',*,*,#733,.T.);
#400=ORIENTED_EDGE('',*,*,#738,.F.);
#401=ORIENTED_EDGE('',*,*,#739,.F.);
#402=ORIENTED_EDGE('',*,*,#740,.T.);
#403=ORIENTED_EDGE('',*,*,#736,.T.);
#404=ORIENTED_EDGE('',*,*,#741,.F.);
#405=ORIENTED_EDGE('',*,*,#691,.T.);
#406=ORIENTED_EDGE('',*,*,#742,.T.);
#407=ORIENTED_EDGE('',*,*,#739,.T.);
#408=ORIENTED_EDGE('',*,*,#743,.T.);
#409=ORIENTED_EDGE('',*,*,#693,.T.);
#410=ORIENTED_EDGE('',*,*,#744,.F.);
#411=ORIENTED_EDGE('',*,*,#745,.F.);
#412=ORIENTED_EDGE('',*,*,#746,.T.);
#413=ORIENTED_EDGE('',*,*,#731,.F.);
#414=ORIENTED_EDGE('',*,*,#747,.F.);
#415=ORIENTED_EDGE('',*,*,#745,.T.);
#416=ORIENTED_EDGE('',*,*,#742,.F.);
#417=ORIENTED_EDGE('',*,*,#690,.T.);
#418=ORIENTED_EDGE('',*,*,#743,.F.);
#419=ORIENTED_EDGE('',*,*,#747,.T.);
#420=ORIENTED_EDGE('',*,*,#730,.T.);
#421=ORIENTED_EDGE('',*,*,#734,.T.);
#422=ORIENTED_EDGE('',*,*,#737,.F.);
#423=ORIENTED_EDGE('',*,*,#740,.F.);
#424=ORIENTED_EDGE('',*,*,#692,.F.);
#425=ORIENTED_EDGE('',*,*,#741,.T.);
#426=ORIENTED_EDGE('',*,*,#738,.T.);
#427=ORIENTED_EDGE('',*,*,#735,.T.);
#428=ORIENTED_EDGE('',*,*,#732,.F.);
#429=ORIENTED_EDGE('',*,*,#728,.F.);
#430=ORIENTED_EDGE('',*,*,#746,.F.);
#431=ORIENTED_EDGE('',*,*,#744,.T.);
#432=ORIENTED_EDGE('',*,*,#748,.F.);
#433=ORIENTED_EDGE('',*,*,#608,.T.);
#434=ORIENTED_EDGE('',*,*,#749,.T.);
#435=ORIENTED_EDGE('',*,*,#750,.F.);
#436=ORIENTED_EDGE('',*,*,#751,.T.);
#437=ORIENTED_EDGE('',*,*,#610,.T.);
#438=ORIENTED_EDGE('',*,*,#752,.F.);
#439=ORIENTED_EDGE('',*,*,#674,.T.);
#440=ORIENTED_EDGE('',*,*,#753,.T.);
#441=ORIENTED_EDGE('',*,*,#682,.T.);
#442=ORIENTED_EDGE('',*,*,#754,.F.);
#443=ORIENTED_EDGE('',*,*,#755,.T.);
#444=ORIENTED_EDGE('',*,*,#756,.F.);
#445=ORIENTED_EDGE('',*,*,#757,.F.);
#446=ORIENTED_EDGE('',*,*,#758,.F.);
#447=ORIENTED_EDGE('',*,*,#759,.F.);
#448=ORIENTED_EDGE('',*,*,#760,.F.);
#449=ORIENTED_EDGE('',*,*,#761,.F.);
#450=ORIENTED_EDGE('',*,*,#762,.F.);
#451=ORIENTED_EDGE('',*,*,#763,.F.);
#452=ORIENTED_EDGE('',*,*,#764,.F.);
#453=ORIENTED_EDGE('',*,*,#765,.F.);
#454=ORIENTED_EDGE('',*,*,#766,.F.);
#455=ORIENTED_EDGE('',*,*,#767,.F.);
#456=ORIENTED_EDGE('',*,*,#768,.F.);
#457=ORIENTED_EDGE('',*,*,#769,.F.);
#458=ORIENTED_EDGE('',*,*,#770,.F.);
#459=ORIENTED_EDGE('',*,*,#771,.F.);
#460=ORIENTED_EDGE('',*,*,#772,.F.);
#461=ORIENTED_EDGE('',*,*,#609,.F.);
#462=ORIENTED_EDGE('',*,*,#748,.T.);
#463=ORIENTED_EDGE('',*,*,#773,.T.);
#464=ORIENTED_EDGE('',*,*,#774,.T.);
#465=ORIENTED_EDGE('',*,*,#775,.F.);
#466=ORIENTED_EDGE('',*,*,#776,.T.);
#467=ORIENTED_EDGE('',*,*,#754,.T.);
#468=ORIENTED_EDGE('',*,*,#681,.F.);
#469=ORIENTED_EDGE('',*,*,#675,.F.);
#470=ORIENTED_EDGE('',*,*,#752,.T.);
#471=ORIENTED_EDGE('',*,*,#777,.T.);
#472=ORIENTED_EDGE('',*,*,#778,.T.);
#473=ORIENTED_EDGE('',*,*,#779,.T.);
#474=ORIENTED_EDGE('',*,*,#780,.T.);
#475=ORIENTED_EDGE('',*,*,#781,.T.);
#476=ORIENTED_EDGE('',*,*,#782,.T.);
#477=ORIENTED_EDGE('',*,*,#783,.T.);
#478=ORIENTED_EDGE('',*,*,#784,.T.);
#479=ORIENTED_EDGE('',*,*,#785,.T.);
#480=ORIENTED_EDGE('',*,*,#786,.T.);
#481=ORIENTED_EDGE('',*,*,#787,.T.);
#482=ORIENTED_EDGE('',*,*,#788,.T.);
#483=ORIENTED_EDGE('',*,*,#789,.T.);
#484=ORIENTED_EDGE('',*,*,#790,.T.);
#485=ORIENTED_EDGE('',*,*,#791,.T.);
#486=ORIENTED_EDGE('',*,*,#792,.T.);
#487=ORIENTED_EDGE('',*,*,#793,.T.);
#488=ORIENTED_EDGE('',*,*,#749,.F.);
#489=ORIENTED_EDGE('',*,*,#611,.T.);
#490=ORIENTED_EDGE('',*,*,#751,.F.);
#491=ORIENTED_EDGE('',*,*,#680,.T.);
#492=ORIENTED_EDGE('',*,*,#683,.T.);
#493=ORIENTED_EDGE('',*,*,#753,.F.);
#494=ORIENTED_EDGE('',*,*,#794,.F.);
#495=ORIENTED_EDGE('',*,*,#795,.T.);
#496=ORIENTED_EDGE('',*,*,#796,.F.);
#497=ORIENTED_EDGE('',*,*,#797,.F.);
#498=ORIENTED_EDGE('',*,*,#797,.T.);
#499=ORIENTED_EDGE('',*,*,#798,.F.);
#500=ORIENTED_EDGE('',*,*,#773,.F.);
#501=ORIENTED_EDGE('',*,*,#750,.T.);
#502=ORIENTED_EDGE('',*,*,#796,.T.);
#503=ORIENTED_EDGE('',*,*,#799,.F.);
#504=ORIENTED_EDGE('',*,*,#774,.F.);
#505=ORIENTED_EDGE('',*,*,#798,.T.);
#506=ORIENTED_EDGE('',*,*,#795,.F.);
#507=ORIENTED_EDGE('',*,*,#800,.F.);
#508=ORIENTED_EDGE('',*,*,#775,.T.);
#509=ORIENTED_EDGE('',*,*,#799,.T.);
#510=ORIENTED_EDGE('',*,*,#794,.T.);
#511=ORIENTED_EDGE('',*,*,#755,.F.);
#512=ORIENTED_EDGE('',*,*,#776,.F.);
#513=ORIENTED_EDGE('',*,*,#800,.T.);
#514=ORIENTED_EDGE('',*,*,#771,.T.);
#515=ORIENTED_EDGE('',*,*,#792,.F.);
#516=ORIENTED_EDGE('',*,*,#770,.T.);
#517=ORIENTED_EDGE('',*,*,#791,.F.);
#518=ORIENTED_EDGE('',*,*,#769,.T.);
#519=ORIENTED_EDGE('',*,*,#790,.F.);
#520=ORIENTED_EDGE('',*,*,#768,.T.);
#521=ORIENTED_EDGE('',*,*,#789,.F.);
#522=ORIENTED_EDGE('',*,*,#767,.T.);
#523=ORIENTED_EDGE('',*,*,#788,.F.);
#524=ORIENTED_EDGE('',*,*,#766,.T.);
#525=ORIENTED_EDGE('',*,*,#787,.F.);
#526=ORIENTED_EDGE('',*,*,#765,.T.);
#527=ORIENTED_EDGE('',*,*,#786,.F.);
#528=ORIENTED_EDGE('',*,*,#764,.T.);
#529=ORIENTED_EDGE('',*,*,#785,.F.);
#530=ORIENTED_EDGE('',*,*,#763,.T.);
#531=ORIENTED_EDGE('',*,*,#784,.F.);
#532=ORIENTED_EDGE('',*,*,#762,.T.);
#533=ORIENTED_EDGE('',*,*,#783,.F.);
#534=ORIENTED_EDGE('',*,*,#761,.T.);
#535=ORIENTED_EDGE('',*,*,#782,.F.);
#536=ORIENTED_EDGE('',*,*,#760,.T.);
#537=ORIENTED_EDGE('',*,*,#781,.F.);
#538=ORIENTED_EDGE('',*,*,#759,.T.);
#539=ORIENTED_EDGE('',*,*,#780,.F.);
#540=ORIENTED_EDGE('',*,*,#758,.T.);
#541=ORIENTED_EDGE('',*,*,#779,.F.);
#542=ORIENTED_EDGE('',*,*,#757,.T.);
#543=ORIENTED_EDGE('',*,*,#778,.F.);
#544=ORIENTED_EDGE('',*,*,#756,.T.);
#545=ORIENTED_EDGE('',*,*,#777,.F.);
#546=ORIENTED_EDGE('',*,*,#772,.T.);
#547=ORIENTED_EDGE('',*,*,#793,.F.);
#548=ORIENTED_EDGE('',*,*,#801,.T.);
#549=ORIENTED_EDGE('',*,*,#614,.T.);
#550=ORIENTED_EDGE('',*,*,#802,.F.);
#551=ORIENTED_EDGE('',*,*,#803,.T.);
#552=ORIENTED_EDGE('',*,*,#804,.F.);
#553=ORIENTED_EDGE('',*,*,#612,.T.);
#554=ORIENTED_EDGE('',*,*,#805,.T.);
#555=ORIENTED_EDGE('',*,*,#806,.F.);
#556=ORIENTED_EDGE('',*,*,#807,.F.);
#557=ORIENTED_EDGE('',*,*,#808,.F.);
#558=ORIENTED_EDGE('',*,*,#809,.F.);
#559=ORIENTED_EDGE('',*,*,#810,.F.);
#560=ORIENTED_EDGE('',*,*,#811,.F.);
#561=ORIENTED_EDGE('',*,*,#613,.F.);
#562=ORIENTED_EDGE('',*,*,#804,.T.);
#563=ORIENTED_EDGE('',*,*,#812,.T.);
#564=ORIENTED_EDGE('',*,*,#813,.F.);
#565=ORIENTED_EDGE('',*,*,#814,.F.);
#566=ORIENTED_EDGE('',*,*,#802,.T.);
#567=ORIENTED_EDGE('',*,*,#815,.T.);
#568=ORIENTED_EDGE('',*,*,#816,.T.);
#569=ORIENTED_EDGE('',*,*,#817,.T.);
#570=ORIENTED_EDGE('',*,*,#818,.T.);
#571=ORIENTED_EDGE('',*,*,#819,.T.);
#572=ORIENTED_EDGE('',*,*,#805,.F.);
#573=ORIENTED_EDGE('',*,*,#615,.T.);
#574=ORIENTED_EDGE('',*,*,#801,.F.);
#575=ORIENTED_EDGE('',*,*,#820,.T.);
#576=ORIENTED_EDGE('',*,*,#821,.T.);
#577=ORIENTED_EDGE('',*,*,#822,.F.);
#578=ORIENTED_EDGE('',*,*,#820,.F.);
#579=ORIENTED_EDGE('',*,*,#803,.F.);
#580=ORIENTED_EDGE('',*,*,#814,.T.);
#581=ORIENTED_EDGE('',*,*,#823,.T.);
#582=ORIENTED_EDGE('',*,*,#822,.T.);
#583=ORIENTED_EDGE('',*,*,#824,.F.);
#584=ORIENTED_EDGE('',*,*,#812,.F.);
#585=ORIENTED_EDGE('',*,*,#806,.T.);
#586=ORIENTED_EDGE('',*,*,#808,.T.);
#587=ORIENTED_EDGE('',*,*,#818,.F.);
#588=ORIENTED_EDGE('',*,*,#809,.T.);
#589=ORIENTED_EDGE('',*,*,#817,.F.);
#590=ORIENTED_EDGE('',*,*,#810,.T.);
#591=ORIENTED_EDGE('',*,*,#816,.F.);
#592=ORIENTED_EDGE('',*,*,#811,.T.);
#593=ORIENTED_EDGE('',*,*,#815,.F.);
#594=ORIENTED_EDGE('',*,*,#821,.F.);
#595=ORIENTED_EDGE('',*,*,#823,.F.);
#596=ORIENTED_EDGE('',*,*,#813,.T.);
#597=ORIENTED_EDGE('',*,*,#824,.T.);
#598=ORIENTED_EDGE('',*,*,#807,.T.);
#599=ORIENTED_EDGE('',*,*,#819,.F.);
#600=EDGE_CURVE('',#825,#826,#987,.T.);
#601=EDGE_CURVE('',#825,#827,#988,.F.);
#602=EDGE_CURVE('',#827,#828,#989,.T.);
#603=EDGE_CURVE('',#828,#826,#990,.T.);
#604=EDGE_CURVE('',#829,#830,#991,.T.);
#605=EDGE_CURVE('',#831,#830,#59,.T.);
#606=EDGE_CURVE('',#832,#831,#992,.T.);
#607=EDGE_CURVE('',#829,#832,#60,.T.);
#608=EDGE_CURVE('',#833,#834,#993,.T.);
#609=EDGE_CURVE('',#833,#835,#994,.T.);
#610=EDGE_CURVE('',#836,#835,#995,.T.);
#611=EDGE_CURVE('',#834,#836,#996,.T.);
#612=EDGE_CURVE('',#837,#838,#997,.T.);
#613=EDGE_CURVE('',#837,#839,#998,.T.);
#614=EDGE_CURVE('',#840,#839,#999,.T.);
#615=EDGE_CURVE('',#838,#840,#1000,.T.);
#616=EDGE_CURVE('',#841,#842,#1001,.T.);
#617=EDGE_CURVE('',#843,#842,#1002,.T.);
#618=EDGE_CURVE('',#844,#843,#1003,.T.);
#619=EDGE_CURVE('',#844,#841,#1004,.T.);
#620=EDGE_CURVE('',#845,#846,#1005,.T.);
#621=EDGE_CURVE('',#845,#847,#61,.T.);
#622=EDGE_CURVE('',#847,#848,#1006,.T.);
#623=EDGE_CURVE('',#848,#846,#62,.T.);
#624=EDGE_CURVE('',#849,#850,#1007,.T.);
#625=EDGE_CURVE('',#851,#849,#1008,.T.);
#626=EDGE_CURVE('',#851,#852,#1009,.T.);
#627=EDGE_CURVE('',#852,#850,#1010,.T.);
#628=EDGE_CURVE('',#853,#854,#63,.T.);
#629=EDGE_CURVE('',#853,#855,#1011,.T.);
#630=EDGE_CURVE('',#856,#855,#64,.T.);
#631=EDGE_CURVE('',#856,#857,#1012,.T.);
#632=EDGE_CURVE('',#858,#857,#65,.T.);
#633=EDGE_CURVE('',#859,#858,#1013,.T.);
#634=EDGE_CURVE('',#860,#859,#66,.T.);
#635=EDGE_CURVE('',#854,#860,#1014,.T.);
#636=EDGE_CURVE('',#861,#862,#1015,.T.);
#637=EDGE_CURVE('',#861,#863,#1016,.F.);
#638=EDGE_CURVE('',#863,#864,#1017,.T.);
#639=EDGE_CURVE('',#864,#862,#1018,.T.);
#640=EDGE_CURVE('',#827,#861,#67,.F.);
#641=EDGE_CURVE('',#862,#828,#68,.T.);
#642=EDGE_CURVE('',#865,#866,#1019,.T.);
#643=EDGE_CURVE('',#865,#825,#69,.F.);
#644=EDGE_CURVE('',#826,#866,#70,.T.);
#645=EDGE_CURVE('',#867,#868,#71,.T.);
#646=EDGE_CURVE('',#867,#869,#1020,.T.);
#647=EDGE_CURVE('',#870,#869,#72,.T.);
#648=EDGE_CURVE('',#871,#870,#1021,.T.);
#649=EDGE_CURVE('',#872,#871,#73,.T.);
#650=EDGE_CURVE('',#873,#872,#1022,.T.);
#651=EDGE_CURVE('',#874,#873,#74,.T.);
#652=EDGE_CURVE('',#874,#868,#1023,.T.);
#653=EDGE_CURVE('',#875,#876,#1024,.T.);
#654=EDGE_CURVE('',#875,#865,#1025,.T.);
#655=EDGE_CURVE('',#876,#866,#1026,.T.);
#656=EDGE_CURVE('',#877,#878,#1027,.T.);
#657=EDGE_CURVE('',#877,#875,#75,.F.);
#658=EDGE_CURVE('',#876,#878,#76,.T.);
#659=EDGE_CURVE('',#879,#880,#1028,.T.);
#660=EDGE_CURVE('',#879,#881,#1029,.T.);
#661=EDGE_CURVE('',#882,#881,#77,.T.);
#662=EDGE_CURVE('',#882,#877,#1030,.T.);
#663=EDGE_CURVE('',#880,#878,#1031,.T.);
#664=EDGE_CURVE('',#863,#879,#78,.F.);
#665=EDGE_CURVE('',#880,#864,#79,.T.);
#666=EDGE_CURVE('',#883,#884,#80,.T.);
#667=EDGE_CURVE('',#884,#885,#1032,.T.);
#668=EDGE_CURVE('',#885,#886,#81,.T.);
#669=EDGE_CURVE('',#886,#887,#1033,.T.);
#670=EDGE_CURVE('',#887,#888,#82,.T.);
#671=EDGE_CURVE('',#888,#889,#1034,.F.);
#672=EDGE_CURVE('',#889,#890,#83,.T.);
#673=EDGE_CURVE('',#890,#883,#1035,.F.);
#674=EDGE_CURVE('',#891,#892,#1036,.F.);
#675=EDGE_CURVE('',#891,#893,#84,.F.);
#676=EDGE_CURVE('',#893,#894,#1037,.T.);
#677=EDGE_CURVE('',#894,#841,#85,.T.);
#678=EDGE_CURVE('',#895,#844,#86,.T.);
#679=EDGE_CURVE('',#895,#896,#1038,.T.);
#680=EDGE_CURVE('',#892,#896,#87,.F.);
#681=EDGE_CURVE('',#893,#897,#1039,.T.);
#682=EDGE_CURVE('',#898,#897,#1040,.T.);
#683=EDGE_CURVE('',#896,#898,#1041,.T.);
#684=EDGE_CURVE('',#899,#895,#1042,.T.);
#685=EDGE_CURVE('',#899,#900,#1043,.T.);
#686=EDGE_CURVE('',#900,#894,#1044,.T.);
#687=EDGE_CURVE('',#901,#900,#88,.T.);
#688=EDGE_CURVE('',#902,#899,#89,.T.);
#689=EDGE_CURVE('',#902,#901,#1045,.T.);
#690=EDGE_CURVE('',#903,#904,#1046,.T.);
#691=EDGE_CURVE('',#905,#903,#1047,.T.);
#692=EDGE_CURVE('',#905,#906,#1048,.T.);
#693=EDGE_CURVE('',#904,#906,#1049,.T.);
#694=EDGE_CURVE('',#907,#908,#90,.T.);
#695=EDGE_CURVE('',#901,#907,#1050,.T.);
#696=EDGE_CURVE('',#902,#909,#1051,.T.);
#697=EDGE_CURVE('',#909,#910,#1052,.T.);
#698=EDGE_CURVE('',#908,#910,#1053,.T.);
#699=EDGE_CURVE('',#849,#910,#91,.T.);
#700=EDGE_CURVE('',#851,#909,#92,.T.);
#701=EDGE_CURVE('',#842,#850,#93,.T.);
#702=EDGE_CURVE('',#843,#852,#94,.T.);
#703=EDGE_CURVE('',#911,#912,#1054,.T.);
#704=EDGE_CURVE('',#911,#908,#1055,.T.);
#705=EDGE_CURVE('',#907,#912,#1056,.F.);
#706=EDGE_CURVE('',#853,#869,#1057,.T.);
#707=EDGE_CURVE('',#855,#867,#1058,.T.);
#708=EDGE_CURVE('',#856,#868,#1059,.T.);
#709=EDGE_CURVE('',#857,#874,#1060,.T.);
#710=EDGE_CURVE('',#858,#873,#1061,.T.);
#711=EDGE_CURVE('',#859,#872,#1062,.T.);
#712=EDGE_CURVE('',#860,#871,#1063,.T.);
#713=EDGE_CURVE('',#854,#870,#1064,.T.);
#714=EDGE_CURVE('',#881,#882,#16,.T.);
#715=EDGE_CURVE('',#912,#911,#95,.T.);
#716=EDGE_CURVE('',#846,#830,#1065,.T.);
#717=EDGE_CURVE('',#845,#829,#1066,.T.);
#718=EDGE_CURVE('',#847,#832,#1067,.T.);
#719=EDGE_CURVE('',#848,#831,#1068,.T.);
#720=EDGE_CURVE('',#865,#888,#96,.T.);
#721=EDGE_CURVE('',#889,#875,#97,.T.);
#722=EDGE_CURVE('',#890,#877,#98,.T.);
#723=EDGE_CURVE('',#825,#887,#99,.T.);
#724=EDGE_CURVE('',#883,#879,#100,.T.);
#725=EDGE_CURVE('',#827,#886,#101,.T.);
#726=EDGE_CURVE('',#884,#863,#102,.T.);
#727=EDGE_CURVE('',#861,#885,#103,.T.);
#728=EDGE_CURVE('',#913,#914,#1069,.T.);
#729=EDGE_CURVE('',#915,#914,#1070,.T.);
#730=EDGE_CURVE('',#916,#915,#1071,.T.);
#731=EDGE_CURVE('',#916,#913,#1072,.T.);
#732=EDGE_CURVE('',#914,#917,#1073,.T.);
#733=EDGE_CURVE('',#918,#917,#1074,.T.);
#734=EDGE_CURVE('',#915,#918,#1075,.T.);
#735=EDGE_CURVE('',#919,#917,#1076,.T.);
#736=EDGE_CURVE('',#920,#919,#1077,.T.);
#737=EDGE_CURVE('',#920,#918,#1078,.T.);
#738=EDGE_CURVE('',#921,#919,#1079,.T.);
#739=EDGE_CURVE('',#922,#921,#1080,.T.);
#740=EDGE_CURVE('',#922,#920,#1081,.T.);
#741=EDGE_CURVE('',#905,#921,#1082,.T.);
#742=EDGE_CURVE('',#903,#922,#1083,.T.);
#743=EDGE_CURVE('',#923,#904,#1084,.T.);
#744=EDGE_CURVE('',#924,#906,#1085,.T.);
#745=EDGE_CURVE('',#923,#924,#1086,.T.);
#746=EDGE_CURVE('',#924,#913,#1087,.T.);
#747=EDGE_CURVE('',#923,#916,#1088,.T.);
#748=EDGE_CURVE('',#833,#925,#1089,.T.);
#749=EDGE_CURVE('',#834,#926,#1090,.T.);
#750=EDGE_CURVE('',#925,#926,#1091,.T.);
#751=EDGE_CURVE('',#892,#836,#1092,.T.);
#752=EDGE_CURVE('',#891,#835,#1093,.T.);
#753=EDGE_CURVE('',#927,#898,#1094,.T.);
#754=EDGE_CURVE('',#928,#897,#1095,.T.);
#755=EDGE_CURVE('',#928,#927,#1096,.T.);
#756=EDGE_CURVE('',#929,#929,#104,.T.);
#757=EDGE_CURVE('',#930,#930,#105,.T.);
#758=EDGE_CURVE('',#931,#931,#106,.T.);
#759=EDGE_CURVE('',#932,#932,#107,.T.);
#760=EDGE_CURVE('',#933,#933,#108,.T.);
#761=EDGE_CURVE('',#934,#934,#109,.T.);
#762=EDGE_CURVE('',#935,#935,#110,.T.);
#763=EDGE_CURVE('',#936,#936,#111,.T.);
#764=EDGE_CURVE('',#937,#937,#112,.T.);
#765=EDGE_CURVE('',#938,#938,#113,.T.);
#766=EDGE_CURVE('',#939,#939,#114,.T.);
#767=EDGE_CURVE('',#940,#940,#115,.T.);
#768=EDGE_CURVE('',#941,#941,#116,.T.);
#769=EDGE_CURVE('',#942,#942,#117,.T.);
#770=EDGE_CURVE('',#943,#943,#118,.T.);
#771=EDGE_CURVE('',#944,#944,#119,.T.);
#772=EDGE_CURVE('',#945,#945,#120,.T.);
#773=EDGE_CURVE('',#925,#946,#1097,.T.);
#774=EDGE_CURVE('',#946,#947,#1098,.T.);
#775=EDGE_CURVE('',#948,#947,#121,.T.);
#776=EDGE_CURVE('',#948,#928,#1099,.T.);
#777=EDGE_CURVE('',#949,#949,#122,.T.);
#778=EDGE_CURVE('',#950,#950,#123,.T.);
#779=EDGE_CURVE('',#951,#951,#124,.T.);
#780=EDGE_CURVE('',#952,#952,#125,.T.);
#781=EDGE_CURVE('',#953,#953,#126,.T.);
#782=EDGE_CURVE('',#954,#954,#127,.T.);
#783=EDGE_CURVE('',#955,#955,#128,.T.);
#784=EDGE_CURVE('',#956,#956,#129,.T.);
#785=EDGE_CURVE('',#957,#957,#130,.T.);
#786=EDGE_CURVE('',#958,#958,#131,.T.);
#787=EDGE_CURVE('',#959,#959,#132,.T.);
#788=EDGE_CURVE('',#960,#960,#133,.T.);
#789=EDGE_CURVE('',#961,#961,#134,.T.);
#790=EDGE_CURVE('',#962,#962,#135,.T.);
#791=EDGE_CURVE('',#963,#963,#136,.T.);
#792=EDGE_CURVE('',#964,#964,#137,.T.);
#793=EDGE_CURVE('',#965,#965,#138,.T.);
#794=EDGE_CURVE('',#966,#927,#1100,.T.);
#795=EDGE_CURVE('',#966,#967,#139,.T.);
#796=EDGE_CURVE('',#968,#967,#1101,.T.);
#797=EDGE_CURVE('',#926,#968,#1102,.T.);
#798=EDGE_CURVE('',#946,#968,#1103,.T.);
#799=EDGE_CURVE('',#947,#967,#1104,.T.);
#800=EDGE_CURVE('',#948,#966,#1105,.T.);
#801=EDGE_CURVE('',#969,#840,#1106,.T.);
#802=EDGE_CURVE('',#970,#839,#1107,.T.);
#803=EDGE_CURVE('',#970,#969,#1108,.T.);
#804=EDGE_CURVE('',#837,#971,#1109,.T.);
#805=EDGE_CURVE('',#838,#972,#1110,.T.);
#806=EDGE_CURVE('',#971,#972,#1111,.T.);
#807=EDGE_CURVE('',#973,#973,#140,.T.);
#808=EDGE_CURVE('',#974,#974,#141,.T.);
#809=EDGE_CURVE('',#975,#975,#142,.T.);
#810=EDGE_CURVE('',#976,#976,#143,.T.);
#811=EDGE_CURVE('',#977,#977,#144,.T.);
#812=EDGE_CURVE('',#971,#978,#1112,.T.);
#813=EDGE_CURVE('',#979,#978,#1113,.T.);
#814=EDGE_CURVE('',#970,#979,#1114,.T.);
#815=EDGE_CURVE('',#980,#980,#145,.T.);
#816=EDGE_CURVE('',#981,#981,#146,.T.);
#817=EDGE_CURVE('',#982,#982,#147,.T.);
#818=EDGE_CURVE('',#983,#983,#148,.T.);
#819=EDGE_CURVE('',#984,#984,#149,.T.);
#820=EDGE_CURVE('',#969,#985,#1115,.T.);
#821=EDGE_CURVE('',#985,#986,#1116,.T.);
#822=EDGE_CURVE('',#972,#986,#1117,.T.);
#823=EDGE_CURVE('',#979,#985,#1118,.T.);
#824=EDGE_CURVE('',#978,#986,#1119,.T.);
#825=VERTEX_POINT('',#2397);
#826=VERTEX_POINT('',#2398);
#827=VERTEX_POINT('',#2400);
#828=VERTEX_POINT('',#2402);
#829=VERTEX_POINT('',#2405);
#830=VERTEX_POINT('',#2406);
#831=VERTEX_POINT('',#2408);
#832=VERTEX_POINT('',#2410);
#833=VERTEX_POINT('',#2414);
#834=VERTEX_POINT('',#2415);
#835=VERTEX_POINT('',#2417);
#836=VERTEX_POINT('',#2419);
#837=VERTEX_POINT('',#2422);
#838=VERTEX_POINT('',#2423);
#839=VERTEX_POINT('',#2425);
#840=VERTEX_POINT('',#2427);
#841=VERTEX_POINT('',#2430);
#842=VERTEX_POINT('',#2431);
#843=VERTEX_POINT('',#2433);
#844=VERTEX_POINT('',#2435);
#845=VERTEX_POINT('',#2438);
#846=VERTEX_POINT('',#2439);
#847=VERTEX_POINT('',#2441);
#848=VERTEX_POINT('',#2443);
#849=VERTEX_POINT('',#2447);
#850=VERTEX_POINT('',#2448);
#851=VERTEX_POINT('',#2450);
#852=VERTEX_POINT('',#2452);
#853=VERTEX_POINT('',#2455);
#854=VERTEX_POINT('',#2456);
#855=VERTEX_POINT('',#2458);
#856=VERTEX_POINT('',#2460);
#857=VERTEX_POINT('',#2462);
#858=VERTEX_POINT('',#2464);
#859=VERTEX_POINT('',#2466);
#860=VERTEX_POINT('',#2468);
#861=VERTEX_POINT('',#2472);
#862=VERTEX_POINT('',#2473);
#863=VERTEX_POINT('',#2475);
#864=VERTEX_POINT('',#2477);
#865=VERTEX_POINT('',#2484);
#866=VERTEX_POINT('',#2485);
#867=VERTEX_POINT('',#2490);
#868=VERTEX_POINT('',#2491);
#869=VERTEX_POINT('',#2493);
#870=VERTEX_POINT('',#2495);
#871=VERTEX_POINT('',#2497);
#872=VERTEX_POINT('',#2499);
#873=VERTEX_POINT('',#2501);
#874=VERTEX_POINT('',#2503);
#875=VERTEX_POINT('',#2506);
#876=VERTEX_POINT('',#2507);
#877=VERTEX_POINT('',#2512);
#878=VERTEX_POINT('',#2513);
#879=VERTEX_POINT('',#2518);
#880=VERTEX_POINT('',#2519);
#881=VERTEX_POINT('',#2521);
#882=VERTEX_POINT('',#2523);
#883=VERTEX_POINT('',#2531);
#884=VERTEX_POINT('',#2532);
#885=VERTEX_POINT('',#2534);
#886=VERTEX_POINT('',#2536);
#887=VERTEX_POINT('',#2538);
#888=VERTEX_POINT('',#2540);
#889=VERTEX_POINT('',#2542);
#890=VERTEX_POINT('',#2544);
#891=VERTEX_POINT('',#2548);
#892=VERTEX_POINT('',#2549);
#893=VERTEX_POINT('',#2551);
#894=VERTEX_POINT('',#2553);
#895=VERTEX_POINT('',#2556);
#896=VERTEX_POINT('',#2558);
#897=VERTEX_POINT('',#2562);
#898=VERTEX_POINT('',#2564);
#899=VERTEX_POINT('',#2567);
#900=VERTEX_POINT('',#2569);
#901=VERTEX_POINT('',#2573);
#902=VERTEX_POINT('',#2575);
#903=VERTEX_POINT('',#2579);
#904=VERTEX_POINT('',#2580);
#905=VERTEX_POINT('',#2582);
#906=VERTEX_POINT('',#2584);
#907=VERTEX_POINT('',#2587);
#908=VERTEX_POINT('',#2588);
#909=VERTEX_POINT('',#2591);
#910=VERTEX_POINT('',#2593);
#911=VERTEX_POINT('',#2604);
#912=VERTEX_POINT('',#2605);
#913=VERTEX_POINT('',#2658);
#914=VERTEX_POINT('',#2659);
#915=VERTEX_POINT('',#2661);
#916=VERTEX_POINT('',#2663);
#917=VERTEX_POINT('',#2667);
#918=VERTEX_POINT('',#2669);
#919=VERTEX_POINT('',#2673);
#920=VERTEX_POINT('',#2675);
#921=VERTEX_POINT('',#2679);
#922=VERTEX_POINT('',#2681);
#923=VERTEX_POINT('',#2688);
#924=VERTEX_POINT('',#2690);
#925=VERTEX_POINT('',#2699);
#926=VERTEX_POINT('',#2701);
#927=VERTEX_POINT('',#2708);
#928=VERTEX_POINT('',#2710);
#929=VERTEX_POINT('',#2714);
#930=VERTEX_POINT('',#2716);
#931=VERTEX_POINT('',#2718);
#932=VERTEX_POINT('',#2720);
#933=VERTEX_POINT('',#2722);
#934=VERTEX_POINT('',#2724);
#935=VERTEX_POINT('',#2726);
#936=VERTEX_POINT('',#2728);
#937=VERTEX_POINT('',#2730);
#938=VERTEX_POINT('',#2732);
#939=VERTEX_POINT('',#2734);
#940=VERTEX_POINT('',#2736);
#941=VERTEX_POINT('',#2738);
#942=VERTEX_POINT('',#2740);
#943=VERTEX_POINT('',#2742);
#944=VERTEX_POINT('',#2744);
#945=VERTEX_POINT('',#2746);
#946=VERTEX_POINT('',#2748);
#947=VERTEX_POINT('',#2750);
#948=VERTEX_POINT('',#2752);
#949=VERTEX_POINT('',#2756);
#950=VERTEX_POINT('',#2758);
#951=VERTEX_POINT('',#2760);
#952=VERTEX_POINT('',#2762);
#953=VERTEX_POINT('',#2764);
#954=VERTEX_POINT('',#2766);
#955=VERTEX_POINT('',#2768);
#956=VERTEX_POINT('',#2770);
#957=VERTEX_POINT('',#2772);
#958=VERTEX_POINT('',#2774);
#959=VERTEX_POINT('',#2776);
#960=VERTEX_POINT('',#2778);
#961=VERTEX_POINT('',#2780);
#962=VERTEX_POINT('',#2782);
#963=VERTEX_POINT('',#2784);
#964=VERTEX_POINT('',#2786);
#965=VERTEX_POINT('',#2788);
#966=VERTEX_POINT('',#2790);
#967=VERTEX_POINT('',#2792);
#968=VERTEX_POINT('',#2794);
#969=VERTEX_POINT('',#2822);
#970=VERTEX_POINT('',#2824);
#971=VERTEX_POINT('',#2828);
#972=VERTEX_POINT('',#2830);
#973=VERTEX_POINT('',#2834);
#974=VERTEX_POINT('',#2836);
#975=VERTEX_POINT('',#2838);
#976=VERTEX_POINT('',#2840);
#977=VERTEX_POINT('',#2842);
#978=VERTEX_POINT('',#2844);
#979=VERTEX_POINT('',#2846);
#980=VERTEX_POINT('',#2850);
#981=VERTEX_POINT('',#2852);
#982=VERTEX_POINT('',#2854);
#983=VERTEX_POINT('',#2856);
#984=VERTEX_POINT('',#2858);
#985=VERTEX_POINT('',#2860);
#986=VERTEX_POINT('',#2862);
#987=LINE('',#2396,#1120);
#988=LINE('',#2399,#1121);
#989=LINE('',#2401,#1122);
#990=LINE('',#2403,#1123);
#991=LINE('',#2404,#1124);
#992=LINE('',#2409,#1125);
#993=LINE('',#2413,#1126);
#994=LINE('',#2416,#1127);
#995=LINE('',#2418,#1128);
#996=LINE('',#2420,#1129);
#997=LINE('',#2421,#1130);
#998=LINE('',#2424,#1131);
#999=LINE('',#2426,#1132);
#1000=LINE('',#2428,#1133);
#1001=LINE('',#2429,#1134);
#1002=LINE('',#2432,#1135);
#1003=LINE('',#2434,#1136);
#1004=LINE('',#2436,#1137);
#1005=LINE('',#2437,#1138);
#1006=LINE('',#2442,#1139);
#1007=LINE('',#2446,#1140);
#1008=LINE('',#2449,#1141);
#1009=LINE('',#2451,#1142);
#1010=LINE('',#2453,#1143);
#1011=LINE('',#2457,#1144);
#1012=LINE('',#2461,#1145);
#1013=LINE('',#2465,#1146);
#1014=LINE('',#2469,#1147);
#1015=LINE('',#2471,#1148);
#1016=LINE('',#2474,#1149);
#1017=LINE('',#2476,#1150);
#1018=LINE('',#2478,#1151);
#1019=LINE('',#2483,#1152);
#1020=LINE('',#2492,#1153);
#1021=LINE('',#2496,#1154);
#1022=LINE('',#2500,#1155);
#1023=LINE('',#2504,#1156);
#1024=LINE('',#2505,#1157);
#1025=LINE('',#2508,#1158);
#1026=LINE('',#2509,#1159);
#1027=LINE('',#2511,#1160);
#1028=LINE('',#2517,#1161);
#1029=LINE('',#2520,#1162);
#1030=LINE('',#2524,#1163);
#1031=LINE('',#2525,#1164);
#1032=LINE('',#2533,#1165);
#1033=LINE('',#2537,#1166);
#1034=LINE('',#2541,#1167);
#1035=LINE('',#2545,#1168);
#1036=LINE('',#2547,#1169);
#1037=LINE('',#2552,#1170);
#1038=LINE('',#2557,#1171);
#1039=LINE('',#2561,#1172);
#1040=LINE('',#2563,#1173);
#1041=LINE('',#2565,#1174);
#1042=LINE('',#2566,#1175);
#1043=LINE('',#2568,#1176);
#1044=LINE('',#2570,#1177);
#1045=LINE('',#2576,#1178);
#1046=LINE('',#2578,#1179);
#1047=LINE('',#2581,#1180);
#1048=LINE('',#2583,#1181);
#1049=LINE('',#2585,#1182);
#1050=LINE('',#2589,#1183);
#1051=LINE('',#2590,#1184);
#1052=LINE('',#2592,#1185);
#1053=LINE('',#2594,#1186);
#1054=LINE('',#2603,#1187);
#1055=LINE('',#2606,#1188);
#1056=LINE('',#2607,#1189);
#1057=LINE('',#2609,#1190);
#1058=LINE('',#2610,#1191);
#1059=LINE('',#2612,#1192);
#1060=LINE('',#2614,#1193);
#1061=LINE('',#2616,#1194);
#1062=LINE('',#2618,#1195);
#1063=LINE('',#2620,#1196);
#1064=LINE('',#2622,#1197);
#1065=LINE('',#2633,#1198);
#1066=LINE('',#2634,#1199);
#1067=LINE('',#2636,#1200);
#1068=LINE('',#2638,#1201);
#1069=LINE('',#2657,#1202);
#1070=LINE('',#2660,#1203);
#1071=LINE('',#2662,#1204);
#1072=LINE('',#2664,#1205);
#1073=LINE('',#2666,#1206);
#1074=LINE('',#2668,#1207);
#1075=LINE('',#2670,#1208);
#1076=LINE('',#2672,#1209);
#1077=LINE('',#2674,#1210);
#1078=LINE('',#2676,#1211);
#1079=LINE('',#2678,#1212);
#1080=LINE('',#2680,#1213);
#1081=LINE('',#2682,#1214);
#1082=LINE('',#2684,#1215);
#1083=LINE('',#2685,#1216);
#1084=LINE('',#2687,#1217);
#1085=LINE('',#2689,#1218);
#1086=LINE('',#2691,#1219);
#1087=LINE('',#2693,#1220);
#1088=LINE('',#2694,#1221);
#1089=LINE('',#2698,#1222);
#1090=LINE('',#2700,#1223);
#1091=LINE('',#2702,#1224);
#1092=LINE('',#2704,#1225);
#1093=LINE('',#2705,#1226);
#1094=LINE('',#2707,#1227);
#1095=LINE('',#2709,#1228);
#1096=LINE('',#2711,#1229);
#1097=LINE('',#2747,#1230);
#1098=LINE('',#2749,#1231);
#1099=LINE('',#2753,#1232);
#1100=LINE('',#2789,#1233);
#1101=LINE('',#2793,#1234);
#1102=LINE('',#2795,#1235);
#1103=LINE('',#2797,#1236);
#1104=LINE('',#2799,#1237);
#1105=LINE('',#2801,#1238);
#1106=LINE('',#2821,#1239);
#1107=LINE('',#2823,#1240);
#1108=LINE('',#2825,#1241);
#1109=LINE('',#2827,#1242);
#1110=LINE('',#2829,#1243);
#1111=LINE('',#2831,#1244);
#1112=LINE('',#2843,#1245);
#1113=LINE('',#2845,#1246);
#1114=LINE('',#2847,#1247);
#1115=LINE('',#2859,#1248);
#1116=LINE('',#2861,#1249);
#1117=LINE('',#2863,#1250);
#1118=LINE('',#2865,#1251);
#1119=LINE('',#2867,#1252);
#1120=VECTOR('',#1905,1.);
#1121=VECTOR('',#1906,1.);
#1122=VECTOR('',#1907,1.);
#1123=VECTOR('',#1908,1.);
#1124=VECTOR('',#1909,1.);
#1125=VECTOR('',#1912,1.);
#1126=VECTOR('',#1917,1.);
#1127=VECTOR('',#1918,1.);
#1128=VECTOR('',#1919,1.);
#1129=VECTOR('',#1920,1.);
#1130=VECTOR('',#1921,1.);
#1131=VECTOR('',#1922,1.);
#1132=VECTOR('',#1923,1.);
#1133=VECTOR('',#1924,1.);
#1134=VECTOR('',#1925,1.);
#1135=VECTOR('',#1926,1.);
#1136=VECTOR('',#1927,1.);
#1137=VECTOR('',#1928,1.);
#1138=VECTOR('',#1929,1.);
#1139=VECTOR('',#1932,1.);
#1140=VECTOR('',#1937,1.);
#1141=VECTOR('',#1938,1.);
#1142=VECTOR('',#1939,1.);
#1143=VECTOR('',#1940,1.);
#1144=VECTOR('',#1943,1.);
#1145=VECTOR('',#1946,1.);
#1146=VECTOR('',#1949,1.);
#1147=VECTOR('',#1952,1.);
#1148=VECTOR('',#1955,1.);
#1149=VECTOR('',#1956,1.);
#1150=VECTOR('',#1957,1.);
#1151=VECTOR('',#1958,1.);
#1152=VECTOR('',#1967,1.);
#1153=VECTOR('',#1976,1.);
#1154=VECTOR('',#1979,1.);
#1155=VECTOR('',#1982,1.);
#1156=VECTOR('',#1985,1.);
#1157=VECTOR('',#1986,1.);
#1158=VECTOR('',#1987,1.);
#1159=VECTOR('',#1988,1.);
#1160=VECTOR('',#1991,1.);
#1161=VECTOR('',#1998,1.);
#1162=VECTOR('',#1999,1.);
#1163=VECTOR('',#2002,1.);
#1164=VECTOR('',#2003,1.);
#1165=VECTOR('',#2014,1.);
#1166=VECTOR('',#2017,1.);
#1167=VECTOR('',#2020,1.);
#1168=VECTOR('',#2023,1.);
#1169=VECTOR('',#2026,1.);
#1170=VECTOR('',#2029,1.);
#1171=VECTOR('',#2034,1.);
#1172=VECTOR('',#2039,1.);
#1173=VECTOR('',#2040,1.);
#1174=VECTOR('',#2041,1.);
#1175=VECTOR('',#2042,1.);
#1176=VECTOR('',#2043,1.);
#1177=VECTOR('',#2044,1.);
#1178=VECTOR('',#2051,1.);
#1179=VECTOR('',#2054,1.);
#1180=VECTOR('',#2055,1.);
#1181=VECTOR('',#2056,1.);
#1182=VECTOR('',#2057,1.);
#1183=VECTOR('',#2060,1.);
#1184=VECTOR('',#2061,1.);
#1185=VECTOR('',#2062,1.);
#1186=VECTOR('',#2063,1.);
#1187=VECTOR('',#2080,1.);
#1188=VECTOR('',#2081,1.);
#1189=VECTOR('',#2082,1.);
#1190=VECTOR('',#2085,1.);
#1191=VECTOR('',#2086,1.);
#1192=VECTOR('',#2089,1.);
#1193=VECTOR('',#2092,1.);
#1194=VECTOR('',#2095,1.);
#1195=VECTOR('',#2098,1.);
#1196=VECTOR('',#2101,1.);
#1197=VECTOR('',#2104,1.);
#1198=VECTOR('',#2115,1.);
#1199=VECTOR('',#2116,1.);
#1200=VECTOR('',#2119,1.);
#1201=VECTOR('',#2122,1.);
#1202=VECTOR('',#2159,1.);
#1203=VECTOR('',#2160,1.);
#1204=VECTOR('',#2161,1.);
#1205=VECTOR('',#2162,1.);
#1206=VECTOR('',#2165,1.);
#1207=VECTOR('',#2166,1.);
#1208=VECTOR('',#2167,1.);
#1209=VECTOR('',#2170,1.);
#1210=VECTOR('',#2171,1.);
#1211=VECTOR('',#2172,1.);
#1212=VECTOR('',#2175,1.);
#1213=VECTOR('',#2176,1.);
#1214=VECTOR('',#2177,1.);
#1215=VECTOR('',#2180,1.);
#1216=VECTOR('',#2181,1.);
#1217=VECTOR('',#2184,1.);
#1218=VECTOR('',#2185,1.);
#1219=VECTOR('',#2186,1.);
#1220=VECTOR('',#2189,1.);
#1221=VECTOR('',#2190,1.);
#1222=VECTOR('',#2197,1.);
#1223=VECTOR('',#2198,1.);
#1224=VECTOR('',#2199,1.);
#1225=VECTOR('',#2202,1.);
#1226=VECTOR('',#2203,1.);
#1227=VECTOR('',#2206,1.);
#1228=VECTOR('',#2207,1.);
#1229=VECTOR('',#2208,1.);
#1230=VECTOR('',#2245,1.);
#1231=VECTOR('',#2246,1.);
#1232=VECTOR('',#2249,1.);
#1233=VECTOR('',#2286,1.);
#1234=VECTOR('',#2289,1.);
#1235=VECTOR('',#2290,1.);
#1236=VECTOR('',#2293,1.);
#1237=VECTOR('',#2296,1.);
#1238=VECTOR('',#2299,1.);
#1239=VECTOR('',#2338,1.);
#1240=VECTOR('',#2339,1.);
#1241=VECTOR('',#2340,1.);
#1242=VECTOR('',#2343,1.);
#1243=VECTOR('',#2344,1.);
#1244=VECTOR('',#2345,1.);
#1245=VECTOR('',#2358,1.);
#1246=VECTOR('',#2359,1.);
#1247=VECTOR('',#2360,1.);
#1248=VECTOR('',#2373,1.);
#1249=VECTOR('',#2374,1.);
#1250=VECTOR('',#2375,1.);
#1251=VECTOR('',#2378,1.);
#1252=VECTOR('',#2381,1.);
#1253=EDGE_LOOP('',(#150,#151,#152,#153));
#1254=EDGE_LOOP('',(#154,#155,#156,#157));
#1255=EDGE_LOOP('',(#158,#159,#160,#161));
#1256=EDGE_LOOP('',(#162,#163,#164,#165));
#1257=EDGE_LOOP('',(#166,#167,#168,#169));
#1258=EDGE_LOOP('',(#170,#171,#172,#173));
#1259=EDGE_LOOP('',(#174,#175,#176,#177));
#1260=EDGE_LOOP('',(#178,#179,#180,#181,#182,#183,#184,#185));
#1261=EDGE_LOOP('',(#186,#187,#188,#189));
#1262=EDGE_LOOP('',(#190,#191,#192,#193));
#1263=EDGE_LOOP('',(#194,#195,#196,#197));
#1264=EDGE_LOOP('',(#198,#199,#200,#201,#202,#203,#204,#205));
#1265=EDGE_LOOP('',(#206,#207,#208,#209));
#1266=EDGE_LOOP('',(#210,#211,#212,#213));
#1267=EDGE_LOOP('',(#214,#215,#216,#217,#218,#219));
#1268=EDGE_LOOP('',(#220,#221,#222,#223));
#1269=EDGE_LOOP('',(#224,#225,#226,#227,#228,#229,#230,#231));
#1270=EDGE_LOOP('',(#232,#233,#234,#235,#236,#237,#238,#239));
#1271=EDGE_LOOP('',(#240,#241,#242,#243,#244,#245,#246,#247));
#1272=EDGE_LOOP('',(#248,#249,#250,#251));
#1273=EDGE_LOOP('',(#252,#253,#254,#255));
#1274=EDGE_LOOP('',(#256,#257,#258,#259,#260,#261));
#1275=EDGE_LOOP('',(#262,#263,#264,#265));
#1276=EDGE_LOOP('',(#266,#267,#268,#269));
#1277=EDGE_LOOP('',(#270,#271,#272,#273,#274,#275,#276,#277));
#1278=EDGE_LOOP('',(#278,#279,#280,#281,#282,#283,#284,#285));
#1279=EDGE_LOOP('',(#286,#287,#288,#289,#290,#291,#292,#293,#294,#295,#296,
#297));
#1280=EDGE_LOOP('',(#298,#299,#300,#301));
#1281=EDGE_LOOP('',(#302,#303,#304,#305));
#1282=EDGE_LOOP('',(#306,#307,#308,#309));
#1283=EDGE_LOOP('',(#310,#311,#312,#313));
#1284=EDGE_LOOP('',(#314,#315,#316,#317));
#1285=EDGE_LOOP('',(#318,#319,#320,#321));
#1286=EDGE_LOOP('',(#322,#323,#324,#325));
#1287=EDGE_LOOP('',(#326,#327,#328,#329));
#1288=EDGE_LOOP('',(#330,#331));
#1289=EDGE_LOOP('',(#332,#333,#334,#335));
#1290=EDGE_LOOP('',(#336,#337));
#1291=EDGE_LOOP('',(#338,#339,#340,#341));
#1292=EDGE_LOOP('',(#342,#343,#344,#345));
#1293=EDGE_LOOP('',(#346,#347,#348,#349));
#1294=EDGE_LOOP('',(#350,#351,#352,#353));
#1295=EDGE_LOOP('',(#354,#355,#356,#357));
#1296=EDGE_LOOP('',(#358,#359,#360,#361));
#1297=EDGE_LOOP('',(#362,#363,#364,#365));
#1298=EDGE_LOOP('',(#366,#367,#368,#369,#370,#371));
#1299=EDGE_LOOP('',(#372,#373,#374,#375));
#1300=EDGE_LOOP('',(#376,#377,#378,#379));
#1301=EDGE_LOOP('',(#380,#381,#382,#383));
#1302=EDGE_LOOP('',(#384,#385,#386,#387));
#1303=EDGE_LOOP('',(#388,#389,#390,#391));
#1304=EDGE_LOOP('',(#392,#393,#394,#395));
#1305=EDGE_LOOP('',(#396,#397,#398,#399));
#1306=EDGE_LOOP('',(#400,#401,#402,#403));
#1307=EDGE_LOOP('',(#404,#405,#406,#407));
#1308=EDGE_LOOP('',(#408,#409,#410,#411));
#1309=EDGE_LOOP('',(#412,#413,#414,#415));
#1310=EDGE_LOOP('',(#416,#417,#418,#419,#420,#421,#422,#423));
#1311=EDGE_LOOP('',(#424,#425,#426,#427,#428,#429,#430,#431));
#1312=EDGE_LOOP('',(#432,#433,#434,#435));
#1313=EDGE_LOOP('',(#436,#437,#438,#439));
#1314=EDGE_LOOP('',(#440,#441,#442,#443));
#1315=EDGE_LOOP('',(#444));
#1316=EDGE_LOOP('',(#445));
#1317=EDGE_LOOP('',(#446));
#1318=EDGE_LOOP('',(#447));
#1319=EDGE_LOOP('',(#448));
#1320=EDGE_LOOP('',(#449));
#1321=EDGE_LOOP('',(#450));
#1322=EDGE_LOOP('',(#451));
#1323=EDGE_LOOP('',(#452));
#1324=EDGE_LOOP('',(#453));
#1325=EDGE_LOOP('',(#454));
#1326=EDGE_LOOP('',(#455));
#1327=EDGE_LOOP('',(#456));
#1328=EDGE_LOOP('',(#457));
#1329=EDGE_LOOP('',(#458));
#1330=EDGE_LOOP('',(#459));
#1331=EDGE_LOOP('',(#460));
#1332=EDGE_LOOP('',(#461,#462,#463,#464,#465,#466,#467,#468,#469,#470));
#1333=EDGE_LOOP('',(#471));
#1334=EDGE_LOOP('',(#472));
#1335=EDGE_LOOP('',(#473));
#1336=EDGE_LOOP('',(#474));
#1337=EDGE_LOOP('',(#475));
#1338=EDGE_LOOP('',(#476));
#1339=EDGE_LOOP('',(#477));
#1340=EDGE_LOOP('',(#478));
#1341=EDGE_LOOP('',(#479));
#1342=EDGE_LOOP('',(#480));
#1343=EDGE_LOOP('',(#481));
#1344=EDGE_LOOP('',(#482));
#1345=EDGE_LOOP('',(#483));
#1346=EDGE_LOOP('',(#484));
#1347=EDGE_LOOP('',(#485));
#1348=EDGE_LOOP('',(#486));
#1349=EDGE_LOOP('',(#487));
#1350=EDGE_LOOP('',(#488,#489,#490,#491,#492,#493,#494,#495,#496,#497));
#1351=EDGE_LOOP('',(#498,#499,#500,#501));
#1352=EDGE_LOOP('',(#502,#503,#504,#505));
#1353=EDGE_LOOP('',(#506,#507,#508,#509));
#1354=EDGE_LOOP('',(#510,#511,#512,#513));
#1355=EDGE_LOOP('',(#514));
#1356=EDGE_LOOP('',(#515));
#1357=EDGE_LOOP('',(#516));
#1358=EDGE_LOOP('',(#517));
#1359=EDGE_LOOP('',(#518));
#1360=EDGE_LOOP('',(#519));
#1361=EDGE_LOOP('',(#520));
#1362=EDGE_LOOP('',(#521));
#1363=EDGE_LOOP('',(#522));
#1364=EDGE_LOOP('',(#523));
#1365=EDGE_LOOP('',(#524));
#1366=EDGE_LOOP('',(#525));
#1367=EDGE_LOOP('',(#526));
#1368=EDGE_LOOP('',(#527));
#1369=EDGE_LOOP('',(#528));
#1370=EDGE_LOOP('',(#529));
#1371=EDGE_LOOP('',(#530));
#1372=EDGE_LOOP('',(#531));
#1373=EDGE_LOOP('',(#532));
#1374=EDGE_LOOP('',(#533));
#1375=EDGE_LOOP('',(#534));
#1376=EDGE_LOOP('',(#535));
#1377=EDGE_LOOP('',(#536));
#1378=EDGE_LOOP('',(#537));
#1379=EDGE_LOOP('',(#538));
#1380=EDGE_LOOP('',(#539));
#1381=EDGE_LOOP('',(#540));
#1382=EDGE_LOOP('',(#541));
#1383=EDGE_LOOP('',(#542));
#1384=EDGE_LOOP('',(#543));
#1385=EDGE_LOOP('',(#544));
#1386=EDGE_LOOP('',(#545));
#1387=EDGE_LOOP('',(#546));
#1388=EDGE_LOOP('',(#547));
#1389=EDGE_LOOP('',(#548,#549,#550,#551));
#1390=EDGE_LOOP('',(#552,#553,#554,#555));
#1391=EDGE_LOOP('',(#556));
#1392=EDGE_LOOP('',(#557));
#1393=EDGE_LOOP('',(#558));
#1394=EDGE_LOOP('',(#559));
#1395=EDGE_LOOP('',(#560));
#1396=EDGE_LOOP('',(#561,#562,#563,#564,#565,#566));
#1397=EDGE_LOOP('',(#567));
#1398=EDGE_LOOP('',(#568));
#1399=EDGE_LOOP('',(#569));
#1400=EDGE_LOOP('',(#570));
#1401=EDGE_LOOP('',(#571));
#1402=EDGE_LOOP('',(#572,#573,#574,#575,#576,#577));
#1403=EDGE_LOOP('',(#578,#579,#580,#581));
#1404=EDGE_LOOP('',(#582,#583,#584,#585));
#1405=EDGE_LOOP('',(#586));
#1406=EDGE_LOOP('',(#587));
#1407=EDGE_LOOP('',(#588));
#1408=EDGE_LOOP('',(#589));
#1409=EDGE_LOOP('',(#590));
#1410=EDGE_LOOP('',(#591));
#1411=EDGE_LOOP('',(#592));
#1412=EDGE_LOOP('',(#593));
#1413=EDGE_LOOP('',(#594,#595,#596,#597));
#1414=EDGE_LOOP('',(#598));
#1415=EDGE_LOOP('',(#599));
#1416=FACE_BOUND('',#1253,.T.);
#1417=FACE_BOUND('',#1254,.T.);
#1418=FACE_BOUND('',#1255,.T.);
#1419=FACE_BOUND('',#1256,.T.);
#1420=FACE_BOUND('',#1257,.T.);
#1421=FACE_BOUND('',#1258,.T.);
#1422=FACE_BOUND('',#1259,.T.);
#1423=FACE_BOUND('',#1260,.T.);
#1424=FACE_BOUND('',#1261,.T.);
#1425=FACE_BOUND('',#1262,.T.);
#1426=FACE_BOUND('',#1263,.T.);
#1427=FACE_BOUND('',#1264,.T.);
#1428=FACE_BOUND('',#1265,.T.);
#1429=FACE_BOUND('',#1266,.T.);
#1430=FACE_BOUND('',#1267,.T.);
#1431=FACE_BOUND('',#1268,.T.);
#1432=FACE_BOUND('',#1269,.T.);
#1433=FACE_BOUND('',#1270,.T.);
#1434=FACE_BOUND('',#1271,.T.);
#1435=FACE_BOUND('',#1272,.T.);
#1436=FACE_BOUND('',#1273,.T.);
#1437=FACE_BOUND('',#1274,.T.);
#1438=FACE_BOUND('',#1275,.T.);
#1439=FACE_BOUND('',#1276,.T.);
#1440=FACE_BOUND('',#1277,.T.);
#1441=FACE_BOUND('',#1278,.T.);
#1442=FACE_BOUND('',#1279,.T.);
#1443=FACE_BOUND('',#1280,.T.);
#1444=FACE_BOUND('',#1281,.T.);
#1445=FACE_BOUND('',#1282,.T.);
#1446=FACE_BOUND('',#1283,.T.);
#1447=FACE_BOUND('',#1284,.T.);
#1448=FACE_BOUND('',#1285,.T.);
#1449=FACE_BOUND('',#1286,.T.);
#1450=FACE_BOUND('',#1287,.T.);
#1451=FACE_BOUND('',#1288,.T.);
#1452=FACE_BOUND('',#1289,.T.);
#1453=FACE_BOUND('',#1290,.T.);
#1454=FACE_BOUND('',#1291,.T.);
#1455=FACE_BOUND('',#1292,.T.);
#1456=FACE_BOUND('',#1293,.T.);
#1457=FACE_BOUND('',#1294,.T.);
#1458=FACE_BOUND('',#1295,.T.);
#1459=FACE_BOUND('',#1296,.T.);
#1460=FACE_BOUND('',#1297,.T.);
#1461=FACE_BOUND('',#1298,.T.);
#1462=FACE_BOUND('',#1299,.T.);
#1463=FACE_BOUND('',#1300,.T.);
#1464=FACE_BOUND('',#1301,.T.);
#1465=FACE_BOUND('',#1302,.T.);
#1466=FACE_BOUND('',#1303,.T.);
#1467=FACE_BOUND('',#1304,.T.);
#1468=FACE_BOUND('',#1305,.T.);
#1469=FACE_BOUND('',#1306,.T.);
#1470=FACE_BOUND('',#1307,.T.);
#1471=FACE_BOUND('',#1308,.T.);
#1472=FACE_BOUND('',#1309,.T.);
#1473=FACE_BOUND('',#1310,.T.);
#1474=FACE_BOUND('',#1311,.T.);
#1475=FACE_BOUND('',#1312,.T.);
#1476=FACE_BOUND('',#1313,.T.);
#1477=FACE_BOUND('',#1314,.T.);
#1478=FACE_BOUND('',#1315,.T.);
#1479=FACE_BOUND('',#1316,.T.);
#1480=FACE_BOUND('',#1317,.T.);
#1481=FACE_BOUND('',#1318,.T.);
#1482=FACE_BOUND('',#1319,.T.);
#1483=FACE_BOUND('',#1320,.T.);
#1484=FACE_BOUND('',#1321,.T.);
#1485=FACE_BOUND('',#1322,.T.);
#1486=FACE_BOUND('',#1323,.T.);
#1487=FACE_BOUND('',#1324,.T.);
#1488=FACE_BOUND('',#1325,.T.);
#1489=FACE_BOUND('',#1326,.T.);
#1490=FACE_BOUND('',#1327,.T.);
#1491=FACE_BOUND('',#1328,.T.);
#1492=FACE_BOUND('',#1329,.T.);
#1493=FACE_BOUND('',#1330,.T.);
#1494=FACE_BOUND('',#1331,.T.);
#1495=FACE_BOUND('',#1332,.T.);
#1496=FACE_BOUND('',#1333,.T.);
#1497=FACE_BOUND('',#1334,.T.);
#1498=FACE_BOUND('',#1335,.T.);
#1499=FACE_BOUND('',#1336,.T.);
#1500=FACE_BOUND('',#1337,.T.);
#1501=FACE_BOUND('',#1338,.T.);
#1502=FACE_BOUND('',#1339,.T.);
#1503=FACE_BOUND('',#1340,.T.);
#1504=FACE_BOUND('',#1341,.T.);
#1505=FACE_BOUND('',#1342,.T.);
#1506=FACE_BOUND('',#1343,.T.);
#1507=FACE_BOUND('',#1344,.T.);
#1508=FACE_BOUND('',#1345,.T.);
#1509=FACE_BOUND('',#1346,.T.);
#1510=FACE_BOUND('',#1347,.T.);
#1511=FACE_BOUND('',#1348,.T.);
#1512=FACE_BOUND('',#1349,.T.);
#1513=FACE_BOUND('',#1350,.T.);
#1514=FACE_BOUND('',#1351,.T.);
#1515=FACE_BOUND('',#1352,.T.);
#1516=FACE_BOUND('',#1353,.T.);
#1517=FACE_BOUND('',#1354,.T.);
#1518=FACE_BOUND('',#1355,.T.);
#1519=FACE_BOUND('',#1356,.T.);
#1520=FACE_BOUND('',#1357,.T.);
#1521=FACE_BOUND('',#1358,.T.);
#1522=FACE_BOUND('',#1359,.T.);
#1523=FACE_BOUND('',#1360,.T.);
#1524=FACE_BOUND('',#1361,.T.);
#1525=FACE_BOUND('',#1362,.T.);
#1526=FACE_BOUND('',#1363,.T.);
#1527=FACE_BOUND('',#1364,.T.);
#1528=FACE_BOUND('',#1365,.T.);
#1529=FACE_BOUND('',#1366,.T.);
#1530=FACE_BOUND('',#1367,.T.);
#1531=FACE_BOUND('',#1368,.T.);
#1532=FACE_BOUND('',#1369,.T.);
#1533=FACE_BOUND('',#1370,.T.);
#1534=FACE_BOUND('',#1371,.T.);
#1535=FACE_BOUND('',#1372,.T.);
#1536=FACE_BOUND('',#1373,.T.);
#1537=FACE_BOUND('',#1374,.T.);
#1538=FACE_BOUND('',#1375,.T.);
#1539=FACE_BOUND('',#1376,.T.);
#1540=FACE_BOUND('',#1377,.T.);
#1541=FACE_BOUND('',#1378,.T.);
#1542=FACE_BOUND('',#1379,.T.);
#1543=FACE_BOUND('',#1380,.T.);
#1544=FACE_BOUND('',#1381,.T.);
#1545=FACE_BOUND('',#1382,.T.);
#1546=FACE_BOUND('',#1383,.T.);
#1547=FACE_BOUND('',#1384,.T.);
#1548=FACE_BOUND('',#1385,.T.);
#1549=FACE_BOUND('',#1386,.T.);
#1550=FACE_BOUND('',#1387,.T.);
#1551=FACE_BOUND('',#1388,.T.);
#1552=FACE_BOUND('',#1389,.T.);
#1553=FACE_BOUND('',#1390,.T.);
#1554=FACE_BOUND('',#1391,.T.);
#1555=FACE_BOUND('',#1392,.T.);
#1556=FACE_BOUND('',#1393,.T.);
#1557=FACE_BOUND('',#1394,.T.);
#1558=FACE_BOUND('',#1395,.T.);
#1559=FACE_BOUND('',#1396,.T.);
#1560=FACE_BOUND('',#1397,.T.);
#1561=FACE_BOUND('',#1398,.T.);
#1562=FACE_BOUND('',#1399,.T.);
#1563=FACE_BOUND('',#1400,.T.);
#1564=FACE_BOUND('',#1401,.T.);
#1565=FACE_BOUND('',#1402,.T.);
#1566=FACE_BOUND('',#1403,.T.);
#1567=FACE_BOUND('',#1404,.T.);
#1568=FACE_BOUND('',#1405,.T.);
#1569=FACE_BOUND('',#1406,.T.);
#1570=FACE_BOUND('',#1407,.T.);
#1571=FACE_BOUND('',#1408,.T.);
#1572=FACE_BOUND('',#1409,.T.);
#1573=FACE_BOUND('',#1410,.T.);
#1574=FACE_BOUND('',#1411,.T.);
#1575=FACE_BOUND('',#1412,.T.);
#1576=FACE_BOUND('',#1413,.T.);
#1577=FACE_BOUND('',#1414,.T.);
#1578=FACE_BOUND('',#1415,.T.);
#1579=PLANE('',#1722);
#1580=PLANE('',#1725);
#1581=PLANE('',#1728);
#1582=PLANE('',#1733);
#1583=PLANE('',#1740);
#1584=PLANE('',#1748);
#1585=PLANE('',#1753);
#1586=PLANE('',#1763);
#1587=PLANE('',#1767);
#1588=PLANE('',#1775);
#1589=PLANE('',#1776);
#1590=PLANE('',#1777);
#1591=PLANE('',#1779);
#1592=PLANE('',#1781);
#1593=PLANE('',#1783);
#1594=PLANE('',#1787);
#1595=PLANE('',#1788);
#1596=PLANE('',#1790);
#1597=PLANE('',#1808);
#1598=PLANE('',#1809);
#1599=PLANE('',#1810);
#1600=PLANE('',#1811);
#1601=PLANE('',#1812);
#1602=PLANE('',#1813);
#1603=PLANE('',#1814);
#1604=PLANE('',#1815);
#1605=PLANE('',#1816);
#1606=PLANE('',#1817);
#1607=PLANE('',#1818);
#1608=PLANE('',#1819);
#1609=PLANE('',#1820);
#1610=PLANE('',#1839);
#1611=PLANE('',#1858);
#1612=PLANE('',#1859);
#1613=PLANE('',#1861);
#1614=PLANE('',#1879);
#1615=PLANE('',#1880);
#1616=PLANE('',#1881);
#1617=PLANE('',#1887);
#1618=PLANE('',#1893);
#1619=PLANE('',#1894);
#1620=PLANE('',#1899);
#1621=ADVANCED_FACE('',(#1416,#1417),#1579,.F.);
#1622=ADVANCED_FACE('',(#1418,#1419,#1420,#1421),#1580,.F.);
#1623=ADVANCED_FACE('',(#1422,#1423),#1581,.T.);
#1624=ADVANCED_FACE('',(#1424),#1582,.F.);
#1625=ADVANCED_FACE('',(#1425),#17,.T.);
#1626=ADVANCED_FACE('',(#1426),#18,.T.);
#1627=ADVANCED_FACE('',(#1427,#1428),#1583,.T.);
#1628=ADVANCED_FACE('',(#1429),#19,.T.);
#1629=ADVANCED_FACE('',(#1430),#1584,.T.);
#1630=ADVANCED_FACE('',(#1431),#20,.T.);
#1631=ADVANCED_FACE('',(#1432),#1585,.T.);
#1632=ADVANCED_FACE('',(#1433),#21,.F.);
#1633=ADVANCED_FACE('',(#1434),#1586,.F.);
#1634=ADVANCED_FACE('',(#1435),#22,.F.);
#1635=ADVANCED_FACE('',(#1436,#1437),#1587,.T.);
#1636=ADVANCED_FACE('',(#1438),#23,.F.);
#1637=ADVANCED_FACE('',(#1439),#24,.F.);
#1638=ADVANCED_FACE('',(#1440,#1441),#1588,.F.);
#1639=ADVANCED_FACE('',(#1442),#1589,.F.);
#1640=ADVANCED_FACE('',(#1443),#1590,.T.);
#1641=ADVANCED_FACE('',(#1444),#25,.F.);
#1642=ADVANCED_FACE('',(#1445),#1591,.T.);
#1643=ADVANCED_FACE('',(#1446),#26,.F.);
#1644=ADVANCED_FACE('',(#1447),#1592,.F.);
#1645=ADVANCED_FACE('',(#1448),#27,.F.);
#1646=ADVANCED_FACE('',(#1449),#1593,.F.);
#1647=ADVANCED_FACE('',(#1450),#28,.F.);
#1648=ADVANCED_FACE('',(#1451,#1452),#29,.F.);
#1649=ADVANCED_FACE('',(#1453),#1594,.T.);
#1650=ADVANCED_FACE('',(#1454),#1595,.T.);
#1651=ADVANCED_FACE('',(#1455),#30,.F.);
#1652=ADVANCED_FACE('',(#1456),#1596,.F.);
#1653=ADVANCED_FACE('',(#1457),#31,.F.);
#1654=ADVANCED_FACE('',(#1458),#32,.T.);
#1655=ADVANCED_FACE('',(#1459),#12,.T.);
#1656=ADVANCED_FACE('',(#1460),#13,.T.);
#1657=ADVANCED_FACE('',(#1461),#33,.T.);
#1658=ADVANCED_FACE('',(#1462),#34,.T.);
#1659=ADVANCED_FACE('',(#1463),#14,.T.);
#1660=ADVANCED_FACE('',(#1464),#15,.T.);
#1661=ADVANCED_FACE('',(#1465),#35,.T.);
#1662=ADVANCED_FACE('',(#1466),#1597,.F.);
#1663=ADVANCED_FACE('',(#1467),#1598,.F.);
#1664=ADVANCED_FACE('',(#1468),#1599,.T.);
#1665=ADVANCED_FACE('',(#1469),#1600,.T.);
#1666=ADVANCED_FACE('',(#1470),#1601,.T.);
#1667=ADVANCED_FACE('',(#1471),#1602,.T.);
#1668=ADVANCED_FACE('',(#1472),#1603,.F.);
#1669=ADVANCED_FACE('',(#1473),#1604,.T.);
#1670=ADVANCED_FACE('',(#1474),#1605,.F.);
#1671=ADVANCED_FACE('',(#1475),#1606,.F.);
#1672=ADVANCED_FACE('',(#1476),#1607,.F.);
#1673=ADVANCED_FACE('',(#1477),#1608,.F.);
#1674=ADVANCED_FACE('',(#1478,#1479,#1480,#1481,#1482,#1483,#1484,#1485,
#1486,#1487,#1488,#1489,#1490,#1491,#1492,#1493,#1494,#1495),#1609,.T.);
#1675=ADVANCED_FACE('',(#1496,#1497,#1498,#1499,#1500,#1501,#1502,#1503,
#1504,#1505,#1506,#1507,#1508,#1509,#1510,#1511,#1512,#1513),#1610,.F.);
#1676=ADVANCED_FACE('',(#1514),#1611,.F.);
#1677=ADVANCED_FACE('',(#1515),#1612,.F.);
#1678=ADVANCED_FACE('',(#1516),#36,.F.);
#1679=ADVANCED_FACE('',(#1517),#1613,.F.);
#1680=ADVANCED_FACE('',(#1518,#1519),#37,.F.);
#1681=ADVANCED_FACE('',(#1520,#1521),#38,.F.);
#1682=ADVANCED_FACE('',(#1522,#1523),#39,.F.);
#1683=ADVANCED_FACE('',(#1524,#1525),#40,.F.);
#1684=ADVANCED_FACE('',(#1526,#1527),#41,.F.);
#1685=ADVANCED_FACE('',(#1528,#1529),#42,.F.);
#1686=ADVANCED_FACE('',(#1530,#1531),#43,.F.);
#1687=ADVANCED_FACE('',(#1532,#1533),#44,.F.);
#1688=ADVANCED_FACE('',(#1534,#1535),#45,.F.);
#1689=ADVANCED_FACE('',(#1536,#1537),#46,.F.);
#1690=ADVANCED_FACE('',(#1538,#1539),#47,.F.);
#1691=ADVANCED_FACE('',(#1540,#1541),#48,.F.);
#1692=ADVANCED_FACE('',(#1542,#1543),#49,.F.);
#1693=ADVANCED_FACE('',(#1544,#1545),#50,.F.);
#1694=ADVANCED_FACE('',(#1546,#1547),#51,.F.);
#1695=ADVANCED_FACE('',(#1548,#1549),#52,.F.);
#1696=ADVANCED_FACE('',(#1550,#1551),#53,.F.);
#1697=ADVANCED_FACE('',(#1552),#1614,.F.);
#1698=ADVANCED_FACE('',(#1553),#1615,.F.);
#1699=ADVANCED_FACE('',(#1554,#1555,#1556,#1557,#1558,#1559),#1616,.T.);
#1700=ADVANCED_FACE('',(#1560,#1561,#1562,#1563,#1564,#1565),#1617,.F.);
#1701=ADVANCED_FACE('',(#1566),#1618,.T.);
#1702=ADVANCED_FACE('',(#1567),#1619,.F.);
#1703=ADVANCED_FACE('',(#1568,#1569),#54,.F.);
#1704=ADVANCED_FACE('',(#1570,#1571),#55,.F.);
#1705=ADVANCED_FACE('',(#1572,#1573),#56,.F.);
#1706=ADVANCED_FACE('',(#1574,#1575),#57,.F.);
#1707=ADVANCED_FACE('',(#1576),#1620,.T.);
#1708=ADVANCED_FACE('',(#1577,#1578),#58,.F.);
#1709=CLOSED_SHELL('',(#1621,#1622,#1623,#1624,#1625,#1626,#1627,#1628,
#1629,#1630,#1631,#1632,#1633,#1634,#1635,#1636,#1637,#1638,#1639,#1640,
#1641,#1642,#1643,#1644,#1645,#1646,#1647,#1648,#1649,#1650,#1651,#1652,
#1653,#1654,#1655,#1656,#1657,#1658,#1659,#1660,#1661,#1662,#1663,#1664,
#1665,#1666,#1667,#1668,#1669,#1670,#1671,#1672,#1673,#1674,#1675,#1676,
#1677,#1678,#1679,#1680,#1681,#1682,#1683,#1684,#1685,#1686,#1687,#1688,
#1689,#1690,#1691,#1692,#1693,#1694,#1695,#1696,#1697,#1698,#1699,#1700,
#1701,#1702,#1703,#1704,#1705,#1706,#1707,#1708));
#1710=STYLED_ITEM('',(#1711),#1718);
#1711=PRESENTATION_STYLE_ASSIGNMENT((#1712));
#1712=SURFACE_STYLE_USAGE(.BOTH.,#1713);
#1713=SURFACE_SIDE_STYLE('',(#1714));
#1714=SURFACE_STYLE_FILL_AREA(#1715);
#1715=FILL_AREA_STYLE('',(#1716));
#1716=FILL_AREA_STYLE_COLOUR('',#1717);
#1717=COLOUR_RGB('',0.0980392156862745,0.0941176470588235,0.0941176470588235);
#1718=MANIFOLD_SOLID_BREP('Part 92',#1709);
#1719=SHAPE_DEFINITION_REPRESENTATION(#2880,#1720);
#1720=SHAPE_REPRESENTATION('Part 92',(#1721),#2875);
#1721=AXIS2_PLACEMENT_3D('',#2394,#1901,#1902);
#1722=AXIS2_PLACEMENT_3D('',#2395,#1903,#1904);
#1723=AXIS2_PLACEMENT_3D('',#2407,#1910,#1911);
#1724=AXIS2_PLACEMENT_3D('',#2411,#1913,#1914);
#1725=AXIS2_PLACEMENT_3D('',#2412,#1915,#1916);
#1726=AXIS2_PLACEMENT_3D('',#2440,#1930,#1931);
#1727=AXIS2_PLACEMENT_3D('',#2444,#1933,#1934);
#1728=AXIS2_PLACEMENT_3D('',#2445,#1935,#1936);
#1729=AXIS2_PLACEMENT_3D('',#2454,#1941,#1942);
#1730=AXIS2_PLACEMENT_3D('',#2459,#1944,#1945);
#1731=AXIS2_PLACEMENT_3D('',#2463,#1947,#1948);
#1732=AXIS2_PLACEMENT_3D('',#2467,#1950,#1951);
#1733=AXIS2_PLACEMENT_3D('',#2470,#1953,#1954);
#1734=AXIS2_PLACEMENT_3D('',#2479,#1959,#1960);
#1735=AXIS2_PLACEMENT_3D('',#2480,#1961,#1962);
#1736=AXIS2_PLACEMENT_3D('',#2481,#1963,#1964);
#1737=AXIS2_PLACEMENT_3D('',#2482,#1965,#1966);
#1738=AXIS2_PLACEMENT_3D('',#2486,#1968,#1969);
#1739=AXIS2_PLACEMENT_3D('',#2487,#1970,#1971);
#1740=AXIS2_PLACEMENT_3D('',#2488,#1972,#1973);
#1741=AXIS2_PLACEMENT_3D('',#2489,#1974,#1975);
#1742=AXIS2_PLACEMENT_3D('',#2494,#1977,#1978);
#1743=AXIS2_PLACEMENT_3D('',#2498,#1980,#1981);
#1744=AXIS2_PLACEMENT_3D('',#2502,#1983,#1984);
#1745=AXIS2_PLACEMENT_3D('',#2510,#1989,#1990);
#1746=AXIS2_PLACEMENT_3D('',#2514,#1992,#1993);
#1747=AXIS2_PLACEMENT_3D('',#2515,#1994,#1995);
#1748=AXIS2_PLACEMENT_3D('',#2516,#1996,#1997);
#1749=AXIS2_PLACEMENT_3D('',#2522,#2000,#2001);
#1750=AXIS2_PLACEMENT_3D('',#2526,#2004,#2005);
#1751=AXIS2_PLACEMENT_3D('',#2527,#2006,#2007);
#1752=AXIS2_PLACEMENT_3D('',#2528,#2008,#2009);
#1753=AXIS2_PLACEMENT_3D('',#2529,#2010,#2011);
#1754=AXIS2_PLACEMENT_3D('',#2530,#2012,#2013);
#1755=AXIS2_PLACEMENT_3D('',#2535,#2015,#2016);
#1756=AXIS2_PLACEMENT_3D('',#2539,#2018,#2019);
#1757=AXIS2_PLACEMENT_3D('',#2543,#2021,#2022);
#1758=AXIS2_PLACEMENT_3D('',#2546,#2024,#2025);
#1759=AXIS2_PLACEMENT_3D('',#2550,#2027,#2028);
#1760=AXIS2_PLACEMENT_3D('',#2554,#2030,#2031);
#1761=AXIS2_PLACEMENT_3D('',#2555,#2032,#2033);
#1762=AXIS2_PLACEMENT_3D('',#2559,#2035,#2036);
#1763=AXIS2_PLACEMENT_3D('',#2560,#2037,#2038);
#1764=AXIS2_PLACEMENT_3D('',#2571,#2045,#2046);
#1765=AXIS2_PLACEMENT_3D('',#2572,#2047,#2048);
#1766=AXIS2_PLACEMENT_3D('',#2574,#2049,#2050);
#1767=AXIS2_PLACEMENT_3D('',#2577,#2052,#2053);
#1768=AXIS2_PLACEMENT_3D('',#2586,#2058,#2059);
#1769=AXIS2_PLACEMENT_3D('',#2595,#2064,#2065);
#1770=AXIS2_PLACEMENT_3D('',#2596,#2066,#2067);
#1771=AXIS2_PLACEMENT_3D('',#2597,#2068,#2069);
#1772=AXIS2_PLACEMENT_3D('',#2598,#2070,#2071);
#1773=AXIS2_PLACEMENT_3D('',#2599,#2072,#2073);
#1774=AXIS2_PLACEMENT_3D('',#2600,#2074,#2075);
#1775=AXIS2_PLACEMENT_3D('',#2601,#2076,#2077);
#1776=AXIS2_PLACEMENT_3D('',#2602,#2078,#2079);
#1777=AXIS2_PLACEMENT_3D('',#2608,#2083,#2084);
#1778=AXIS2_PLACEMENT_3D('',#2611,#2087,#2088);
#1779=AXIS2_PLACEMENT_3D('',#2613,#2090,#2091);
#1780=AXIS2_PLACEMENT_3D('',#2615,#2093,#2094);
#1781=AXIS2_PLACEMENT_3D('',#2617,#2096,#2097);
#1782=AXIS2_PLACEMENT_3D('',#2619,#2099,#2100);
#1783=AXIS2_PLACEMENT_3D('',#2621,#2102,#2103);
#1784=AXIS2_PLACEMENT_3D('',#2623,#2105,#2106);
#1785=AXIS2_PLACEMENT_3D('',#2624,#2107,#2108);
#1786=AXIS2_PLACEMENT_3D('',#2630,#2109,#2110);
#1787=AXIS2_PLACEMENT_3D('',#2631,#2111,#2112);
#1788=AXIS2_PLACEMENT_3D('',#2632,#2113,#2114);
#1789=AXIS2_PLACEMENT_3D('',#2635,#2117,#2118);
#1790=AXIS2_PLACEMENT_3D('',#2637,#2120,#2121);
#1791=AXIS2_PLACEMENT_3D('',#2639,#2123,#2124);
#1792=AXIS2_PLACEMENT_3D('',#2640,#2125,#2126);
#1793=AXIS2_PLACEMENT_3D('',#2641,#2127,#2128);
#1794=AXIS2_PLACEMENT_3D('',#2642,#2129,#2130);
#1795=AXIS2_PLACEMENT_3D('',#2643,#2131,#2132);
#1796=AXIS2_PLACEMENT_3D('',#2644,#2133,#2134);
#1797=AXIS2_PLACEMENT_3D('',#2645,#2135,#2136);
#1798=AXIS2_PLACEMENT_3D('',#2646,#2137,#2138);
#1799=AXIS2_PLACEMENT_3D('',#2647,#2139,#2140);
#1800=AXIS2_PLACEMENT_3D('',#2648,#2141,#2142);
#1801=AXIS2_PLACEMENT_3D('',#2649,#2143,#2144);
#1802=AXIS2_PLACEMENT_3D('',#2650,#2145,#2146);
#1803=AXIS2_PLACEMENT_3D('',#2651,#2147,#2148);
#1804=AXIS2_PLACEMENT_3D('',#2652,#2149,#2150);
#1805=AXIS2_PLACEMENT_3D('',#2653,#2151,#2152);
#1806=AXIS2_PLACEMENT_3D('',#2654,#2153,#2154);
#1807=AXIS2_PLACEMENT_3D('',#2655,#2155,#2156);
#1808=AXIS2_PLACEMENT_3D('',#2656,#2157,#2158);
#1809=AXIS2_PLACEMENT_3D('',#2665,#2163,#2164);
#1810=AXIS2_PLACEMENT_3D('',#2671,#2168,#2169);
#1811=AXIS2_PLACEMENT_3D('',#2677,#2173,#2174);
#1812=AXIS2_PLACEMENT_3D('',#2683,#2178,#2179);
#1813=AXIS2_PLACEMENT_3D('',#2686,#2182,#2183);
#1814=AXIS2_PLACEMENT_3D('',#2692,#2187,#2188);
#1815=AXIS2_PLACEMENT_3D('',#2695,#2191,#2192);
#1816=AXIS2_PLACEMENT_3D('',#2696,#2193,#2194);
#1817=AXIS2_PLACEMENT_3D('',#2697,#2195,#2196);
#1818=AXIS2_PLACEMENT_3D('',#2703,#2200,#2201);
#1819=AXIS2_PLACEMENT_3D('',#2706,#2204,#2205);
#1820=AXIS2_PLACEMENT_3D('',#2712,#2209,#2210);
#1821=AXIS2_PLACEMENT_3D('',#2713,#2211,#2212);
#1822=AXIS2_PLACEMENT_3D('',#2715,#2213,#2214);
#1823=AXIS2_PLACEMENT_3D('',#2717,#2215,#2216);
#1824=AXIS2_PLACEMENT_3D('',#2719,#2217,#2218);
#1825=AXIS2_PLACEMENT_3D('',#2721,#2219,#2220);
#1826=AXIS2_PLACEMENT_3D('',#2723,#2221,#2222);
#1827=AXIS2_PLACEMENT_3D('',#2725,#2223,#2224);
#1828=AXIS2_PLACEMENT_3D('',#2727,#2225,#2226);
#1829=AXIS2_PLACEMENT_3D('',#2729,#2227,#2228);
#1830=AXIS2_PLACEMENT_3D('',#2731,#2229,#2230);
#1831=AXIS2_PLACEMENT_3D('',#2733,#2231,#2232);
#1832=AXIS2_PLACEMENT_3D('',#2735,#2233,#2234);
#1833=AXIS2_PLACEMENT_3D('',#2737,#2235,#2236);
#1834=AXIS2_PLACEMENT_3D('',#2739,#2237,#2238);
#1835=AXIS2_PLACEMENT_3D('',#2741,#2239,#2240);
#1836=AXIS2_PLACEMENT_3D('',#2743,#2241,#2242);
#1837=AXIS2_PLACEMENT_3D('',#2745,#2243,#2244);
#1838=AXIS2_PLACEMENT_3D('',#2751,#2247,#2248);
#1839=AXIS2_PLACEMENT_3D('',#2754,#2250,#2251);
#1840=AXIS2_PLACEMENT_3D('',#2755,#2252,#2253);
#1841=AXIS2_PLACEMENT_3D('',#2757,#2254,#2255);
#1842=AXIS2_PLACEMENT_3D('',#2759,#2256,#2257);
#1843=AXIS2_PLACEMENT_3D('',#2761,#2258,#2259);
#1844=AXIS2_PLACEMENT_3D('',#2763,#2260,#2261);
#1845=AXIS2_PLACEMENT_3D('',#2765,#2262,#2263);
#1846=AXIS2_PLACEMENT_3D('',#2767,#2264,#2265);
#1847=AXIS2_PLACEMENT_3D('',#2769,#2266,#2267);
#1848=AXIS2_PLACEMENT_3D('',#2771,#2268,#2269);
#1849=AXIS2_PLACEMENT_3D('',#2773,#2270,#2271);
#1850=AXIS2_PLACEMENT_3D('',#2775,#2272,#2273);
#1851=AXIS2_PLACEMENT_3D('',#2777,#2274,#2275);
#1852=AXIS2_PLACEMENT_3D('',#2779,#2276,#2277);
#1853=AXIS2_PLACEMENT_3D('',#2781,#2278,#2279);
#1854=AXIS2_PLACEMENT_3D('',#2783,#2280,#2281);
#1855=AXIS2_PLACEMENT_3D('',#2785,#2282,#2283);
#1856=AXIS2_PLACEMENT_3D('',#2787,#2284,#2285);
#1857=AXIS2_PLACEMENT_3D('',#2791,#2287,#2288);
#1858=AXIS2_PLACEMENT_3D('',#2796,#2291,#2292);
#1859=AXIS2_PLACEMENT_3D('',#2798,#2294,#2295);
#1860=AXIS2_PLACEMENT_3D('',#2800,#2297,#2298);
#1861=AXIS2_PLACEMENT_3D('',#2802,#2300,#2301);
#1862=AXIS2_PLACEMENT_3D('',#2803,#2302,#2303);
#1863=AXIS2_PLACEMENT_3D('',#2804,#2304,#2305);
#1864=AXIS2_PLACEMENT_3D('',#2805,#2306,#2307);
#1865=AXIS2_PLACEMENT_3D('',#2806,#2308,#2309);
#1866=AXIS2_PLACEMENT_3D('',#2807,#2310,#2311);
#1867=AXIS2_PLACEMENT_3D('',#2808,#2312,#2313);
#1868=AXIS2_PLACEMENT_3D('',#2809,#2314,#2315);
#1869=AXIS2_PLACEMENT_3D('',#2810,#2316,#2317);
#1870=AXIS2_PLACEMENT_3D('',#2811,#2318,#2319);
#1871=AXIS2_PLACEMENT_3D('',#2812,#2320,#2321);
#1872=AXIS2_PLACEMENT_3D('',#2813,#2322,#2323);
#1873=AXIS2_PLACEMENT_3D('',#2814,#2324,#2325);
#1874=AXIS2_PLACEMENT_3D('',#2815,#2326,#2327);
#1875=AXIS2_PLACEMENT_3D('',#2816,#2328,#2329);
#1876=AXIS2_PLACEMENT_3D('',#2817,#2330,#2331);
#1877=AXIS2_PLACEMENT_3D('',#2818,#2332,#2333);
#1878=AXIS2_PLACEMENT_3D('',#2819,#2334,#2335);
#1879=AXIS2_PLACEMENT_3D('',#2820,#2336,#2337);
#1880=AXIS2_PLACEMENT_3D('',#2826,#2341,#2342);
#1881=AXIS2_PLACEMENT_3D('',#2832,#2346,#2347);
#1882=AXIS2_PLACEMENT_3D('',#2833,#2348,#2349);
#1883=AXIS2_PLACEMENT_3D('',#2835,#2350,#2351);
#1884=AXIS2_PLACEMENT_3D('',#2837,#2352,#2353);
#1885=AXIS2_PLACEMENT_3D('',#2839,#2354,#2355);
#1886=AXIS2_PLACEMENT_3D('',#2841,#2356,#2357);
#1887=AXIS2_PLACEMENT_3D('',#2848,#2361,#2362);
#1888=AXIS2_PLACEMENT_3D('',#2849,#2363,#2364);
#1889=AXIS2_PLACEMENT_3D('',#2851,#2365,#2366);
#1890=AXIS2_PLACEMENT_3D('',#2853,#2367,#2368);
#1891=AXIS2_PLACEMENT_3D('',#2855,#2369,#2370);
#1892=AXIS2_PLACEMENT_3D('',#2857,#2371,#2372);
#1893=AXIS2_PLACEMENT_3D('',#2864,#2376,#2377);
#1894=AXIS2_PLACEMENT_3D('',#2866,#2379,#2380);
#1895=AXIS2_PLACEMENT_3D('',#2868,#2382,#2383);
#1896=AXIS2_PLACEMENT_3D('',#2869,#2384,#2385);
#1897=AXIS2_PLACEMENT_3D('',#2870,#2386,#2387);
#1898=AXIS2_PLACEMENT_3D('',#2871,#2388,#2389);
#1899=AXIS2_PLACEMENT_3D('',#2872,#2390,#2391);
#1900=AXIS2_PLACEMENT_3D('',#2873,#2392,#2393);
#1901=DIRECTION('',(0.,0.,1.));
#1902=DIRECTION('',(1.,0.,0.));
#1903=DIRECTION('',(5.58298409987757E-32,-2.39272203583E-16,1.));
#1904=DIRECTION('',(0.,-1.,-2.39272203583E-16));
#1905=DIRECTION('',(-2.334869823773E-16,1.,2.39272203583E-16));
#1906=DIRECTION('',(1.,2.334869823773E-16,3.71037825860104E-35));
#1907=DIRECTION('',(-2.334869823773E-16,1.,2.39272203583E-16));
#1908=DIRECTION('',(1.,2.334869823773E-16,3.71037825860069E-35));
#1909=DIRECTION('',(-1.,-2.39974442842858E-16,-1.58937274383782E-33));
#1910=DIRECTION('',(-5.58298409987757E-32,2.39272203583E-16,-1.));
#1911=DIRECTION('',(0.,1.,2.39272203583E-16));
#1912=DIRECTION('',(-1.,-1.19987221421429E-15,-2.31266227714292E-31));
#1913=DIRECTION('',(-5.58298409987757E-32,2.39272203583E-16,-1.));
#1914=DIRECTION('',(0.,1.,2.39272203583E-16));
#1915=DIRECTION('',(-5.58298409987757E-32,2.39272203583E-16,-1.));
#1916=DIRECTION('',(0.,1.,2.39272203583E-16));
#1917=DIRECTION('',(2.75435297394391E-16,1.,2.39272203583E-16));
#1918=DIRECTION('',(-1.,0.,5.58298409987757E-32));
#1919=DIRECTION('',(5.54103543782923E-16,-1.,-2.39272203583E-16));
#1920=DIRECTION('',(-1.,0.,5.58298409987757E-32));
#1921=DIRECTION('',(1.50669441271306E-16,1.,2.39272203583E-16));
#1922=DIRECTION('',(-1.,0.,5.58298409987757E-32));
#1923=DIRECTION('',(1.60465932123251E-16,-1.,-2.39272203583E-16));
#1924=DIRECTION('',(-1.,0.,5.58298409987757E-32));
#1925=DIRECTION('',(1.,2.334869823773E-16,3.71037825860069E-35));
#1926=DIRECTION('',(2.334869823773E-16,-1.,-2.39272203583E-16));
#1927=DIRECTION('',(1.,2.334869823773E-16,3.71037825860069E-35));
#1928=DIRECTION('',(2.334869823773E-16,-1.,-2.39272203583E-16));
#1929=DIRECTION('',(-1.,-2.39974442842858E-16,-1.58937274383782E-33));
#1930=DIRECTION('',(-5.58298409987757E-32,2.39272203583E-16,-1.));
#1931=DIRECTION('',(0.,1.,2.39272203583E-16));
#1932=DIRECTION('',(-1.,-1.19987221421429E-15,-2.31266227714292E-31));
#1933=DIRECTION('',(-5.58298409987757E-32,2.39272203583E-16,-1.));
#1934=DIRECTION('',(0.,1.,2.39272203583E-16));
#1935=DIRECTION('',(-1.,-2.334869823773E-16,-5.23400733828064E-32));
#1936=DIRECTION('',(-2.334869823773E-16,1.,0.));
#1937=DIRECTION('',(-3.52687139855526E-33,2.39272203583E-16,-1.));
#1938=DIRECTION('',(2.334869823773E-16,-1.,-2.39272203583E-16));
#1939=DIRECTION('',(-3.52687139855526E-33,2.39272203583E-16,-1.));
#1940=DIRECTION('',(2.334869823773E-16,-1.,-2.39272203583E-16));
#1941=DIRECTION('',(-1.,-2.334869823773E-16,-5.23400733828064E-32));
#1942=DIRECTION('',(-2.334869823773E-16,1.,0.));
#1943=DIRECTION('',(-2.334869823773E-16,1.,-1.22207257915579E-47));
#1944=DIRECTION('',(-1.,-2.334869823773E-16,-5.23400733828064E-32));
#1945=DIRECTION('',(-2.334869823773E-16,1.,0.));
#1946=DIRECTION('',(-5.23400733828064E-32,-1.22207257915579E-47,1.));
#1947=DIRECTION('',(-1.,-2.334869823773E-16,-5.23400733828064E-32));
#1948=DIRECTION('',(-2.334869823773E-16,1.,0.));
#1949=DIRECTION('',(-2.334869823773E-16,1.,-1.22207257915579E-47));
#1950=DIRECTION('',(-1.,-2.334869823773E-16,-5.23400733828064E-32));
#1951=DIRECTION('',(-2.334869823773E-16,1.,0.));
#1952=DIRECTION('',(-5.23400733828064E-32,-1.22207257915579E-47,1.));
#1953=DIRECTION('',(1.,2.334869823773E-16,5.23400733828064E-32));
#1954=DIRECTION('',(2.334869823773E-16,-1.,0.));
#1955=DIRECTION('',(-2.334869823773E-16,1.,2.39272203583E-16));
#1956=DIRECTION('',(-3.52687139855524E-33,2.39272203583E-16,-1.));
#1957=DIRECTION('',(-2.334869823773E-16,1.,2.39272203583E-16));
#1958=DIRECTION('',(-3.52687139855524E-33,2.39272203583E-16,-1.));
#1959=DIRECTION('',(-2.334869823773E-16,1.,2.39272203583E-16));
#1960=DIRECTION('',(0.,-2.39272203583E-16,1.));
#1961=DIRECTION('',(2.334869823773E-16,-1.,-2.39272203583E-16));
#1962=DIRECTION('',(0.,2.39272203583E-16,-1.));
#1963=DIRECTION('',(2.334869823773E-16,-1.,-2.39272203583E-16));
#1964=DIRECTION('',(0.,2.39272203583E-16,-1.));
#1965=DIRECTION('',(-2.334869823773E-16,1.,2.39272203583E-16));
#1966=DIRECTION('',(0.,-2.39272203583E-16,1.));
#1967=DIRECTION('',(-2.334869823773E-16,1.,2.39272203583E-16));
#1968=DIRECTION('',(2.334869823773E-16,-1.,-2.39272203583E-16));
#1969=DIRECTION('',(0.,2.39272203583E-16,-1.));
#1970=DIRECTION('',(2.334869823773E-16,-1.,-2.39272203583E-16));
#1971=DIRECTION('',(0.,2.39272203583E-16,-1.));
#1972=DIRECTION('',(1.,2.334869823773E-16,5.23400733828064E-32));
#1973=DIRECTION('',(2.334869823773E-16,-1.,0.));
#1974=DIRECTION('',(1.,2.334869823773E-16,5.23400733828064E-32));
#1975=DIRECTION('',(2.334869823773E-16,-1.,0.));
#1976=DIRECTION('',(2.334869823773E-16,-1.,1.22207257915579E-47));
#1977=DIRECTION('',(1.,2.334869823773E-16,5.23400733828064E-32));
#1978=DIRECTION('',(2.334869823773E-16,-1.,0.));
#1979=DIRECTION('',(5.23400733828064E-32,1.22207257915579E-47,-1.));
#1980=DIRECTION('',(1.,2.334869823773E-16,5.23400733828064E-32));
#1981=DIRECTION('',(2.334869823773E-16,-1.,0.));
#1982=DIRECTION('',(2.334869823773E-16,-1.,1.22207257915579E-47));
#1983=DIRECTION('',(1.,2.334869823773E-16,5.23400733828064E-32));
#1984=DIRECTION('',(2.334869823773E-16,-1.,0.));
#1985=DIRECTION('',(5.23400733828064E-32,1.22207257915579E-47,-1.));
#1986=DIRECTION('',(-2.334869823773E-16,1.,2.39272203583E-16));
#1987=DIRECTION('',(-3.52687139855526E-33,2.39272203583E-16,-1.));
#1988=DIRECTION('',(-3.52687139855526E-33,2.39272203583E-16,-1.));
#1989=DIRECTION('',(-2.334869823773E-16,1.,2.39272203583E-16));
#1990=DIRECTION('',(0.,-2.39272203583E-16,1.));
#1991=DIRECTION('',(-2.334869823773E-16,1.,2.39272203583E-16));
#1992=DIRECTION('',(2.334869823773E-16,-1.,-2.39272203583E-16));
#1993=DIRECTION('',(0.,2.39272203583E-16,-1.));
#1994=DIRECTION('',(2.334869823773E-16,-1.,-2.39272203583E-16));
#1995=DIRECTION('',(0.,2.39272203583E-16,-1.));
#1996=DIRECTION('',(5.58298409987757E-32,-2.39272203583E-16,1.));
#1997=DIRECTION('',(0.,-1.,-2.39272203583E-16));
#1998=DIRECTION('',(-2.334869823773E-16,1.,2.39272203583E-16));
#1999=DIRECTION('',(1.,2.334869823773E-16,3.71037825860104E-35));
#2000=DIRECTION('',(5.58298409987757E-32,-2.39272203583E-16,1.));
#2001=DIRECTION('',(0.,-1.,-2.39272203583E-16));
#2002=DIRECTION('',(1.,2.334869823773E-16,3.71037825860104E-35));
#2003=DIRECTION('',(1.,2.334869823773E-16,3.71037825860069E-35));
#2004=DIRECTION('',(-2.334869823773E-16,1.,2.39272203583E-16));
#2005=DIRECTION('',(0.,-2.39272203583E-16,1.));
#2006=DIRECTION('',(2.334869823773E-16,-1.,-2.39272203583E-16));
#2007=DIRECTION('',(0.,2.39272203583E-16,-1.));
#2008=DIRECTION('',(2.334869823773E-16,-1.,-2.39272203583E-16));
#2009=DIRECTION('',(0.,2.39272203583E-16,-1.));
#2010=DIRECTION('',(2.334869823773E-16,-1.,-2.39272203583E-16));
#2011=DIRECTION('',(1.,2.334869823773E-16,5.58669447813617E-32));
#2012=DIRECTION('',(2.334869823773E-16,-1.,-2.39272203583E-16));
#2013=DIRECTION('',(0.,2.39272203583E-16,-1.));
#2014=DIRECTION('',(-3.52687139855524E-33,2.39272203583E-16,-1.));
#2015=DIRECTION('',(2.334869823773E-16,-1.,-2.39272203583E-16));
#2016=DIRECTION('',(0.,2.39272203583E-16,-1.));
#2017=DIRECTION('',(1.,2.334869823773E-16,3.71037825860104E-35));
#2018=DIRECTION('',(2.334869823773E-16,-1.,-2.39272203583E-16));
#2019=DIRECTION('',(0.,2.39272203583E-16,-1.));
#2020=DIRECTION('',(-3.52687139855526E-33,2.39272203583E-16,-1.));
#2021=DIRECTION('',(2.334869823773E-16,-1.,-2.39272203583E-16));
#2022=DIRECTION('',(0.,2.39272203583E-16,-1.));
#2023=DIRECTION('',(1.,2.334869823773E-16,3.71037825860104E-35));
#2024=DIRECTION('',(2.334869823773E-16,-1.,-2.39272203583E-16));
#2025=DIRECTION('',(0.,2.39272203583E-16,-1.));
#2026=DIRECTION('',(2.334869823773E-16,-1.,-2.39272203583E-16));
#2027=DIRECTION('',(0.,-1.,0.));
#2028=DIRECTION('',(-1.,0.,0.));
#2029=DIRECTION('',(2.334869823773E-16,-1.,-2.39272203583E-16));
#2030=DIRECTION('',(2.334869823773E-16,-1.,-2.39272203583E-16));
#2031=DIRECTION('',(0.,2.39272203583E-16,-1.));
#2032=DIRECTION('',(2.334869823773E-16,-1.,-2.39272203583E-16));
#2033=DIRECTION('',(0.,2.39272203583E-16,-1.));
#2034=DIRECTION('',(2.334869823773E-16,-1.,-2.39272203583E-16));
#2035=DIRECTION('',(0.,-1.,0.));
#2036=DIRECTION('',(-1.,0.,0.));
#2037=DIRECTION('',(-1.,-2.334869823773E-16,-5.23400733828064E-32));
#2038=DIRECTION('',(-2.334869823773E-16,1.,0.));
#2039=DIRECTION('',(-5.23400733828064E-32,0.,1.));
#2040=DIRECTION('',(2.334869823773E-16,-1.,1.15228677816376E-15));
#2041=DIRECTION('',(-5.23400733828064E-32,0.,1.));
#2042=DIRECTION('',(-3.52687139855526E-33,2.39272203583E-16,-1.));
#2043=DIRECTION('',(2.334869823773E-16,-1.,-2.39272203583E-16));
#2044=DIRECTION('',(-3.52687139855526E-33,2.39272203583E-16,-1.));
#2045=DIRECTION('',(2.334869823773E-16,-1.,-2.39272203583E-16));
#2046=DIRECTION('',(0.,2.39272203583E-16,-1.));
#2047=DIRECTION('',(2.334869823773E-16,-1.,-2.39272203583E-16));
#2048=DIRECTION('',(0.,2.39272203583E-16,-1.));
#2049=DIRECTION('',(2.334869823773E-16,-1.,-2.39272203583E-16));
#2050=DIRECTION('',(0.,2.39272203583E-16,-1.));
#2051=DIRECTION('',(2.334869823773E-16,-1.,-2.39272203583E-16));
#2052=DIRECTION('',(-5.58298409987757E-32,2.39272203583E-16,-1.));
#2053=DIRECTION('',(0.,1.,2.39272203583E-16));
#2054=DIRECTION('',(-1.,0.,5.58298409987757E-32));
#2055=DIRECTION('',(1.90502544498522E-16,-1.,-2.39272203583E-16));
#2056=DIRECTION('',(-1.,0.,5.58298409987757E-32));
#2057=DIRECTION('',(4.92287793403789E-16,1.,2.39272203583E-16));
#2058=DIRECTION('',(-5.58298409987757E-32,2.39272203583E-16,-1.));
#2059=DIRECTION('',(0.,1.,2.39272203583E-16));
#2060=DIRECTION('',(1.,2.334869823773E-16,3.71037825860069E-35));
#2061=DIRECTION('',(1.,2.334869823773E-16,3.71037825860069E-35));
#2062=DIRECTION('',(2.334869823773E-16,-1.,-2.39272203583E-16));
#2063=DIRECTION('',(1.,2.334869823773E-16,3.71037825860069E-35));
#2064=DIRECTION('',(2.334869823773E-16,-1.,-2.39272203583E-16));
#2065=DIRECTION('',(0.,2.39272203583E-16,-1.));
#2066=DIRECTION('',(2.334869823773E-16,-1.,-2.39272203583E-16));
#2067=DIRECTION('',(0.,2.39272203583E-16,-1.));
#2068=DIRECTION('',(2.334869823773E-16,-1.,-2.39272203583E-16));
#2069=DIRECTION('',(0.,2.39272203583E-16,-1.));
#2070=DIRECTION('',(2.334869823773E-16,-1.,-2.39272203583E-16));
#2071=DIRECTION('',(0.,2.39272203583E-16,-1.));
#2072=DIRECTION('',(2.334869823773E-16,-1.,-2.39272203583E-16));
#2073=DIRECTION('',(0.,2.39272203583E-16,-1.));
#2074=DIRECTION('',(2.334869823773E-16,-1.,-2.39272203583E-16));
#2075=DIRECTION('',(0.,2.39272203583E-16,-1.));
#2076=DIRECTION('',(2.334869823773E-16,-1.,-2.39272203583E-16));
#2077=DIRECTION('',(1.,2.334869823773E-16,5.58669447813617E-32));
#2078=DIRECTION('',(2.334869823773E-16,-1.,-2.39272203583E-16));
#2079=DIRECTION('',(1.,2.334869823773E-16,5.58669447813617E-32));
#2080=DIRECTION('',(-1.,-2.334869823773E-16,-3.71037825860104E-35));
#2081=DIRECTION('',(5.58298409987757E-32,-2.39272203583E-16,1.));
#2082=DIRECTION('',(5.58298409987757E-32,-2.39272203583E-16,1.));
#2083=DIRECTION('',(-5.23400733828064E-32,0.,1.));
#2084=DIRECTION('',(1.,0.,5.23400733828064E-32));
#2085=DIRECTION('',(1.,2.334869823773E-16,5.23400733828064E-32));
#2086=DIRECTION('',(1.,2.334869823773E-16,5.23400733828064E-32));
#2087=DIRECTION('',(1.,2.334869823773E-16,5.23400733828064E-32));
#2088=DIRECTION('',(2.334869823773E-16,-1.,0.));
#2089=DIRECTION('',(1.,2.334869823773E-16,5.23400733828064E-32));
#2090=DIRECTION('',(2.334869823773E-16,-1.,0.));
#2091=DIRECTION('',(-1.,-2.334869823773E-16,0.));
#2092=DIRECTION('',(1.,2.334869823773E-16,5.23400733828064E-32));
#2093=DIRECTION('',(1.,2.334869823773E-16,5.23400733828064E-32));
#2094=DIRECTION('',(2.334869823773E-16,-1.,0.));
#2095=DIRECTION('',(1.,2.334869823773E-16,5.23400733828064E-32));
#2096=DIRECTION('',(-5.23400733828064E-32,0.,1.));
#2097=DIRECTION('',(1.,0.,5.23400733828064E-32));
#2098=DIRECTION('',(1.,2.334869823773E-16,5.23400733828064E-32));
#2099=DIRECTION('',(1.,2.334869823773E-16,5.23400733828064E-32));
#2100=DIRECTION('',(2.334869823773E-16,-1.,0.));
#2101=DIRECTION('',(1.,2.334869823773E-16,5.23400733828064E-32));
#2102=DIRECTION('',(2.334869823773E-16,-1.,0.));
#2103=DIRECTION('',(-1.,-2.334869823773E-16,0.));
#2104=DIRECTION('',(1.,2.334869823773E-16,5.23400733828064E-32));
#2105=DIRECTION('',(1.,2.334869823773E-16,5.23400733828064E-32));
#2106=DIRECTION('',(2.334869823773E-16,-1.,0.));
#2107=DIRECTION('',(5.58298409987757E-32,-2.39272203583E-16,1.));
#2108=DIRECTION('',(0.,-1.,-2.39272203583E-16));
#2109=DIRECTION('',(5.58298409987757E-32,-2.39272203583E-16,1.));
#2110=DIRECTION('',(0.,-1.,-2.39272203583E-16));
#2111=DIRECTION('',(5.58298409987757E-32,-2.39272203583E-16,1.));
#2112=DIRECTION('',(1.,1.33585290814656E-47,-5.58298409987757E-32));
#2113=DIRECTION('',(2.39974442842858E-16,-1.,-2.39272203583E-16));
#2114=DIRECTION('',(-1.,-2.39974442842858E-16,0.));
#2115=DIRECTION('',(-5.58298409987757E-32,2.39272203583E-16,-1.));
#2116=DIRECTION('',(-5.58298409987757E-32,2.39272203583E-16,-1.));
#2117=DIRECTION('',(-5.58298409987757E-32,2.39272203583E-16,-1.));
#2118=DIRECTION('',(0.,1.,2.39272203583E-16));
#2119=DIRECTION('',(-5.58298409987757E-32,2.39272203583E-16,-1.));
#2120=DIRECTION('',(1.19987221421429E-15,-1.,-2.39272203583E-16));
#2121=DIRECTION('',(-1.,-1.19987221421429E-15,0.));
#2122=DIRECTION('',(-5.58298409987757E-32,2.39272203583E-16,-1.));
#2123=DIRECTION('',(-5.58298409987757E-32,2.39272203583E-16,-1.));
#2124=DIRECTION('',(0.,1.,2.39272203583E-16));
#2125=DIRECTION('',(-3.52687139855526E-33,2.39272203583E-16,-1.));
#2126=DIRECTION('',(0.,1.,2.39272203583E-16));
#2127=DIRECTION('',(0.,0.,-1.));
#2128=DIRECTION('',(0.,1.,0.));
#2129=DIRECTION('',(0.,0.,1.));
#2130=DIRECTION('',(0.,-1.,0.));
#2131=DIRECTION('',(2.334869823773E-16,-1.,-2.39272203583E-16));
#2132=DIRECTION('',(0.,2.39272203583E-16,-1.));
#2133=DIRECTION('',(-1.,0.,0.));
#2134=DIRECTION('',(0.,1.,0.));
#2135=DIRECTION('',(2.334869823773E-16,-1.,-2.39272203583E-16));
#2136=DIRECTION('',(0.,2.39272203583E-16,-1.));
#2137=DIRECTION('',(-1.,0.,0.));
#2138=DIRECTION('',(0.,1.,0.));
#2139=DIRECTION('',(1.,2.334869823773E-16,3.71037825860104E-35));
#2140=DIRECTION('',(2.334869823773E-16,-1.,0.));
#2141=DIRECTION('',(-1.,0.,1.27741639162684E-14));
#2142=DIRECTION('',(1.27741639162684E-14,0.,1.));
#2143=DIRECTION('',(-1.,-2.334869823773E-16,-3.71037825860104E-35));
#2144=DIRECTION('',(-2.334869823773E-16,1.,0.));
#2145=DIRECTION('',(-1.,0.,0.));
#2146=DIRECTION('',(0.,1.,0.));
#2147=DIRECTION('',(2.334869823773E-16,-1.,-2.39272203583E-16));
#2148=DIRECTION('',(0.,2.39272203583E-16,-1.));
#2149=DIRECTION('',(0.,0.,-1.));
#2150=DIRECTION('',(0.,1.,0.));
#2151=DIRECTION('',(2.334869823773E-16,-1.,-2.39272203583E-16));
#2152=DIRECTION('',(0.,2.39272203583E-16,-1.));
#2153=DIRECTION('',(0.,0.,1.));
#2154=DIRECTION('',(0.,-1.,0.));
#2155=DIRECTION('',(3.52687139855524E-33,-2.39272203583E-16,1.));
#2156=DIRECTION('',(0.,-1.,-2.39272203583E-16));
#2157=DIRECTION('',(0.,0.,1.));
#2158=DIRECTION('',(0.,-1.,0.));
#2159=DIRECTION('',(1.,0.,0.));
#2160=DIRECTION('',(0.,1.,0.));
#2161=DIRECTION('',(1.,0.,0.));
#2162=DIRECTION('',(0.,1.,0.));
#2163=DIRECTION('',(1.,0.,0.));
#2164=DIRECTION('',(0.,-1.,0.));
#2165=DIRECTION('',(0.,0.,-1.));
#2166=DIRECTION('',(0.,1.,0.));
#2167=DIRECTION('',(0.,0.,-1.));
#2168=DIRECTION('',(0.,0.,-1.));
#2169=DIRECTION('',(0.,1.,0.));
#2170=DIRECTION('',(-1.,0.,0.));
#2171=DIRECTION('',(0.,1.,0.));
#2172=DIRECTION('',(-1.,0.,0.));
#2173=DIRECTION('',(1.,0.,0.));
#2174=DIRECTION('',(0.,-1.,0.));
#2175=DIRECTION('',(0.,0.,-1.));
#2176=DIRECTION('',(0.,1.,0.));
#2177=DIRECTION('',(0.,0.,-1.));
#2178=DIRECTION('',(0.782326387690775,0.,0.622868704561967));
#2179=DIRECTION('',(0.622868704561967,0.,-0.782326387690775));
#2180=DIRECTION('',(0.622868704561967,0.,-0.782326387690775));
#2181=DIRECTION('',(0.622868704561967,0.,-0.782326387690775));
#2182=DIRECTION('',(-0.437141926298854,0.,0.899392537367154));
#2183=DIRECTION('',(0.899392537367154,0.,0.437141926298854));
#2184=DIRECTION('',(0.899392537367154,0.,0.437141926298854));
#2185=DIRECTION('',(0.899392537367154,0.,0.437141926298854));
#2186=DIRECTION('',(0.,1.,0.));
#2187=DIRECTION('',(1.,0.,0.));
#2188=DIRECTION('',(0.,-1.,0.));
#2189=DIRECTION('',(0.,0.,-1.));
#2190=DIRECTION('',(0.,0.,-1.));
#2191=DIRECTION('',(0.,-1.,0.));
#2192=DIRECTION('',(1.,0.,0.));
#2193=DIRECTION('',(0.,-1.,0.));
#2194=DIRECTION('',(1.,0.,0.));
#2195=DIRECTION('',(-0.655809134600239,0.,0.754926737488404));
#2196=DIRECTION('',(0.754926737488404,0.,0.655809134600239));
#2197=DIRECTION('',(0.754926737488404,0.,0.655809134600239));
#2198=DIRECTION('',(0.754926737488404,0.,0.655809134600239));
#2199=DIRECTION('',(0.,1.,0.));
#2200=DIRECTION('',(0.396436321797887,0.,0.918062221616467));
#2201=DIRECTION('',(0.918062221616467,0.,-0.396436321797887));
#2202=DIRECTION('',(0.918062221616467,0.,-0.396436321797887));
#2203=DIRECTION('',(0.918062221616467,0.,-0.396436321797887));
#2204=DIRECTION('',(0.980081995117899,0.,-0.198593259819458));
#2205=DIRECTION('',(-0.198593259819458,0.,-0.980081995117899));
#2206=DIRECTION('',(-0.198593259819458,0.,-0.980081995117899));
#2207=DIRECTION('',(-0.198593259819458,0.,-0.980081995117899));
#2208=DIRECTION('',(0.,1.,0.));
#2209=DIRECTION('',(0.,-1.,0.));
#2210=DIRECTION('',(1.,0.,0.));
#2211=DIRECTION('',(0.,-1.,0.));
#2212=DIRECTION('',(-1.,0.,0.));
#2213=DIRECTION('',(0.,-1.,0.));
#2214=DIRECTION('',(-1.,0.,0.));
#2215=DIRECTION('',(0.,-1.,0.));
#2216=DIRECTION('',(-1.,0.,0.));
#2217=DIRECTION('',(0.,-1.,0.));
#2218=DIRECTION('',(-1.,0.,0.));
#2219=DIRECTION('',(0.,-1.,0.));
#2220=DIRECTION('',(-1.,0.,0.));
#2221=DIRECTION('',(0.,-1.,0.));
#2222=DIRECTION('',(-1.,0.,0.));
#2223=DIRECTION('',(0.,-1.,0.));
#2224=DIRECTION('',(-1.,0.,0.));
#2225=DIRECTION('',(0.,-1.,0.));
#2226=DIRECTION('',(-1.,0.,0.));
#2227=DIRECTION('',(0.,-1.,0.));
#2228=DIRECTION('',(-1.,0.,0.));
#2229=DIRECTION('',(0.,-1.,0.));
#2230=DIRECTION('',(-1.,0.,0.));
#2231=DIRECTION('',(0.,-1.,0.));
#2232=DIRECTION('',(-1.,0.,0.));
#2233=DIRECTION('',(0.,-1.,0.));
#2234=DIRECTION('',(-1.,0.,0.));
#2235=DIRECTION('',(0.,-1.,0.));
#2236=DIRECTION('',(-1.,0.,0.));
#2237=DIRECTION('',(0.,-1.,0.));
#2238=DIRECTION('',(-1.,0.,0.));
#2239=DIRECTION('',(0.,-1.,0.));
#2240=DIRECTION('',(-1.,0.,0.));
#2241=DIRECTION('',(0.,-1.,0.));
#2242=DIRECTION('',(-1.,0.,0.));
#2243=DIRECTION('',(0.,-1.,0.));
#2244=DIRECTION('',(-1.,0.,0.));
#2245=DIRECTION('',(0.,0.,1.));
#2246=DIRECTION('',(-1.,0.,0.));
#2247=DIRECTION('',(0.,-1.,0.));
#2248=DIRECTION('',(-1.,0.,0.));
#2249=DIRECTION('',(-1.,0.,0.));
#2250=DIRECTION('',(0.,-1.,0.));
#2251=DIRECTION('',(1.,0.,0.));
#2252=DIRECTION('',(0.,-1.,0.));
#2253=DIRECTION('',(-1.,0.,0.));
#2254=DIRECTION('',(0.,-1.,0.));
#2255=DIRECTION('',(-1.,0.,0.));
#2256=DIRECTION('',(0.,-1.,0.));
#2257=DIRECTION('',(-1.,0.,0.));
#2258=DIRECTION('',(0.,-1.,0.));
#2259=DIRECTION('',(-1.,0.,0.));
#2260=DIRECTION('',(0.,-1.,0.));
#2261=DIRECTION('',(-1.,0.,0.));
#2262=DIRECTION('',(0.,-1.,0.));
#2263=DIRECTION('',(-1.,0.,0.));
#2264=DIRECTION('',(0.,-1.,0.));
#2265=DIRECTION('',(-1.,0.,0.));
#2266=DIRECTION('',(0.,-1.,0.));
#2267=DIRECTION('',(-1.,0.,0.));
#2268=DIRECTION('',(0.,-1.,0.));
#2269=DIRECTION('',(-1.,0.,0.));
#2270=DIRECTION('',(0.,-1.,0.));
#2271=DIRECTION('',(-1.,0.,0.));
#2272=DIRECTION('',(0.,-1.,0.));
#2273=DIRECTION('',(-1.,0.,0.));
#2274=DIRECTION('',(0.,-1.,0.));
#2275=DIRECTION('',(-1.,0.,0.));
#2276=DIRECTION('',(0.,-1.,0.));
#2277=DIRECTION('',(-1.,0.,0.));
#2278=DIRECTION('',(0.,-1.,0.));
#2279=DIRECTION('',(-1.,0.,0.));
#2280=DIRECTION('',(0.,-1.,0.));
#2281=DIRECTION('',(-1.,0.,0.));
#2282=DIRECTION('',(0.,-1.,0.));
#2283=DIRECTION('',(-1.,0.,0.));
#2284=DIRECTION('',(0.,-1.,0.));
#2285=DIRECTION('',(-1.,0.,0.));
#2286=DIRECTION('',(-1.,0.,0.));
#2287=DIRECTION('',(0.,-1.,0.));
#2288=DIRECTION('',(-1.,0.,0.));
#2289=DIRECTION('',(-1.,0.,0.));
#2290=DIRECTION('',(0.,0.,1.));
#2291=DIRECTION('',(-1.,0.,0.));
#2292=DIRECTION('',(0.,1.,0.));
#2293=DIRECTION('',(0.,1.,0.));
#2294=DIRECTION('',(0.,0.,-1.));
#2295=DIRECTION('',(0.,1.,0.));
#2296=DIRECTION('',(0.,1.,0.));
#2297=DIRECTION('',(0.,1.,0.));
#2298=DIRECTION('',(1.,0.,0.));
#2299=DIRECTION('',(0.,1.,0.));
#2300=DIRECTION('',(0.,0.,-1.));
#2301=DIRECTION('',(0.,1.,0.));
#2302=DIRECTION('',(0.,1.,0.));
#2303=DIRECTION('',(1.,0.,0.));
#2304=DIRECTION('',(0.,1.,0.));
#2305=DIRECTION('',(1.,0.,0.));
#2306=DIRECTION('',(0.,1.,0.));
#2307=DIRECTION('',(1.,0.,0.));
#2308=DIRECTION('',(0.,1.,0.));
#2309=DIRECTION('',(1.,0.,0.));
#2310=DIRECTION('',(0.,1.,0.));
#2311=DIRECTION('',(1.,0.,0.));
#2312=DIRECTION('',(0.,1.,0.));
#2313=DIRECTION('',(1.,0.,0.));
#2314=DIRECTION('',(0.,1.,0.));
#2315=DIRECTION('',(1.,0.,0.));
#2316=DIRECTION('',(0.,1.,0.));
#2317=DIRECTION('',(1.,0.,0.));
#2318=DIRECTION('',(0.,1.,0.));
#2319=DIRECTION('',(1.,0.,0.));
#2320=DIRECTION('',(0.,1.,0.));
#2321=DIRECTION('',(1.,0.,0.));
#2322=DIRECTION('',(0.,1.,0.));
#2323=DIRECTION('',(1.,0.,0.));
#2324=DIRECTION('',(0.,1.,0.));
#2325=DIRECTION('',(1.,0.,0.));
#2326=DIRECTION('',(0.,1.,0.));
#2327=DIRECTION('',(1.,0.,0.));
#2328=DIRECTION('',(0.,1.,0.));
#2329=DIRECTION('',(1.,0.,0.));
#2330=DIRECTION('',(0.,1.,0.));
#2331=DIRECTION('',(1.,0.,0.));
#2332=DIRECTION('',(0.,1.,0.));
#2333=DIRECTION('',(1.,0.,0.));
#2334=DIRECTION('',(0.,1.,0.));
#2335=DIRECTION('',(1.,0.,0.));
#2336=DIRECTION('',(0.830523427678288,0.,0.556983694624454));
#2337=DIRECTION('',(0.556983694624454,0.,-0.830523427678288));
#2338=DIRECTION('',(0.556983694624454,0.,-0.830523427678288));
#2339=DIRECTION('',(0.556983694624454,0.,-0.830523427678288));
#2340=DIRECTION('',(0.,1.,0.));
#2341=DIRECTION('',(-0.846206412951448,0.,0.532855239891514));
#2342=DIRECTION('',(0.532855239891514,0.,0.846206412951448));
#2343=DIRECTION('',(0.532855239891514,0.,0.846206412951448));
#2344=DIRECTION('',(0.532855239891514,0.,0.846206412951448));
#2345=DIRECTION('',(0.,1.,0.));
#2346=DIRECTION('',(0.,-1.,0.));
#2347=DIRECTION('',(1.,0.,0.));
#2348=DIRECTION('',(0.,-1.,0.));
#2349=DIRECTION('',(-1.,0.,0.));
#2350=DIRECTION('',(0.,-1.,0.));
#2351=DIRECTION('',(-1.,0.,0.));
#2352=DIRECTION('',(0.,-1.,0.));
#2353=DIRECTION('',(-1.,0.,0.));
#2354=DIRECTION('',(0.,-1.,0.));
#2355=DIRECTION('',(-1.,0.,0.));
#2356=DIRECTION('',(0.,-1.,0.));
#2357=DIRECTION('',(-1.,0.,0.));
#2358=DIRECTION('',(0.,0.,1.));
#2359=DIRECTION('',(1.,0.,0.));
#2360=DIRECTION('',(0.,0.,1.));
#2361=DIRECTION('',(0.,-1.,0.));
#2362=DIRECTION('',(1.,0.,0.));
#2363=DIRECTION('',(0.,-1.,0.));
#2364=DIRECTION('',(-1.,0.,0.));
#2365=DIRECTION('',(0.,-1.,0.));
#2366=DIRECTION('',(-1.,0.,0.));
#2367=DIRECTION('',(0.,-1.,0.));
#2368=DIRECTION('',(-1.,0.,0.));
#2369=DIRECTION('',(0.,-1.,0.));
#2370=DIRECTION('',(-1.,0.,0.));
#2371=DIRECTION('',(0.,-1.,0.));
#2372=DIRECTION('',(-1.,0.,0.));
#2373=DIRECTION('',(0.,0.,1.));
#2374=DIRECTION('',(1.,0.,0.));
#2375=DIRECTION('',(0.,0.,1.));
#2376=DIRECTION('',(-1.,0.,0.));
#2377=DIRECTION('',(0.,1.,0.));
#2378=DIRECTION('',(0.,1.,0.));
#2379=DIRECTION('',(-1.,0.,0.));
#2380=DIRECTION('',(0.,1.,0.));
#2381=DIRECTION('',(0.,1.,0.));
#2382=DIRECTION('',(0.,1.,0.));
#2383=DIRECTION('',(1.,0.,0.));
#2384=DIRECTION('',(0.,1.,0.));
#2385=DIRECTION('',(1.,0.,0.));
#2386=DIRECTION('',(0.,1.,0.));
#2387=DIRECTION('',(1.,0.,0.));
#2388=DIRECTION('',(0.,1.,0.));
#2389=DIRECTION('',(1.,0.,0.));
#2390=DIRECTION('',(0.,0.,1.));
#2391=DIRECTION('',(0.,-1.,0.));
#2392=DIRECTION('',(0.,1.,0.));
#2393=DIRECTION('',(1.,0.,0.));
#2394=CARTESIAN_POINT('',(0.,0.,0.));
#2395=CARTESIAN_POINT('',(0.141723942011595,-0.007085,0.0681403895616531));
#2396=CARTESIAN_POINT('',(0.182614101414391,-0.007085,0.0681403895616532));
#2397=CARTESIAN_POINT('',(0.182614101414391,-0.00491221,0.0681403895616532));
#2398=CARTESIAN_POINT('',(0.182614101414391,0.006415,0.0681403895616532));
#2399=CARTESIAN_POINT('',(0.100833782608798,-0.00491221,0.0681403895616531));
#2400=CARTESIAN_POINT('',(0.100833782608798,-0.00491221,0.0681403895616531));
#2401=CARTESIAN_POINT('',(0.100833782608798,-0.007085,0.0681403895616531));
#2402=CARTESIAN_POINT('',(0.100833782608798,0.006415,0.0681403895616531));
#2403=CARTESIAN_POINT('',(0.141723942011595,0.006415,0.0681403895616531));
#2404=CARTESIAN_POINT('',(0.110687550157309,0.00629625981673598,0.0681403895616531));
#2405=CARTESIAN_POINT('',(0.114301942288876,0.00629625981673598,0.0681403895616531));
#2406=CARTESIAN_POINT('',(0.107073158025742,0.00629625981673598,0.0681403895616531));
#2407=CARTESIAN_POINT('',(0.107322562893403,0.00422806083224713,0.0681403895616531));
#2408=CARTESIAN_POINT('',(0.107073158025742,0.00215986184775828,0.0681403895616531));
#2409=CARTESIAN_POINT('',(0.110687550157309,0.00215986184775829,0.0681403895616531));
#2410=CARTESIAN_POINT('',(0.114301942288876,0.00215986184775829,0.0681403895616531));
#2411=CARTESIAN_POINT('',(0.113919257980054,0.00422806083224713,0.0681403895616531));
#2412=CARTESIAN_POINT('',(0.141723942011595,0.006415,0.0691403895616531));
#2413=CARTESIAN_POINT('',(0.121482525117958,0.006415,0.0691403895616531));
#2414=CARTESIAN_POINT('',(0.121482525117958,-0.0031,0.0691403895616531));
#2415=CARTESIAN_POINT('',(0.121482525117958,0.,0.0691403895616531));
#2416=CARTESIAN_POINT('',(0.141723942011595,-0.0031,0.0691403895616531));
#2417=CARTESIAN_POINT('',(0.101462963856232,-0.0031,0.0691403895616531));
#2418=CARTESIAN_POINT('',(0.101462963856232,0.006415,0.0691403895616531));
#2419=CARTESIAN_POINT('',(0.101462963856232,0.,0.0691403895616531));
#2420=CARTESIAN_POINT('',(0.141723942011595,0.,0.0691403895616531));
#2421=CARTESIAN_POINT('',(0.16501224425156,0.006415,0.0691403895616531));
#2422=CARTESIAN_POINT('',(0.16501224425156,-0.0031,0.0691403895616531));
#2423=CARTESIAN_POINT('',(0.16501224425156,0.,0.0691403895616531));
#2424=CARTESIAN_POINT('',(0.141723942011595,-0.0031,0.0691403895616531));
#2425=CARTESIAN_POINT('',(0.129245201248108,-0.0031,0.0691403895616531));
#2426=CARTESIAN_POINT('',(0.129245201248108,0.006415,0.0691403895616531));
#2427=CARTESIAN_POINT('',(0.129245201248108,0.,0.0691403895616531));
#2428=CARTESIAN_POINT('',(0.141723942011595,0.,0.0691403895616531));
#2429=CARTESIAN_POINT('',(0.141723942011595,-0.005085,0.0691403895616531));
#2430=CARTESIAN_POINT('',(0.100833782608798,-0.005085,0.0691403895616531));
#2431=CARTESIAN_POINT('',(0.182614101414391,-0.005085,0.0691403895616532));
#2432=CARTESIAN_POINT('',(0.182614101414391,0.006415,0.0691403895616532));
#2433=CARTESIAN_POINT('',(0.182614101414391,0.006415,0.0691403895616532));
#2434=CARTESIAN_POINT('',(0.141723942011595,0.006415,0.0691403895616531));
#2435=CARTESIAN_POINT('',(0.100833782608798,0.006415,0.0691403895616531));
#2436=CARTESIAN_POINT('',(0.100833782608798,0.006415,0.0691403895616531));
#2437=CARTESIAN_POINT('',(0.141723942011595,0.00629625981673599,0.0691403895616531));
#2438=CARTESIAN_POINT('',(0.114301942288876,0.00629625981673598,0.0691403895616531));
#2439=CARTESIAN_POINT('',(0.107073158025742,0.00629625981673598,0.0691403895616531));
#2440=CARTESIAN_POINT('',(0.113919257980054,0.00422806083224713,0.0691403895616531));
#2441=CARTESIAN_POINT('',(0.114301942288876,0.00215986184775829,0.0691403895616531));
#2442=CARTESIAN_POINT('',(0.141723942011595,0.00215986184775832,0.0691403895616531));
#2443=CARTESIAN_POINT('',(0.107073158025742,0.00215986184775828,0.0691403895616531));
#2444=CARTESIAN_POINT('',(0.107322562893403,0.00422806083224713,0.0691403895616531));
#2445=CARTESIAN_POINT('',(0.18454547226429,0.006415,0.0981566235423088));
#2446=CARTESIAN_POINT('',(0.18454547226429,-0.005085,0.0981566235423088));
#2447=CARTESIAN_POINT('',(0.18454547226429,-0.005085,0.125241486673066));
#2448=CARTESIAN_POINT('',(0.18454547226429,-0.005085,0.0710717604115516));
#2449=CARTESIAN_POINT('',(0.18454547226429,0.006415,0.125241486673066));
#2450=CARTESIAN_POINT('',(0.18454547226429,0.006415,0.125241486673066));
#2451=CARTESIAN_POINT('',(0.18454547226429,0.006415,0.0981566235423088));
#2452=CARTESIAN_POINT('',(0.18454547226429,0.006415,0.0710717604115516));
#2453=CARTESIAN_POINT('',(0.18454547226429,0.006415,0.0710717604115516));
#2454=CARTESIAN_POINT('',(0.18454547226429,-0.0022612241286829,0.0841683604098812));
#2455=CARTESIAN_POINT('',(0.18454547226429,-0.00226122412868291,0.083202674984932));
#2456=CARTESIAN_POINT('',(0.18454547226429,-0.00322690955363214,0.0841683604098812));
#2457=CARTESIAN_POINT('',(0.18454547226429,0.006415,0.083202674984932));
#2458=CARTESIAN_POINT('',(0.18454547226429,-0.000965685424949195,0.083202674984932));
#2459=CARTESIAN_POINT('',(0.18454547226429,-0.000965685424949219,0.0841683604098812));
#2460=CARTESIAN_POINT('',(0.18454547226429,4.30889654303827E-17,0.0841683604098812));
#2461=CARTESIAN_POINT('',(0.18454547226429,4.25007251614318E-17,0.0981566235423088));
#2462=CARTESIAN_POINT('',(0.18454547226429,4.31345999170429E-17,0.0952582873128399));
#2463=CARTESIAN_POINT('',(0.18454547226429,-0.000965685424949219,0.0952582873128399));
#2464=CARTESIAN_POINT('',(0.18454547226429,-0.000965685424949195,0.0962239727377892));
#2465=CARTESIAN_POINT('',(0.18454547226429,0.006415,0.0962239727377892));
#2466=CARTESIAN_POINT('',(0.18454547226429,-0.0022612241286829,0.0962239727377891));
#2467=CARTESIAN_POINT('',(0.18454547226429,-0.0022612241286829,0.0952582873128399));
#2468=CARTESIAN_POINT('',(0.18454547226429,-0.00322690955363213,0.0952582873128399));
#2469=CARTESIAN_POINT('',(0.18454547226429,-0.00322690955363214,0.0981566235423088));
#2470=CARTESIAN_POINT('',(0.0979024117588997,-0.007085,0.0981566235423088));
#2471=CARTESIAN_POINT('',(0.0979024117588997,-0.007085,0.0710717604115516));
#2472=CARTESIAN_POINT('',(0.0979024117588997,-0.00491221,0.0710717604115516));
#2473=CARTESIAN_POINT('',(0.0979024117588997,0.006415,0.0710717604115516));
#2474=CARTESIAN_POINT('',(0.0979024117588997,-0.00491221,0.125241486673066));
#2475=CARTESIAN_POINT('',(0.0979024117588997,-0.00491221,0.125241486673066));
#2476=CARTESIAN_POINT('',(0.0979024117588997,-0.007085,0.125241486673066));
#2477=CARTESIAN_POINT('',(0.0979024117588997,0.006415,0.125241486673066));
#2478=CARTESIAN_POINT('',(0.0979024117588997,0.006415,0.0981566235423088));
#2479=CARTESIAN_POINT('',(0.100833782608798,-0.007085,0.0710717604115516));
#2480=CARTESIAN_POINT('',(0.100833782608798,-0.00491221,0.0710717604115516));
#2481=CARTESIAN_POINT('',(0.100833782608798,0.006415,0.0710717604115516));
#2482=CARTESIAN_POINT('',(0.182614101414391,-0.007085,0.0710717604115516));
#2483=CARTESIAN_POINT('',(0.18554547226429,-0.007085,0.0710717604115516));
#2484=CARTESIAN_POINT('',(0.18554547226429,-0.00491221,0.0710717604115516));
#2485=CARTESIAN_POINT('',(0.18554547226429,0.006415,0.0710717604115516));
#2486=CARTESIAN_POINT('',(0.182614101414391,-0.00491221,0.0710717604115516));
#2487=CARTESIAN_POINT('',(0.182614101414391,0.006415,0.0710717604115516));
#2488=CARTESIAN_POINT('',(0.18554547226429,-0.007085,0.0981566235423088));
#2489=CARTESIAN_POINT('',(0.18554547226429,-0.000965685424949219,0.0841683604098812));
#2490=CARTESIAN_POINT('',(0.18554547226429,-0.000965685424949195,0.083202674984932));
#2491=CARTESIAN_POINT('',(0.18554547226429,4.332245241276E-17,0.0841683604098812));
#2492=CARTESIAN_POINT('',(0.18554547226429,-0.00161345477681605,0.083202674984932));
#2493=CARTESIAN_POINT('',(0.18554547226429,-0.0022612241286829,0.083202674984932));
#2494=CARTESIAN_POINT('',(0.18554547226429,-0.0022612241286829,0.0841683604098812));
#2495=CARTESIAN_POINT('',(0.18554547226429,-0.00322690955363214,0.0841683604098812));
#2496=CARTESIAN_POINT('',(0.18554547226429,-0.00322690955363214,0.0897133238613606));
#2497=CARTESIAN_POINT('',(0.18554547226429,-0.00322690955363214,0.0952582873128399));
#2498=CARTESIAN_POINT('',(0.18554547226429,-0.0022612241286829,0.0952582873128399));
#2499=CARTESIAN_POINT('',(0.18554547226429,-0.0022612241286829,0.0962239727377891));
#2500=CARTESIAN_POINT('',(0.18554547226429,-0.00161345477681605,0.0962239727377892));
#2501=CARTESIAN_POINT('',(0.18554547226429,-0.000965685424949195,0.0962239727377892));
#2502=CARTESIAN_POINT('',(0.18554547226429,-0.000965685424949219,0.0952582873128399));
#2503=CARTESIAN_POINT('',(0.18554547226429,4.33680868994202E-17,0.0952582873128399));
#2504=CARTESIAN_POINT('',(0.18554547226429,4.332245241276E-17,0.0897133238613606));
#2505=CARTESIAN_POINT('',(0.18554547226429,-0.007085,0.125241486673066));
#2506=CARTESIAN_POINT('',(0.18554547226429,-0.00491221,0.125241486673066));
#2507=CARTESIAN_POINT('',(0.18554547226429,0.006415,0.125241486673066));
#2508=CARTESIAN_POINT('',(0.18554547226429,-0.00491221,0.0981566235423088));
#2509=CARTESIAN_POINT('',(0.18554547226429,0.006415,0.0981566235423088));
#2510=CARTESIAN_POINT('',(0.182614101414391,-0.007085,0.125241486673066));
#2511=CARTESIAN_POINT('',(0.182614101414391,-0.007085,0.128172857522964));
#2512=CARTESIAN_POINT('',(0.182614101414391,-0.00491221,0.128172857522964));
#2513=CARTESIAN_POINT('',(0.182614101414391,0.006415,0.128172857522964));
#2514=CARTESIAN_POINT('',(0.182614101414391,-0.00491221,0.125241486673066));
#2515=CARTESIAN_POINT('',(0.182614101414391,0.006415,0.125241486673066));
#2516=CARTESIAN_POINT('',(0.141723942011595,-0.007085,0.128172857522964));
#2517=CARTESIAN_POINT('',(0.100833782608798,-0.007085,0.128172857522964));
#2518=CARTESIAN_POINT('',(0.100833782608798,-0.00491221,0.128172857522964));
#2519=CARTESIAN_POINT('',(0.100833782608798,0.006415,0.128172857522964));
#2520=CARTESIAN_POINT('',(0.141723942011595,-0.00491221,0.128172857522964));
#2521=CARTESIAN_POINT('',(0.105924881489448,-0.00491221,0.128172857522964));
#2522=CARTESIAN_POINT('',(0.10800664126873,-0.00260965223424137,0.128172857522964));
#2523=CARTESIAN_POINT('',(0.110088401048012,-0.00491221,0.128172857522964));
#2524=CARTESIAN_POINT('',(0.141723942011595,-0.00491221,0.128172857522964));
#2525=CARTESIAN_POINT('',(0.141723942011595,0.006415,0.128172857522964));
#2526=CARTESIAN_POINT('',(0.100833782608798,-0.007085,0.125241486673066));
#2527=CARTESIAN_POINT('',(0.100833782608798,-0.00491221,0.125241486673066));
#2528=CARTESIAN_POINT('',(0.100833782608798,0.006415,0.125241486673066));
#2529=CARTESIAN_POINT('',(0.141723942011595,-0.007085,0.0981566235423088));
#2530=CARTESIAN_POINT('',(0.100833782608798,-0.007085,0.125241486673066));
#2531=CARTESIAN_POINT('',(0.100833782608798,-0.007085,0.126000067522964));
#2532=CARTESIAN_POINT('',(0.1000752017589,-0.007085,0.125241486673066));
#2533=CARTESIAN_POINT('',(0.1000752017589,-0.007085,0.0710717604115516));
#2534=CARTESIAN_POINT('',(0.1000752017589,-0.007085,0.0710717604115516));
#2535=CARTESIAN_POINT('',(0.100833782608798,-0.007085,0.0710717604115516));
#2536=CARTESIAN_POINT('',(0.100833782608798,-0.007085,0.0703131795616531));
#2537=CARTESIAN_POINT('',(0.182614101414391,-0.007085,0.0703131795616531));
#2538=CARTESIAN_POINT('',(0.182614101414391,-0.007085,0.0703131795616531));
#2539=CARTESIAN_POINT('',(0.182614101414391,-0.007085,0.0710717604115516));
#2540=CARTESIAN_POINT('',(0.18337268226429,-0.007085,0.0710717604115516));
#2541=CARTESIAN_POINT('',(0.18337268226429,-0.007085,0.0981566235423088));
#2542=CARTESIAN_POINT('',(0.18337268226429,-0.007085,0.125241486673066));
#2543=CARTESIAN_POINT('',(0.182614101414391,-0.007085,0.125241486673066));
#2544=CARTESIAN_POINT('',(0.182614101414391,-0.007085,0.126000067522964));
#2545=CARTESIAN_POINT('',(0.141723942011595,-0.007085,0.126000067522964));
#2546=CARTESIAN_POINT('',(0.100833782608798,0.006415,0.0710717604115516));
#2547=CARTESIAN_POINT('',(0.0991401527225087,0.006415,0.0701434225592023));
#2548=CARTESIAN_POINT('',(0.0991401527225087,-0.0031,0.0701434225592023));
#2549=CARTESIAN_POINT('',(0.0991401527225087,0.,0.0701434225592023));
#2550=CARTESIAN_POINT('',(0.100833782608798,-0.0031,0.0710717604115516));
#2551=CARTESIAN_POINT('',(0.0989024117588997,-0.0031,0.0710717604115516));
#2552=CARTESIAN_POINT('',(0.0989024117588997,0.006415,0.0710717604115516));
#2553=CARTESIAN_POINT('',(0.0989024117588997,-0.005085,0.0710717604115516));
#2554=CARTESIAN_POINT('',(0.100833782608798,-0.005085,0.0710717604115516));
#2555=CARTESIAN_POINT('',(0.100833782608798,0.006415,0.0710717604115516));
#2556=CARTESIAN_POINT('',(0.0989024117588997,0.006415,0.0710717604115516));
#2557=CARTESIAN_POINT('',(0.0989024117588997,0.006415,0.0710717604115516));
#2558=CARTESIAN_POINT('',(0.0989024117588997,0.,0.0710717604115516));
#2559=CARTESIAN_POINT('',(0.100833782608798,0.,0.0710717604115516));
#2560=CARTESIAN_POINT('',(0.0989024117588997,0.006415,0.0981566235423088));
#2561=CARTESIAN_POINT('',(0.0989024117588997,-0.0031,0.0981566235423088));
#2562=CARTESIAN_POINT('',(0.0989024117588997,-0.0031,0.101688839298994));
#2563=CARTESIAN_POINT('',(0.0989024117588997,0.006415,0.101688839298994));
#2564=CARTESIAN_POINT('',(0.0989024117588997,0.,0.101688839298994));
#2565=CARTESIAN_POINT('',(0.0989024117588997,0.,0.0981566235423088));
#2566=CARTESIAN_POINT('',(0.0989024117588997,0.006415,0.0981566235423088));
#2567=CARTESIAN_POINT('',(0.0989024117588997,0.006415,0.125241486673066));
#2568=CARTESIAN_POINT('',(0.0989024117588997,0.006415,0.125241486673066));
#2569=CARTESIAN_POINT('',(0.0989024117588997,-0.005085,0.125241486673066));
#2570=CARTESIAN_POINT('',(0.0989024117588997,-0.005085,0.0981566235423088));
#2571=CARTESIAN_POINT('',(0.100833782608798,0.006415,0.125241486673066));
#2572=CARTESIAN_POINT('',(0.100833782608798,-0.005085,0.125241486673066));
#2573=CARTESIAN_POINT('',(0.100833782608798,-0.005085,0.127172857522964));
#2574=CARTESIAN_POINT('',(0.100833782608798,0.006415,0.125241486673066));
#2575=CARTESIAN_POINT('',(0.100833782608798,0.006415,0.127172857522964));
#2576=CARTESIAN_POINT('',(0.100833782608798,0.006415,0.127172857522964));
#2577=CARTESIAN_POINT('',(0.141723942011595,0.006415,0.127172857522964));
#2578=CARTESIAN_POINT('',(0.141723942011595,-0.0031,0.127172857522964));
#2579=CARTESIAN_POINT('',(0.180509447365312,-0.0031,0.127172857522964));
#2580=CARTESIAN_POINT('',(0.116110600784304,-0.0031,0.127172857522964));
#2581=CARTESIAN_POINT('',(0.180509447365312,0.006415,0.127172857522964));
#2582=CARTESIAN_POINT('',(0.180509447365312,0.,0.127172857522964));
#2583=CARTESIAN_POINT('',(0.141723942011595,0.,0.127172857522964));
#2584=CARTESIAN_POINT('',(0.116110600784304,0.,0.127172857522964));
#2585=CARTESIAN_POINT('',(0.116110600784304,0.006415,0.127172857522964));
#2586=CARTESIAN_POINT('',(0.10800664126873,-0.00260965223424137,0.127172857522964));
#2587=CARTESIAN_POINT('',(0.10613363580108,-0.005085,0.127172857522964));
#2588=CARTESIAN_POINT('',(0.10987964673638,-0.005085,0.127172857522964));
#2589=CARTESIAN_POINT('',(0.141723942011595,-0.005085,0.127172857522964));
#2590=CARTESIAN_POINT('',(0.141723942011595,0.006415,0.127172857522964));
#2591=CARTESIAN_POINT('',(0.182614101414391,0.006415,0.127172857522964));
#2592=CARTESIAN_POINT('',(0.182614101414391,0.006415,0.127172857522964));
#2593=CARTESIAN_POINT('',(0.182614101414391,-0.005085,0.127172857522964));
#2594=CARTESIAN_POINT('',(0.141723942011595,-0.005085,0.127172857522964));
#2595=CARTESIAN_POINT('',(0.182614101414391,0.006415,0.125241486673066));
#2596=CARTESIAN_POINT('',(0.182614101414391,-0.005085,0.125241486673066));
#2597=CARTESIAN_POINT('',(0.182614101414391,0.006415,0.125241486673066));
#2598=CARTESIAN_POINT('',(0.182614101414391,0.006415,0.0710717604115517));
#2599=CARTESIAN_POINT('',(0.182614101414391,-0.005085,0.0710717604115517));
#2600=CARTESIAN_POINT('',(0.182614101414391,0.006415,0.0710717604115517));
#2601=CARTESIAN_POINT('',(0.141723942011595,0.006415,0.0981566235423088));
#2602=CARTESIAN_POINT('',(0.141723942011595,-0.005085,0.0981566235423088));
#2603=CARTESIAN_POINT('',(0.141723942011595,-0.005085,0.103172857522964));
#2604=CARTESIAN_POINT('',(0.10987964673638,-0.005085,0.103172857522964));
#2605=CARTESIAN_POINT('',(0.10613363580108,-0.005085,0.103172857522964));
#2606=CARTESIAN_POINT('',(0.10987964673638,-0.005085,0.103172857522964));
#2607=CARTESIAN_POINT('',(0.10613363580108,-0.005085,0.103172857522964));
#2608=CARTESIAN_POINT('',(0.16054547226429,-0.00161345477681605,0.083202674984932));
#2609=CARTESIAN_POINT('',(0.16054547226429,-0.00226122412868291,0.083202674984932));
#2610=CARTESIAN_POINT('',(0.16054547226429,-0.000965685424949201,0.083202674984932));
#2611=CARTESIAN_POINT('',(0.16054547226429,-0.000965685424949225,0.0841683604098812));
#2612=CARTESIAN_POINT('',(0.16054547226429,3.74852778533276E-17,0.0841683604098812));
#2613=CARTESIAN_POINT('',(0.16054547226429,3.74852778533276E-17,0.0897133238613606));
#2614=CARTESIAN_POINT('',(0.16054547226429,3.75309123399877E-17,0.0952582873128399));
#2615=CARTESIAN_POINT('',(0.16054547226429,-0.000965685424949225,0.0952582873128399));
#2616=CARTESIAN_POINT('',(0.16054547226429,-0.000965685424949201,0.0962239727377892));
#2617=CARTESIAN_POINT('',(0.16054547226429,-0.00161345477681605,0.0962239727377892));
#2618=CARTESIAN_POINT('',(0.16054547226429,-0.00226122412868291,0.0962239727377891));
#2619=CARTESIAN_POINT('',(0.16054547226429,-0.00226122412868291,0.0952582873128399));
#2620=CARTESIAN_POINT('',(0.16054547226429,-0.00322690955363213,0.0952582873128399));
#2621=CARTESIAN_POINT('',(0.16054547226429,-0.00322690955363214,0.0897133238613606));
#2622=CARTESIAN_POINT('',(0.16054547226429,-0.00322690955363214,0.0841683604098812));
#2623=CARTESIAN_POINT('',(0.16054547226429,-0.00226122412868291,0.0841683604098812));
#2624=CARTESIAN_POINT('',(0.10800664126873,-0.00260965223424136,0.103172857522964));
#2625=CARTESIAN_POINT('',(0.105924881489448,-0.00491221,0.128172857522964));
#2626=CARTESIAN_POINT('',(0.106496777886105,-0.00542926582990463,0.128172857522964));
#2627=CARTESIAN_POINT('',(0.108002776193032,-0.00599864572904203,0.127866352613703));
#2628=CARTESIAN_POINT('',(0.109517365076528,-0.00542848791304,0.128172857522964));
#2629=CARTESIAN_POINT('',(0.110088401048012,-0.00491221,0.128172857522964));
#2630=CARTESIAN_POINT('',(0.10800664126873,-0.00260965223424136,0.103172857522964));
#2631=CARTESIAN_POINT('',(0.141723942011595,-0.000334999999999991,0.103172857522964));
#2632=CARTESIAN_POINT('',(0.110687550157309,0.00629625981673598,0.0931403895616531));
#2633=CARTESIAN_POINT('',(0.107073158025742,0.00629625981673598,0.0931403895616531));
#2634=CARTESIAN_POINT('',(0.114301942288876,0.00629625981673598,0.0931403895616531));
#2635=CARTESIAN_POINT('',(0.113919257980054,0.00422806083224713,0.0931403895616531));
#2636=CARTESIAN_POINT('',(0.114301942288876,0.00215986184775829,0.0931403895616531));
#2637=CARTESIAN_POINT('',(0.110687550157309,0.00215986184775828,0.0931403895616531));
#2638=CARTESIAN_POINT('',(0.107073158025742,0.00215986184775828,0.0931403895616531));
#2639=CARTESIAN_POINT('',(0.107322562893403,0.00422806083224713,0.0931403895616531));
#2640=CARTESIAN_POINT('',(0.18337268226429,-0.00491221,0.0981566235423088));
#2641=CARTESIAN_POINT('',(0.18337268226429,-0.00491221,0.0710717604115516));
#2642=CARTESIAN_POINT('',(0.18337268226429,-0.00491221,0.125241486673066));
#2643=CARTESIAN_POINT('',(0.182614101414391,-0.00491221,0.125241486673066));
#2644=CARTESIAN_POINT('',(0.182614101414391,-0.00491221,0.126000067522964));
#2645=CARTESIAN_POINT('',(0.182614101414391,-0.00491221,0.0710717604115516));
#2646=CARTESIAN_POINT('',(0.182614101414391,-0.00491221,0.0703131795616532));
#2647=CARTESIAN_POINT('',(0.141723942011595,-0.00491221,0.126000067522964));
#2648=CARTESIAN_POINT('',(0.100833782608798,-0.00491221,0.126000067522964));
#2649=CARTESIAN_POINT('',(0.141723942011595,-0.00491221,0.0703131795616531));
#2650=CARTESIAN_POINT('',(0.100833782608798,-0.00491221,0.0703131795616531));
#2651=CARTESIAN_POINT('',(0.100833782608798,-0.00491221,0.125241486673066));
#2652=CARTESIAN_POINT('',(0.1000752017589,-0.00491221,0.125241486673066));
#2653=CARTESIAN_POINT('',(0.100833782608798,-0.00491221,0.0710717604115516));
#2654=CARTESIAN_POINT('',(0.1000752017589,-0.00491221,0.0710717604115516));
#2655=CARTESIAN_POINT('',(0.1000752017589,-0.00491221,0.0981566235423088));
#2656=CARTESIAN_POINT('',(0.143127556890249,-0.0031,0.12094110250473));
#2657=CARTESIAN_POINT('',(0.143127556890249,0.,0.12094110250473));
#2658=CARTESIAN_POINT('',(0.114726237952709,0.,0.12094110250473));
#2659=CARTESIAN_POINT('',(0.17152887582779,0.,0.12094110250473));
#2660=CARTESIAN_POINT('',(0.17152887582779,-0.0031,0.12094110250473));
#2661=CARTESIAN_POINT('',(0.17152887582779,-0.0031,0.12094110250473));
#2662=CARTESIAN_POINT('',(0.143127556890249,-0.0031,0.12094110250473));
#2663=CARTESIAN_POINT('',(0.114726237952709,-0.0031,0.12094110250473));
#2664=CARTESIAN_POINT('',(0.114726237952709,-0.0031,0.12094110250473));
#2665=CARTESIAN_POINT('',(0.17152887582779,-0.0031,0.115223955363035));
#2666=CARTESIAN_POINT('',(0.17152887582779,0.,0.115223955363035));
#2667=CARTESIAN_POINT('',(0.17152887582779,0.,0.10950680822134));
#2668=CARTESIAN_POINT('',(0.17152887582779,-0.0031,0.10950680822134));
#2669=CARTESIAN_POINT('',(0.17152887582779,-0.0031,0.10950680822134));
#2670=CARTESIAN_POINT('',(0.17152887582779,-0.0031,0.115223955363035));
#2671=CARTESIAN_POINT('',(0.176287017762661,-0.0031,0.10950680822134));
#2672=CARTESIAN_POINT('',(0.176287017762661,0.,0.10950680822134));
#2673=CARTESIAN_POINT('',(0.181045159697533,0.,0.10950680822134));
#2674=CARTESIAN_POINT('',(0.181045159697533,-0.0031,0.10950680822134));
#2675=CARTESIAN_POINT('',(0.181045159697533,-0.0031,0.10950680822134));
#2676=CARTESIAN_POINT('',(0.176287017762661,-0.0031,0.10950680822134));
#2677=CARTESIAN_POINT('',(0.181045159697533,-0.0031,0.123720551252346));
#2678=CARTESIAN_POINT('',(0.181045159697533,0.,0.123720551252346));
#2679=CARTESIAN_POINT('',(0.181045159697533,0.,0.126499999999962));
#2680=CARTESIAN_POINT('',(0.181045159697533,-0.0031,0.126499999999962));
#2681=CARTESIAN_POINT('',(0.181045159697533,-0.0031,0.126499999999962));
#2682=CARTESIAN_POINT('',(0.181045159697533,-0.0031,0.123720551252346));
#2683=CARTESIAN_POINT('',(0.180504284799099,-0.0031,0.127179341733437));
#2684=CARTESIAN_POINT('',(0.180504284799099,0.,0.127179341733437));
#2685=CARTESIAN_POINT('',(0.180504284799099,-0.0031,0.127179341733437));
#2686=CARTESIAN_POINT('',(0.115762956440449,-0.0031,0.12700388801096));
#2687=CARTESIAN_POINT('',(0.115762956440449,-0.0031,0.12700388801096));
#2688=CARTESIAN_POINT('',(0.114726237952709,-0.0031,0.126499999999962));
#2689=CARTESIAN_POINT('',(0.115762956440449,0.,0.12700388801096));
#2690=CARTESIAN_POINT('',(0.114726237952709,0.,0.126499999999962));
#2691=CARTESIAN_POINT('',(0.114726237952709,-0.0031,0.126499999999962));
#2692=CARTESIAN_POINT('',(0.114726237952709,-0.0031,0.123720551252346));
#2693=CARTESIAN_POINT('',(0.114726237952709,0.,0.123720551252346));
#2694=CARTESIAN_POINT('',(0.114726237952709,-0.0031,0.123720551252346));
#2695=CARTESIAN_POINT('',(0.141151188015938,-0.0031,0.0982506833970547));
#2696=CARTESIAN_POINT('',(0.141151188015938,0.,0.0982506833970547));
#2697=CARTESIAN_POINT('',(0.121741320937872,-0.0031,0.0693652069568625));
#2698=CARTESIAN_POINT('',(0.121741320937872,-0.0031,0.0693652069568625));
#2699=CARTESIAN_POINT('',(0.122472055256367,-0.0031,0.0699999999999982));
#2700=CARTESIAN_POINT('',(0.121741320937872,0.,0.0693652069568625));
#2701=CARTESIAN_POINT('',(0.122472055256367,0.,0.0699999999999982));
#2702=CARTESIAN_POINT('',(0.122472055256367,-0.0031,0.0699999999999982));
#2703=CARTESIAN_POINT('',(0.100482378154993,-0.0031,0.0695638246834278));
#2704=CARTESIAN_POINT('',(0.100482378154993,0.,0.0695638246834278));
#2705=CARTESIAN_POINT('',(0.100482378154993,-0.0031,0.0695638246834278));
#2706=CARTESIAN_POINT('',(0.0990261880159369,-0.0031,0.102299690246582));
#2707=CARTESIAN_POINT('',(0.0990261880159369,0.,0.102299690246582));
#2708=CARTESIAN_POINT('',(0.0994999999999981,0.,0.104638010263443));
#2709=CARTESIAN_POINT('',(0.0990261880159369,-0.0031,0.102299690246582));
#2710=CARTESIAN_POINT('',(0.0994999999999981,-0.0031,0.104638010263443));
#2711=CARTESIAN_POINT('',(0.0994999999999981,-0.0031,0.104638010263443));
#2712=CARTESIAN_POINT('',(0.141151188015938,-0.0031,0.0982506833970547));
#2713=CARTESIAN_POINT('',(0.105,-0.0031,0.104));
#2714=CARTESIAN_POINT('',(0.10485,-0.0031,0.104));
#2715=CARTESIAN_POINT('',(0.11225,-0.0031,0.10375));
#2716=CARTESIAN_POINT('',(0.1121,-0.0031,0.10375));
#2717=CARTESIAN_POINT('',(0.10625,-0.0031,0.0915));
#2718=CARTESIAN_POINT('',(0.1061,-0.0031,0.0915));
#2719=CARTESIAN_POINT('',(0.11525,-0.0031,0.0955));
#2720=CARTESIAN_POINT('',(0.1151,-0.0031,0.0955));
#2721=CARTESIAN_POINT('',(0.11225,-0.0031,0.0915));
#2722=CARTESIAN_POINT('',(0.1121,-0.0031,0.0915));
#2723=CARTESIAN_POINT('',(0.11225,-0.0031,0.0905));
#2724=CARTESIAN_POINT('',(0.1121,-0.0031,0.0905));
#2725=CARTESIAN_POINT('',(0.12025,-0.0031,0.09225));
#2726=CARTESIAN_POINT('',(0.1201,-0.0031,0.09225));
#2727=CARTESIAN_POINT('',(0.10925,-0.0031,0.08925));
#2728=CARTESIAN_POINT('',(0.1091,-0.0031,0.08925));
#2729=CARTESIAN_POINT('',(0.10575,-0.0031,0.08775));
#2730=CARTESIAN_POINT('',(0.1056,-0.0031,0.08775));
#2731=CARTESIAN_POINT('',(0.1099,-0.0031,0.088));
#2732=CARTESIAN_POINT('',(0.10975,-0.0031,0.088));
#2733=CARTESIAN_POINT('',(0.112,-0.0031,0.0885));
#2734=CARTESIAN_POINT('',(0.11185,-0.0031,0.0885));
#2735=CARTESIAN_POINT('',(0.108875,-0.0031,0.084125));
#2736=CARTESIAN_POINT('',(0.108725,-0.0031,0.084125));
#2737=CARTESIAN_POINT('',(0.10925,-0.0031,0.08275));
#2738=CARTESIAN_POINT('',(0.1091,-0.0031,0.08275));
#2739=CARTESIAN_POINT('',(0.105,-0.0031,0.079));
#2740=CARTESIAN_POINT('',(0.10485,-0.0031,0.079));
#2741=CARTESIAN_POINT('',(0.11569162,-0.0031,0.079095125));
#2742=CARTESIAN_POINT('',(0.11554162,-0.0031,0.079095125));
#2743=CARTESIAN_POINT('',(0.100626,-0.0031,0.0785));
#2744=CARTESIAN_POINT('',(0.100476,-0.0031,0.0785));
#2745=CARTESIAN_POINT('',(0.10775,-0.0031,0.0765));
#2746=CARTESIAN_POINT('',(0.1076,-0.0031,0.0765));
#2747=CARTESIAN_POINT('',(0.122472055256367,-0.0031,0.0873190051317206));
#2748=CARTESIAN_POINT('',(0.122472055256367,-0.0031,0.104638010263443));
#2749=CARTESIAN_POINT('',(0.110986027628182,-0.0031,0.104638010263443));
#2750=CARTESIAN_POINT('',(0.108558763655301,-0.0031,0.104638010263443));
#2751=CARTESIAN_POINT('',(0.1085,-0.0031,0.1045));
#2752=CARTESIAN_POINT('',(0.108441236344698,-0.0031,0.104638010263443));
#2753=CARTESIAN_POINT('',(0.110986027628182,-0.0031,0.104638010263443));
#2754=CARTESIAN_POINT('',(0.141151188015938,0.,0.0982506833970547));
#2755=CARTESIAN_POINT('',(0.105,0.,0.104));
#2756=CARTESIAN_POINT('',(0.10485,0.,0.104));
#2757=CARTESIAN_POINT('',(0.11225,0.,0.10375));
#2758=CARTESIAN_POINT('',(0.1121,0.,0.10375));
#2759=CARTESIAN_POINT('',(0.10625,0.,0.0915));
#2760=CARTESIAN_POINT('',(0.1061,0.,0.0915));
#2761=CARTESIAN_POINT('',(0.11525,0.,0.0955));
#2762=CARTESIAN_POINT('',(0.1151,0.,0.0955));
#2763=CARTESIAN_POINT('',(0.11225,0.,0.0915));
#2764=CARTESIAN_POINT('',(0.1121,0.,0.0915));
#2765=CARTESIAN_POINT('',(0.11225,0.,0.0905));
#2766=CARTESIAN_POINT('',(0.1121,0.,0.0905));
#2767=CARTESIAN_POINT('',(0.12025,0.,0.09225));
#2768=CARTESIAN_POINT('',(0.1201,0.,0.09225));
#2769=CARTESIAN_POINT('',(0.10925,0.,0.08925));
#2770=CARTESIAN_POINT('',(0.1091,0.,0.08925));
#2771=CARTESIAN_POINT('',(0.10575,0.,0.08775));
#2772=CARTESIAN_POINT('',(0.1056,0.,0.08775));
#2773=CARTESIAN_POINT('',(0.1099,0.,0.088));
#2774=CARTESIAN_POINT('',(0.10975,0.,0.088));
#2775=CARTESIAN_POINT('',(0.112,0.,0.0885));
#2776=CARTESIAN_POINT('',(0.11185,0.,0.0885));
#2777=CARTESIAN_POINT('',(0.108875,0.,0.084125));
#2778=CARTESIAN_POINT('',(0.108725,0.,0.084125));
#2779=CARTESIAN_POINT('',(0.10925,0.,0.08275));
#2780=CARTESIAN_POINT('',(0.1091,0.,0.08275));
#2781=CARTESIAN_POINT('',(0.105,0.,0.079));
#2782=CARTESIAN_POINT('',(0.10485,0.,0.079));
#2783=CARTESIAN_POINT('',(0.11569162,0.,0.079095125));
#2784=CARTESIAN_POINT('',(0.11554162,0.,0.079095125));
#2785=CARTESIAN_POINT('',(0.100626,0.,0.0785));
#2786=CARTESIAN_POINT('',(0.100476,0.,0.0785));
#2787=CARTESIAN_POINT('',(0.10775,0.,0.0765));
#2788=CARTESIAN_POINT('',(0.1076,0.,0.0765));
#2789=CARTESIAN_POINT('',(0.110986027628182,0.,0.104638010263443));
#2790=CARTESIAN_POINT('',(0.108441236344698,0.,0.104638010263443));
#2791=CARTESIAN_POINT('',(0.1085,0.,0.1045));
#2792=CARTESIAN_POINT('',(0.108558763655301,0.,0.104638010263443));
#2793=CARTESIAN_POINT('',(0.110986027628182,0.,0.104638010263443));
#2794=CARTESIAN_POINT('',(0.122472055256367,0.,0.104638010263443));
#2795=CARTESIAN_POINT('',(0.122472055256367,0.,0.0873190051317206));
#2796=CARTESIAN_POINT('',(0.122472055256367,-0.0031,0.0873190051317206));
#2797=CARTESIAN_POINT('',(0.122472055256367,-0.0031,0.104638010263443));
#2798=CARTESIAN_POINT('',(0.110986027628182,-0.0031,0.104638010263443));
#2799=CARTESIAN_POINT('',(0.108558763655301,-0.0031,0.104638010263443));
#2800=CARTESIAN_POINT('',(0.1085,-0.0031,0.1045));
#2801=CARTESIAN_POINT('',(0.108441236344698,-0.0031,0.104638010263443));
#2802=CARTESIAN_POINT('',(0.110986027628182,-0.0031,0.104638010263443));
#2803=CARTESIAN_POINT('',(0.100626,-0.0031,0.0785));
#2804=CARTESIAN_POINT('',(0.11569162,-0.0031,0.079095125));
#2805=CARTESIAN_POINT('',(0.105,-0.0031,0.079));
#2806=CARTESIAN_POINT('',(0.10925,-0.0031,0.08275));
#2807=CARTESIAN_POINT('',(0.108875,-0.0031,0.084125));
#2808=CARTESIAN_POINT('',(0.112,-0.0031,0.0885));
#2809=CARTESIAN_POINT('',(0.1099,-0.0031,0.088));
#2810=CARTESIAN_POINT('',(0.10575,-0.0031,0.08775));
#2811=CARTESIAN_POINT('',(0.10925,-0.0031,0.08925));
#2812=CARTESIAN_POINT('',(0.12025,-0.0031,0.09225));
#2813=CARTESIAN_POINT('',(0.11225,-0.0031,0.0905));
#2814=CARTESIAN_POINT('',(0.11225,-0.0031,0.0915));
#2815=CARTESIAN_POINT('',(0.11525,-0.0031,0.0955));
#2816=CARTESIAN_POINT('',(0.10625,-0.0031,0.0915));
#2817=CARTESIAN_POINT('',(0.11225,-0.0031,0.10375));
#2818=CARTESIAN_POINT('',(0.105,-0.0031,0.104));
#2819=CARTESIAN_POINT('',(0.10775,-0.0031,0.0765));
#2820=CARTESIAN_POINT('',(0.129094429314136,-0.0031,0.0693652069568625));
#2821=CARTESIAN_POINT('',(0.129094429314136,0.,0.0693652069568625));
#2822=CARTESIAN_POINT('',(0.128668710589409,0.,0.0699999999999982));
#2823=CARTESIAN_POINT('',(0.129094429314136,-0.0031,0.0693652069568625));
#2824=CARTESIAN_POINT('',(0.128668710589409,-0.0031,0.0699999999999982));
#2825=CARTESIAN_POINT('',(0.128668710589409,-0.0031,0.0699999999999982));
#2826=CARTESIAN_POINT('',(0.1651261895895,-0.0031,0.0693213416635981));
#2827=CARTESIAN_POINT('',(0.1651261895895,-0.0031,0.0693213416635981));
#2828=CARTESIAN_POINT('',(0.165553539991379,-0.0031,0.0699999999999982));
#2829=CARTESIAN_POINT('',(0.1651261895895,0.,0.0693213416635981));
#2830=CARTESIAN_POINT('',(0.165553539991379,0.,0.0699999999999982));
#2831=CARTESIAN_POINT('',(0.165553539991379,-0.0031,0.0699999999999982));
#2832=CARTESIAN_POINT('',(0.141151188015938,-0.0031,0.0982506833970547));
#2833=CARTESIAN_POINT('',(0.13025,-0.0031,0.095));
#2834=CARTESIAN_POINT('',(0.1301,-0.0031,0.095));
#2835=CARTESIAN_POINT('',(0.13,-0.0031,0.0925));
#2836=CARTESIAN_POINT('',(0.12985,-0.0031,0.0925));
#2837=CARTESIAN_POINT('',(0.12925,-0.0031,0.087));
#2838=CARTESIAN_POINT('',(0.1291,-0.0031,0.087));
#2839=CARTESIAN_POINT('',(0.139,-0.0031,0.0885));
#2840=CARTESIAN_POINT('',(0.13885,-0.0031,0.0885));
#2841=CARTESIAN_POINT('',(0.13975,-0.0031,0.08675));
#2842=CARTESIAN_POINT('',(0.1396,-0.0031,0.08675));
#2843=CARTESIAN_POINT('',(0.165553539991379,-0.0031,0.0865075400471678));
#2844=CARTESIAN_POINT('',(0.165553539991379,-0.0031,0.103015080094337));
#2845=CARTESIAN_POINT('',(0.147111125290394,-0.0031,0.103015080094337));
#2846=CARTESIAN_POINT('',(0.128668710589409,-0.0031,0.103015080094337));
#2847=CARTESIAN_POINT('',(0.128668710589409,-0.0031,0.0865075400471678));
#2848=CARTESIAN_POINT('',(0.141151188015938,0.,0.0982506833970547));
#2849=CARTESIAN_POINT('',(0.13975,0.,0.08675));
#2850=CARTESIAN_POINT('',(0.1396,0.,0.08675));
#2851=CARTESIAN_POINT('',(0.139,0.,0.0885));
#2852=CARTESIAN_POINT('',(0.13885,0.,0.0885));
#2853=CARTESIAN_POINT('',(0.12925,0.,0.087));
#2854=CARTESIAN_POINT('',(0.1291,0.,0.087));
#2855=CARTESIAN_POINT('',(0.13,0.,0.0925));
#2856=CARTESIAN_POINT('',(0.12985,0.,0.0925));
#2857=CARTESIAN_POINT('',(0.13025,0.,0.095));
#2858=CARTESIAN_POINT('',(0.1301,0.,0.095));
#2859=CARTESIAN_POINT('',(0.128668710589409,0.,0.0865075400471678));
#2860=CARTESIAN_POINT('',(0.128668710589409,0.,0.103015080094337));
#2861=CARTESIAN_POINT('',(0.147111125290394,0.,0.103015080094337));
#2862=CARTESIAN_POINT('',(0.165553539991379,0.,0.103015080094337));
#2863=CARTESIAN_POINT('',(0.165553539991379,0.,0.0865075400471678));
#2864=CARTESIAN_POINT('',(0.128668710589409,-0.0031,0.0865075400471678));
#2865=CARTESIAN_POINT('',(0.128668710589409,-0.0031,0.103015080094337));
#2866=CARTESIAN_POINT('',(0.165553539991379,-0.0031,0.0865075400471678));
#2867=CARTESIAN_POINT('',(0.165553539991379,-0.0031,0.103015080094337));
#2868=CARTESIAN_POINT('',(0.13,-0.0031,0.0925));
#2869=CARTESIAN_POINT('',(0.12925,-0.0031,0.087));
#2870=CARTESIAN_POINT('',(0.139,-0.0031,0.0885));
#2871=CARTESIAN_POINT('',(0.13975,-0.0031,0.08675));
#2872=CARTESIAN_POINT('',(0.147111125290394,-0.0031,0.103015080094337));
#2873=CARTESIAN_POINT('',(0.13025,-0.0031,0.095));
#2874=MECHANICAL_DESIGN_GEOMETRIC_PRESENTATION_REPRESENTATION('',(#1710),
#2875);
#2875=(
GEOMETRIC_REPRESENTATION_CONTEXT(3)
GLOBAL_UNCERTAINTY_ASSIGNED_CONTEXT((#2876))
GLOBAL_UNIT_ASSIGNED_CONTEXT((#2879,#2878,#2877))
REPRESENTATION_CONTEXT('Part 92','TOP_LEVEL_ASSEMBLY_PART')
);
#2876=UNCERTAINTY_MEASURE_WITH_UNIT(LENGTH_MEASURE(2.E-5),#2879,
'DISTANCE_ACCURACY_VALUE','Maximum Tolerance applied to model');
#2877=(
NAMED_UNIT(*)
SI_UNIT($,.STERADIAN.)
SOLID_ANGLE_UNIT()
);
#2878=(
NAMED_UNIT(*)
PLANE_ANGLE_UNIT()
SI_UNIT($,.RADIAN.)
);
#2879=(
LENGTH_UNIT()
NAMED_UNIT(*)
SI_UNIT($,.METRE.)
);
#2880=PRODUCT_DEFINITION_SHAPE('','',#2881);
#2881=PRODUCT_DEFINITION('','',#2883,#2882);
#2882=PRODUCT_DEFINITION_CONTEXT('',#2889,'design');
#2883=PRODUCT_DEFINITION_FORMATION_WITH_SPECIFIED_SOURCE('','',#2885,
 .NOT_KNOWN.);
#2884=PRODUCT_RELATED_PRODUCT_CATEGORY('','',(#2885));
#2885=PRODUCT('Part 92','Part 92','Part 92',(#2887));
#2886=PRODUCT_CATEGORY('','');
#2887=PRODUCT_CONTEXT('',#2889,'mechanical');
#2888=APPLICATION_PROTOCOL_DEFINITION('international standard',
'ap242_managed_model_based_3d_engineering',2020,#2889);
#2889=APPLICATION_CONTEXT('managed model based 3d engineering');
ENDSEC;
END-ISO-10303-21;
