ISO-10303-21;
HEADER;
/* Generated by software containing ST-Developer
 * from STEP Tools, Inc. (www.steptools.com) 
 */
/* OPTION: using custom renumber hook */

FILE_DESCRIPTION(
/* description */ ('STEP AP242 Edition 2',
'CAx-IF Rec.Pracs.---Representation and Presentation of Product Manufa
cturing Information (PMI)---4.0---2014-10-13',
'CAx-IF Rec.Pracs.---3D Tessellated Geometry---0.4---2014-09-14','2;1',
'CAx-IF Rec.Pracs.---User Defined Attributes---1.5---2016-08-15'),
/* implementation_level */ '2;1');

FILE_NAME(
/* name */ 'Assembly 1 - Part 111',
/* time_stamp */ '2026-09-11T19:54:21Z',
/* author */ (''),
/* organization */ (''),
/* preprocessor_version */ 'ST-DEVELOPER v20',
/* originating_system */ 'ONSHAPE BY PTC INC, 1.220',
/* authorisation */ '  ');

FILE_SCHEMA (('AP242_MANAGED_MODEL_BASED_3D_ENGINEERING_MIM_LF { 1 0 10303 442 3 1 4 }'));
ENDSEC;

DATA;
#10=SHAPE_REPRESENTATION_RELATIONSHIP('','',#979,#11);
#11=ADVANCED_BREP_SHAPE_REPRESENTATION('',(#977),#1830);
#12=(
BOUNDED_SURFACE()
B_SPLINE_SURFACE(3,2,((#1550,#1551,#1552),(#1553,#1554,#1555),(#1556,#1557,
#1558),(#1559,#1560,#1561),(#1562,#1563,#1564),(#1565,#1566,#1567),(#1568,
#1569,#1570)),.UNSPECIFIED.,.F.,.F.,.F.)
B_SPLINE_SURFACE_WITH_KNOTS((4,1,1,1,4),(3,3),(6.35384672296918,6.72888045072051,
7.10391417847183,7.47894790622316,7.85398163397448),(0.,1.),
 .UNSPECIFIED.)
GEOMETRIC_REPRESENTATION_ITEM()
RATIONAL_B_SPLINE_SURFACE(((1.,0.708866958983379,1.),(1.,0.715076938028816,
1.),(1.,0.762209975219931,1.),(1.,0.879716822885895,1.),(1.,0.975863255228013,
1.),(1.,0.999999999999829,1.),(1.,1.,1.)))
REPRESENTATION_ITEM('')
SURFACE()
);
#13=(
BOUNDED_SURFACE()
B_SPLINE_SURFACE(3,2,((#1576,#1577,#1578),(#1579,#1580,#1581),(#1582,#1583,
#1584),(#1585,#1586,#1587),(#1588,#1589,#1590),(#1591,#1592,#1593),(#1594,
#1595,#1596)),.UNSPECIFIED.,.F.,.F.,.F.)
B_SPLINE_SURFACE_WITH_KNOTS((4,1,1,1,4),(3,3),(6.35384672296918,6.7288804507205,
7.10391417847183,7.47894790622316,7.85398163397448),(0.,1.),
 .UNSPECIFIED.)
GEOMETRIC_REPRESENTATION_ITEM()
RATIONAL_B_SPLINE_SURFACE(((1.,0.708866958983378,1.),(1.,0.715076938028906,
1.),(1.,0.762209975219889,1.),(1.,0.879716822885905,1.),(1.,0.975863255228014,
1.),(1.,0.999999999999829,1.),(1.,1.,1.)))
REPRESENTATION_ITEM('')
SURFACE()
);
#14=(
BOUNDED_SURFACE()
B_SPLINE_SURFACE(3,2,((#1602,#1603,#1604),(#1605,#1606,#1607),(#1608,#1609,
#1610),(#1611,#1612,#1613),(#1614,#1615,#1616),(#1617,#1618,#1619),(#1620,
#1621,#1622)),.UNSPECIFIED.,.F.,.F.,.F.)
B_SPLINE_SURFACE_WITH_KNOTS((4,1,1,1,4),(3,3),(3.21225406937939,3.58728779713071,
3.96232152488204,4.33735525263336,4.71238898038469),(0.,1.),
 .UNSPECIFIED.)
GEOMETRIC_REPRESENTATION_ITEM()
RATIONAL_B_SPLINE_SURFACE(((1.,0.708866958983378,1.),(1.,0.715076938026971,
1.),(1.,0.762209975220788,1.),(1.,0.879716822885664,1.),(1.,0.975863255228079,
1.),(1.,0.999999999999829,1.),(1.,1.,1.)))
REPRESENTATION_ITEM('')
SURFACE()
);
#15=(
BOUNDED_SURFACE()
B_SPLINE_SURFACE(3,2,((#1628,#1629,#1630),(#1631,#1632,#1633),(#1634,#1635,
#1636),(#1637,#1638,#1639),(#1640,#1641,#1642),(#1643,#1644,#1645),(#1646,
#1647,#1648)),.UNSPECIFIED.,.F.,.F.,.F.)
B_SPLINE_SURFACE_WITH_KNOTS((4,1,1,1,4),(3,3),(3.21225406937939,3.58728779713071,
3.96232152488204,4.33735525263336,4.71238898038469),(0.,1.),
 .UNSPECIFIED.)
GEOMETRIC_REPRESENTATION_ITEM()
RATIONAL_B_SPLINE_SURFACE(((1.,0.708866958983378,1.),(1.,0.715076938026971,
1.),(1.,0.762209975220788,1.),(1.,0.879716822885664,1.),(1.,0.975863255228079,
1.),(1.,0.999999999999829,1.),(1.,1.,1.)))
REPRESENTATION_ITEM('')
SURFACE()
);
#16=(
BOUNDED_SURFACE()
B_SPLINE_SURFACE(3,2,((#1654,#1655,#1656),(#1657,#1658,#1659),(#1660,#1661,
#1662),(#1663,#1664,#1665),(#1666,#1667,#1668),(#1669,#1670,#1671),(#1672,
#1673,#1674)),.UNSPECIFIED.,.F.,.F.,.F.)
B_SPLINE_SURFACE_WITH_KNOTS((4,1,1,1,4),(3,3),(6.35384672296917,6.7288804507205,
7.10391417847183,7.47894790622315,7.85398163397448),(0.,1.),
 .UNSPECIFIED.)
GEOMETRIC_REPRESENTATION_ITEM()
RATIONAL_B_SPLINE_SURFACE(((1.,0.70886695898338,1.),(1.,0.71507693802649,
1.),(1.,0.762209975221011,1.),(1.,0.8797168228856,1.),(1.,0.9758632552281,
1.),(1.,0.999999999999829,1.),(1.,1.,1.)))
REPRESENTATION_ITEM('')
SURFACE()
);
#17=(
BOUNDED_SURFACE()
B_SPLINE_SURFACE(3,2,((#1680,#1681,#1682),(#1683,#1684,#1685),(#1686,#1687,
#1688),(#1689,#1690,#1691),(#1692,#1693,#1694),(#1695,#1696,#1697),(#1698,
#1699,#1700)),.UNSPECIFIED.,.F.,.F.,.F.)
B_SPLINE_SURFACE_WITH_KNOTS((4,1,1,1,4),(3,3),(3.21225406937938,3.58728779713071,
3.96232152488204,4.33735525263336,4.71238898038469),(0.,1.),
 .UNSPECIFIED.)
GEOMETRIC_REPRESENTATION_ITEM()
RATIONAL_B_SPLINE_SURFACE(((1.,0.708866958983378,1.),(1.,0.715076938028301,
1.),(1.,0.76220997522017,1.),(1.,0.879716822885826,1.),(1.,0.975863255228034,
1.),(1.,0.999999999999829,1.),(1.,1.,1.)))
REPRESENTATION_ITEM('')
SURFACE()
);
#18=(
BOUNDED_SURFACE()
B_SPLINE_SURFACE(3,2,((#1706,#1707,#1708),(#1709,#1710,#1711),(#1712,#1713,
#1714),(#1715,#1716,#1717),(#1718,#1719,#1720),(#1721,#1722,#1723),(#1724,
#1725,#1726)),.UNSPECIFIED.,.F.,.F.,.F.)
B_SPLINE_SURFACE_WITH_KNOTS((4,1,1,1,4),(3,3),(3.21225406937939,3.58728779713072,
3.96232152488204,4.33735525263337,4.71238898038469),(0.,1.),
 .UNSPECIFIED.)
GEOMETRIC_REPRESENTATION_ITEM()
RATIONAL_B_SPLINE_SURFACE(((1.,0.708866958983379,1.),(1.,0.715076938029511,
1.),(1.,0.762209975219611,1.),(1.,0.879716822885981,1.),(1.,0.975863255227989,
1.),(1.,0.99999999999983,1.),(1.,1.,1.)))
REPRESENTATION_ITEM('')
SURFACE()
);
#19=(
BOUNDED_SURFACE()
B_SPLINE_SURFACE(3,2,((#1732,#1733,#1734),(#1735,#1736,#1737),(#1738,#1739,
#1740),(#1741,#1742,#1743),(#1744,#1745,#1746),(#1747,#1748,#1749),(#1750,
#1751,#1752)),.UNSPECIFIED.,.F.,.F.,.F.)
B_SPLINE_SURFACE_WITH_KNOTS((4,1,1,1,4),(3,3),(6.35384672296918,6.7288804507205,
7.10391417847183,7.47894790622316,7.85398163397448),(0.,1.),
 .UNSPECIFIED.)
GEOMETRIC_REPRESENTATION_ITEM()
RATIONAL_B_SPLINE_SURFACE(((1.,0.708866958983381,1.),(1.,0.715076938027699,
1.),(1.,0.76220997522045,1.),(1.,0.879716822885754,1.),(1.,0.975863255228056,
1.),(1.,0.999999999999829,1.),(1.,1.,1.)))
REPRESENTATION_ITEM('')
SURFACE()
);
#20=DEGENERATE_TOROIDAL_SURFACE('',#1030,0.000758580849898446,0.00217279,
 .T.);
#21=DEGENERATE_TOROIDAL_SURFACE('',#1037,0.000758580849898439,0.00217279,
 .T.);
#22=DEGENERATE_TOROIDAL_SURFACE('',#1039,0.000758580849898446,0.00217279,
 .T.);
#23=DEGENERATE_TOROIDAL_SURFACE('',#1045,0.000758580849898522,0.00217279,
 .T.);
#24=TOROIDAL_SURFACE('',#1016,0.00798217209164109,0.00217279);
#25=ELLIPSE('',#1005,0.00485850614083177,0.00217279);
#26=ELLIPSE('',#1006,0.00485850614083177,0.00217279);
#27=ELLIPSE('',#1008,0.00485850614083176,0.00217279);
#28=ELLIPSE('',#1009,0.00485850614083176,0.00217279);
#29=ELLIPSE('',#1011,0.00485850614083176,0.00217279);
#30=ELLIPSE('',#1012,0.00485850614083176,0.00217279);
#31=ELLIPSE('',#1014,0.00485850614083177,0.00217279);
#32=ELLIPSE('',#1015,0.00485850614083177,0.00217279);
#33=ELLIPSE('',#1019,0.00485850614083177,0.00217279);
#34=ELLIPSE('',#1020,0.00485850614083177,0.00217279);
#35=ELLIPSE('',#1022,0.00485850614083176,0.00217279);
#36=ELLIPSE('',#1023,0.00485850614083176,0.00217279);
#37=ELLIPSE('',#1025,0.00485850614083176,0.00217279);
#38=ELLIPSE('',#1026,0.00485850614083176,0.00217279);
#39=ELLIPSE('',#1028,0.00485850614083177,0.00217279);
#40=ELLIPSE('',#1029,0.00485850614083177,0.00217279);
#41=CYLINDRICAL_SURFACE('',#1004,0.00217279);
#42=CYLINDRICAL_SURFACE('',#1007,0.00217279);
#43=CYLINDRICAL_SURFACE('',#1010,0.00217279);
#44=CYLINDRICAL_SURFACE('',#1013,0.00217279);
#45=CYLINDRICAL_SURFACE('',#1018,0.00217279);
#46=CYLINDRICAL_SURFACE('',#1021,0.00217279);
#47=CYLINDRICAL_SURFACE('',#1024,0.00217279);
#48=CYLINDRICAL_SURFACE('',#1027,0.00217279);
#49=CYLINDRICAL_SURFACE('',#1033,0.00217279);
#50=CYLINDRICAL_SURFACE('',#1035,0.00217279);
#51=CYLINDRICAL_SURFACE('',#1041,0.00217279);
#52=CYLINDRICAL_SURFACE('',#1043,0.00217279);
#53=CYLINDRICAL_SURFACE('',#1047,0.00183137084989846);
#54=CYLINDRICAL_SURFACE('',#1050,0.00183137084989849);
#55=CYLINDRICAL_SURFACE('',#1053,0.00183137084989843);
#56=CYLINDRICAL_SURFACE('',#1064,0.00580938209164109);
#57=CYLINDRICAL_SURFACE('',#1066,0.00183137084989845);
#58=CIRCLE('',#990,0.00798217209164109);
#59=CIRCLE('',#991,0.000758580849898522);
#60=CIRCLE('',#992,0.000758580849898439);
#61=CIRCLE('',#993,0.000758580849898446);
#62=CIRCLE('',#994,0.000758580849898446);
#63=CIRCLE('',#996,0.00183137084989845);
#64=CIRCLE('',#997,0.00183137084989846);
#65=CIRCLE('',#998,0.00183137084989849);
#66=CIRCLE('',#999,0.00183137084989843);
#67=CIRCLE('',#1000,0.00292448943522709);
#68=CIRCLE('',#1001,0.00292448943522709);
#69=CIRCLE('',#1002,0.00292448943522711);
#70=CIRCLE('',#1003,0.00292448943522708);
#71=CIRCLE('',#1017,0.00581626350631252);
#72=CIRCLE('',#1031,0.00217279);
#73=CIRCLE('',#1032,0.00217279);
#74=CIRCLE('',#1034,0.00217279);
#75=CIRCLE('',#1036,0.00217279);
#76=CIRCLE('',#1038,0.00217279);
#77=CIRCLE('',#1040,0.00217279);
#78=CIRCLE('',#1042,0.00217279);
#79=CIRCLE('',#1044,0.00217279);
#80=CIRCLE('',#1048,0.00183137084989846);
#81=CIRCLE('',#1051,0.00183137084989849);
#82=CIRCLE('',#1054,0.00183137084989843);
#83=CIRCLE('',#1065,0.00580938209164109);
#84=CIRCLE('',#1067,0.00183137084989845);
#85=LINE('',#1335,#164);
#86=LINE('',#1337,#165);
#87=LINE('',#1346,#166);
#88=LINE('',#1348,#167);
#89=LINE('',#1357,#168);
#90=LINE('',#1359,#169);
#91=LINE('',#1361,#170);
#92=LINE('',#1364,#171);
#93=LINE('',#1379,#172);
#94=LINE('',#1381,#173);
#95=LINE('',#1390,#174);
#96=LINE('',#1392,#175);
#97=LINE('',#1401,#176);
#98=LINE('',#1403,#177);
#99=LINE('',#1405,#178);
#100=LINE('',#1408,#179);
#101=LINE('',#1416,#180);
#102=LINE('',#1419,#181);
#103=LINE('',#1421,#182);
#104=LINE('',#1423,#183);
#105=LINE('',#1426,#184);
#106=LINE('',#1429,#185);
#107=LINE('',#1431,#186);
#108=LINE('',#1433,#187);
#109=LINE('',#1434,#188);
#110=LINE('',#1439,#189);
#111=LINE('',#1443,#190);
#112=LINE('',#1447,#191);
#113=LINE('',#1454,#192);
#114=LINE('',#1458,#193);
#115=LINE('',#1462,#194);
#116=LINE('',#1466,#195);
#117=LINE('',#1467,#196);
#118=LINE('',#1472,#197);
#119=LINE('',#1476,#198);
#120=LINE('',#1480,#199);
#121=LINE('',#1486,#200);
#122=LINE('',#1490,#201);
#123=LINE('',#1496,#202);
#124=LINE('',#1502,#203);
#125=LINE('',#1511,#204);
#126=LINE('',#1517,#205);
#127=LINE('',#1525,#206);
#128=LINE('',#1529,#207);
#129=LINE('',#1575,#208);
#130=LINE('',#1601,#209);
#131=LINE('',#1623,#210);
#132=LINE('',#1649,#211);
#133=LINE('',#1679,#212);
#134=LINE('',#1701,#213);
#135=LINE('',#1727,#214);
#136=LINE('',#1762,#215);
#137=LINE('',#1764,#216);
#138=LINE('',#1766,#217);
#139=LINE('',#1770,#218);
#140=LINE('',#1772,#219);
#141=LINE('',#1774,#220);
#142=LINE('',#1778,#221);
#143=LINE('',#1780,#222);
#144=LINE('',#1782,#223);
#145=LINE('',#1786,#224);
#146=LINE('',#1788,#225);
#147=LINE('',#1790,#226);
#148=LINE('',#1792,#227);
#149=LINE('',#1794,#228);
#150=LINE('',#1796,#229);
#151=LINE('',#1798,#230);
#152=LINE('',#1800,#231);
#153=LINE('',#1802,#232);
#154=LINE('',#1804,#233);
#155=LINE('',#1806,#234);
#156=LINE('',#1808,#235);
#157=LINE('',#1810,#236);
#158=LINE('',#1812,#237);
#159=LINE('',#1814,#238);
#160=LINE('',#1816,#239);
#161=LINE('',#1818,#240);
#162=LINE('',#1820,#241);
#163=LINE('',#1822,#242);
#164=VECTOR('',#1073,1.);
#165=VECTOR('',#1074,1.);
#166=VECTOR('',#1077,1.);
#167=VECTOR('',#1078,1.);
#168=VECTOR('',#1081,1.);
#169=VECTOR('',#1082,1.);
#170=VECTOR('',#1085,1.);
#171=VECTOR('',#1086,1.);
#172=VECTOR('',#1089,1.);
#173=VECTOR('',#1090,1.);
#174=VECTOR('',#1093,1.);
#175=VECTOR('',#1094,1.);
#176=VECTOR('',#1097,1.);
#177=VECTOR('',#1098,1.);
#178=VECTOR('',#1101,1.);
#179=VECTOR('',#1102,1.);
#180=VECTOR('',#1105,1.);
#181=VECTOR('',#1106,1.);
#182=VECTOR('',#1107,1.);
#183=VECTOR('',#1108,1.);
#184=VECTOR('',#1111,1.);
#185=VECTOR('',#1112,1.);
#186=VECTOR('',#1113,1.);
#187=VECTOR('',#1114,1.);
#188=VECTOR('',#1115,1.);
#189=VECTOR('',#1118,1.);
#190=VECTOR('',#1121,1.);
#191=VECTOR('',#1124,1.);
#192=VECTOR('',#1131,1.);
#193=VECTOR('',#1134,1.);
#194=VECTOR('',#1137,1.);
#195=VECTOR('',#1140,1.);
#196=VECTOR('',#1141,1.);
#197=VECTOR('',#1144,1.);
#198=VECTOR('',#1147,1.);
#199=VECTOR('',#1150,1.);
#200=VECTOR('',#1157,1.);
#201=VECTOR('',#1162,1.);
#202=VECTOR('',#1169,1.);
#203=VECTOR('',#1176,1.);
#204=VECTOR('',#1187,1.);
#205=VECTOR('',#1194,1.);
#206=VECTOR('',#1203,1.);
#207=VECTOR('',#1208,1.);
#208=VECTOR('',#1245,1.);
#209=VECTOR('',#1246,1.);
#210=VECTOR('',#1247,1.);
#211=VECTOR('',#1248,1.);
#212=VECTOR('',#1249,1.);
#213=VECTOR('',#1250,1.);
#214=VECTOR('',#1251,1.);
#215=VECTOR('',#1254,1.);
#216=VECTOR('',#1255,1.);
#217=VECTOR('',#1256,1.);
#218=VECTOR('',#1261,1.);
#219=VECTOR('',#1264,1.);
#220=VECTOR('',#1265,1.);
#221=VECTOR('',#1270,1.);
#222=VECTOR('',#1273,1.);
#223=VECTOR('',#1274,1.);
#224=VECTOR('',#1279,1.);
#225=VECTOR('',#1282,1.);
#226=VECTOR('',#1283,1.);
#227=VECTOR('',#1286,1.);
#228=VECTOR('',#1287,1.);
#229=VECTOR('',#1288,1.);
#230=VECTOR('',#1291,1.);
#231=VECTOR('',#1292,1.);
#232=VECTOR('',#1295,1.);
#233=VECTOR('',#1296,1.);
#234=VECTOR('',#1299,1.);
#235=VECTOR('',#1300,1.);
#236=VECTOR('',#1301,1.);
#237=VECTOR('',#1304,1.);
#238=VECTOR('',#1305,1.);
#239=VECTOR('',#1308,1.);
#240=VECTOR('',#1309,1.);
#241=VECTOR('',#1312,1.);
#242=VECTOR('',#1315,1.);
#243=ORIENTED_EDGE('',*,*,#521,.T.);
#244=ORIENTED_EDGE('',*,*,#522,.F.);
#245=ORIENTED_EDGE('',*,*,#523,.T.);
#246=ORIENTED_EDGE('',*,*,#524,.T.);
#247=ORIENTED_EDGE('',*,*,#525,.T.);
#248=ORIENTED_EDGE('',*,*,#526,.T.);
#249=ORIENTED_EDGE('',*,*,#527,.T.);
#250=ORIENTED_EDGE('',*,*,#528,.T.);
#251=ORIENTED_EDGE('',*,*,#529,.F.);
#252=ORIENTED_EDGE('',*,*,#530,.F.);
#253=ORIENTED_EDGE('',*,*,#531,.F.);
#254=ORIENTED_EDGE('',*,*,#532,.T.);
#255=ORIENTED_EDGE('',*,*,#533,.T.);
#256=ORIENTED_EDGE('',*,*,#534,.F.);
#257=ORIENTED_EDGE('',*,*,#535,.T.);
#258=ORIENTED_EDGE('',*,*,#536,.T.);
#259=ORIENTED_EDGE('',*,*,#537,.T.);
#260=ORIENTED_EDGE('',*,*,#538,.T.);
#261=ORIENTED_EDGE('',*,*,#539,.T.);
#262=ORIENTED_EDGE('',*,*,#540,.T.);
#263=ORIENTED_EDGE('',*,*,#541,.F.);
#264=ORIENTED_EDGE('',*,*,#542,.F.);
#265=ORIENTED_EDGE('',*,*,#543,.F.);
#266=ORIENTED_EDGE('',*,*,#544,.T.);
#267=ORIENTED_EDGE('',*,*,#545,.T.);
#268=ORIENTED_EDGE('',*,*,#546,.T.);
#269=ORIENTED_EDGE('',*,*,#547,.T.);
#270=ORIENTED_EDGE('',*,*,#548,.T.);
#271=ORIENTED_EDGE('',*,*,#549,.T.);
#272=ORIENTED_EDGE('',*,*,#550,.T.);
#273=ORIENTED_EDGE('',*,*,#551,.T.);
#274=ORIENTED_EDGE('',*,*,#552,.T.);
#275=ORIENTED_EDGE('',*,*,#553,.T.);
#276=ORIENTED_EDGE('',*,*,#554,.T.);
#277=ORIENTED_EDGE('',*,*,#555,.T.);
#278=ORIENTED_EDGE('',*,*,#556,.T.);
#279=ORIENTED_EDGE('',*,*,#557,.T.);
#280=ORIENTED_EDGE('',*,*,#558,.T.);
#281=ORIENTED_EDGE('',*,*,#559,.T.);
#282=ORIENTED_EDGE('',*,*,#560,.T.);
#283=ORIENTED_EDGE('',*,*,#561,.T.);
#284=ORIENTED_EDGE('',*,*,#562,.T.);
#285=ORIENTED_EDGE('',*,*,#563,.T.);
#286=ORIENTED_EDGE('',*,*,#564,.T.);
#287=ORIENTED_EDGE('',*,*,#565,.T.);
#288=ORIENTED_EDGE('',*,*,#566,.T.);
#289=ORIENTED_EDGE('',*,*,#567,.F.);
#290=ORIENTED_EDGE('',*,*,#568,.T.);
#291=ORIENTED_EDGE('',*,*,#569,.T.);
#292=ORIENTED_EDGE('',*,*,#570,.T.);
#293=ORIENTED_EDGE('',*,*,#571,.T.);
#294=ORIENTED_EDGE('',*,*,#572,.T.);
#295=ORIENTED_EDGE('',*,*,#573,.T.);
#296=ORIENTED_EDGE('',*,*,#574,.T.);
#297=ORIENTED_EDGE('',*,*,#575,.T.);
#298=ORIENTED_EDGE('',*,*,#576,.T.);
#299=ORIENTED_EDGE('',*,*,#577,.T.);
#300=ORIENTED_EDGE('',*,*,#547,.F.);
#301=ORIENTED_EDGE('',*,*,#578,.T.);
#302=ORIENTED_EDGE('',*,*,#579,.F.);
#303=ORIENTED_EDGE('',*,*,#580,.T.);
#304=ORIENTED_EDGE('',*,*,#581,.F.);
#305=ORIENTED_EDGE('',*,*,#582,.T.);
#306=ORIENTED_EDGE('',*,*,#548,.F.);
#307=ORIENTED_EDGE('',*,*,#583,.T.);
#308=ORIENTED_EDGE('',*,*,#584,.F.);
#309=ORIENTED_EDGE('',*,*,#585,.T.);
#310=ORIENTED_EDGE('',*,*,#546,.F.);
#311=ORIENTED_EDGE('',*,*,#586,.T.);
#312=ORIENTED_EDGE('',*,*,#587,.F.);
#313=ORIENTED_EDGE('',*,*,#588,.T.);
#314=ORIENTED_EDGE('',*,*,#545,.F.);
#315=ORIENTED_EDGE('',*,*,#589,.T.);
#316=ORIENTED_EDGE('',*,*,#549,.F.);
#317=ORIENTED_EDGE('',*,*,#590,.F.);
#318=ORIENTED_EDGE('',*,*,#591,.F.);
#319=ORIENTED_EDGE('',*,*,#592,.T.);
#320=ORIENTED_EDGE('',*,*,#552,.F.);
#321=ORIENTED_EDGE('',*,*,#593,.T.);
#322=ORIENTED_EDGE('',*,*,#594,.F.);
#323=ORIENTED_EDGE('',*,*,#595,.T.);
#324=ORIENTED_EDGE('',*,*,#553,.F.);
#325=ORIENTED_EDGE('',*,*,#596,.T.);
#326=ORIENTED_EDGE('',*,*,#551,.F.);
#327=ORIENTED_EDGE('',*,*,#597,.T.);
#328=ORIENTED_EDGE('',*,*,#598,.F.);
#329=ORIENTED_EDGE('',*,*,#599,.T.);
#330=ORIENTED_EDGE('',*,*,#600,.F.);
#331=ORIENTED_EDGE('',*,*,#601,.T.);
#332=ORIENTED_EDGE('',*,*,#550,.F.);
#333=ORIENTED_EDGE('',*,*,#602,.T.);
#334=ORIENTED_EDGE('',*,*,#603,.F.);
#335=ORIENTED_EDGE('',*,*,#559,.F.);
#336=ORIENTED_EDGE('',*,*,#604,.F.);
#337=ORIENTED_EDGE('',*,*,#575,.F.);
#338=ORIENTED_EDGE('',*,*,#604,.T.);
#339=ORIENTED_EDGE('',*,*,#558,.F.);
#340=ORIENTED_EDGE('',*,*,#605,.F.);
#341=ORIENTED_EDGE('',*,*,#576,.F.);
#342=ORIENTED_EDGE('',*,*,#603,.T.);
#343=ORIENTED_EDGE('',*,*,#574,.F.);
#344=ORIENTED_EDGE('',*,*,#606,.F.);
#345=ORIENTED_EDGE('',*,*,#560,.F.);
#346=ORIENTED_EDGE('',*,*,#605,.T.);
#347=ORIENTED_EDGE('',*,*,#557,.F.);
#348=ORIENTED_EDGE('',*,*,#607,.F.);
#349=ORIENTED_EDGE('',*,*,#577,.F.);
#350=ORIENTED_EDGE('',*,*,#606,.T.);
#351=ORIENTED_EDGE('',*,*,#573,.F.);
#352=ORIENTED_EDGE('',*,*,#608,.F.);
#353=ORIENTED_EDGE('',*,*,#561,.F.);
#354=ORIENTED_EDGE('',*,*,#607,.T.);
#355=ORIENTED_EDGE('',*,*,#556,.F.);
#356=ORIENTED_EDGE('',*,*,#609,.F.);
#357=ORIENTED_EDGE('',*,*,#570,.F.);
#358=ORIENTED_EDGE('',*,*,#608,.T.);
#359=ORIENTED_EDGE('',*,*,#572,.F.);
#360=ORIENTED_EDGE('',*,*,#610,.F.);
#361=ORIENTED_EDGE('',*,*,#554,.F.);
#362=ORIENTED_EDGE('',*,*,#609,.T.);
#363=ORIENTED_EDGE('',*,*,#555,.F.);
#364=ORIENTED_EDGE('',*,*,#610,.T.);
#365=ORIENTED_EDGE('',*,*,#571,.F.);
#366=ORIENTED_EDGE('',*,*,#611,.F.);
#367=ORIENTED_EDGE('',*,*,#578,.F.);
#368=ORIENTED_EDGE('',*,*,#585,.F.);
#369=ORIENTED_EDGE('',*,*,#612,.F.);
#370=ORIENTED_EDGE('',*,*,#532,.F.);
#371=ORIENTED_EDGE('',*,*,#613,.F.);
#372=ORIENTED_EDGE('',*,*,#586,.F.);
#373=ORIENTED_EDGE('',*,*,#588,.F.);
#374=ORIENTED_EDGE('',*,*,#614,.T.);
#375=ORIENTED_EDGE('',*,*,#527,.F.);
#376=ORIENTED_EDGE('',*,*,#589,.F.);
#377=ORIENTED_EDGE('',*,*,#582,.F.);
#378=ORIENTED_EDGE('',*,*,#615,.T.);
#379=ORIENTED_EDGE('',*,*,#524,.F.);
#380=ORIENTED_EDGE('',*,*,#616,.F.);
#381=ORIENTED_EDGE('',*,*,#583,.F.);
#382=ORIENTED_EDGE('',*,*,#580,.F.);
#383=ORIENTED_EDGE('',*,*,#617,.F.);
#384=ORIENTED_EDGE('',*,*,#521,.F.);
#385=ORIENTED_EDGE('',*,*,#618,.F.);
#386=ORIENTED_EDGE('',*,*,#619,.F.);
#387=ORIENTED_EDGE('',*,*,#597,.F.);
#388=ORIENTED_EDGE('',*,*,#601,.F.);
#389=ORIENTED_EDGE('',*,*,#620,.T.);
#390=ORIENTED_EDGE('',*,*,#539,.F.);
#391=ORIENTED_EDGE('',*,*,#602,.F.);
#392=ORIENTED_EDGE('',*,*,#595,.F.);
#393=ORIENTED_EDGE('',*,*,#621,.T.);
#394=ORIENTED_EDGE('',*,*,#536,.F.);
#395=ORIENTED_EDGE('',*,*,#622,.F.);
#396=ORIENTED_EDGE('',*,*,#596,.F.);
#397=ORIENTED_EDGE('',*,*,#592,.F.);
#398=ORIENTED_EDGE('',*,*,#623,.F.);
#399=ORIENTED_EDGE('',*,*,#533,.F.);
#400=ORIENTED_EDGE('',*,*,#624,.F.);
#401=ORIENTED_EDGE('',*,*,#625,.F.);
#402=ORIENTED_EDGE('',*,*,#593,.F.);
#403=ORIENTED_EDGE('',*,*,#599,.F.);
#404=ORIENTED_EDGE('',*,*,#626,.F.);
#405=ORIENTED_EDGE('',*,*,#544,.F.);
#406=ORIENTED_EDGE('',*,*,#563,.F.);
#407=ORIENTED_EDGE('',*,*,#627,.F.);
#408=ORIENTED_EDGE('',*,*,#628,.T.);
#409=ORIENTED_EDGE('',*,*,#629,.T.);
#410=ORIENTED_EDGE('',*,*,#564,.F.);
#411=ORIENTED_EDGE('',*,*,#629,.F.);
#412=ORIENTED_EDGE('',*,*,#630,.T.);
#413=ORIENTED_EDGE('',*,*,#631,.T.);
#414=ORIENTED_EDGE('',*,*,#565,.F.);
#415=ORIENTED_EDGE('',*,*,#631,.F.);
#416=ORIENTED_EDGE('',*,*,#632,.T.);
#417=ORIENTED_EDGE('',*,*,#633,.T.);
#418=ORIENTED_EDGE('',*,*,#566,.F.);
#419=ORIENTED_EDGE('',*,*,#633,.F.);
#420=ORIENTED_EDGE('',*,*,#634,.T.);
#421=ORIENTED_EDGE('',*,*,#635,.T.);
#422=ORIENTED_EDGE('',*,*,#567,.T.);
#423=ORIENTED_EDGE('',*,*,#635,.F.);
#424=ORIENTED_EDGE('',*,*,#636,.F.);
#425=ORIENTED_EDGE('',*,*,#637,.T.);
#426=ORIENTED_EDGE('',*,*,#568,.F.);
#427=ORIENTED_EDGE('',*,*,#637,.F.);
#428=ORIENTED_EDGE('',*,*,#638,.T.);
#429=ORIENTED_EDGE('',*,*,#639,.T.);
#430=ORIENTED_EDGE('',*,*,#569,.F.);
#431=ORIENTED_EDGE('',*,*,#639,.F.);
#432=ORIENTED_EDGE('',*,*,#640,.T.);
#433=ORIENTED_EDGE('',*,*,#641,.T.);
#434=ORIENTED_EDGE('',*,*,#534,.T.);
#435=ORIENTED_EDGE('',*,*,#623,.T.);
#436=ORIENTED_EDGE('',*,*,#591,.T.);
#437=ORIENTED_EDGE('',*,*,#625,.T.);
#438=ORIENTED_EDGE('',*,*,#543,.T.);
#439=ORIENTED_EDGE('',*,*,#642,.F.);
#440=ORIENTED_EDGE('',*,*,#643,.F.);
#441=ORIENTED_EDGE('',*,*,#644,.T.);
#442=ORIENTED_EDGE('',*,*,#535,.F.);
#443=ORIENTED_EDGE('',*,*,#644,.F.);
#444=ORIENTED_EDGE('',*,*,#645,.T.);
#445=ORIENTED_EDGE('',*,*,#646,.T.);
#446=ORIENTED_EDGE('',*,*,#537,.F.);
#447=ORIENTED_EDGE('',*,*,#621,.F.);
#448=ORIENTED_EDGE('',*,*,#594,.T.);
#449=ORIENTED_EDGE('',*,*,#624,.T.);
#450=ORIENTED_EDGE('',*,*,#538,.F.);
#451=ORIENTED_EDGE('',*,*,#646,.F.);
#452=ORIENTED_EDGE('',*,*,#647,.T.);
#453=ORIENTED_EDGE('',*,*,#648,.T.);
#454=ORIENTED_EDGE('',*,*,#540,.F.);
#455=ORIENTED_EDGE('',*,*,#620,.F.);
#456=ORIENTED_EDGE('',*,*,#600,.T.);
#457=ORIENTED_EDGE('',*,*,#622,.T.);
#458=ORIENTED_EDGE('',*,*,#522,.T.);
#459=ORIENTED_EDGE('',*,*,#617,.T.);
#460=ORIENTED_EDGE('',*,*,#579,.T.);
#461=ORIENTED_EDGE('',*,*,#611,.T.);
#462=ORIENTED_EDGE('',*,*,#531,.T.);
#463=ORIENTED_EDGE('',*,*,#649,.F.);
#464=ORIENTED_EDGE('',*,*,#650,.F.);
#465=ORIENTED_EDGE('',*,*,#651,.T.);
#466=ORIENTED_EDGE('',*,*,#523,.F.);
#467=ORIENTED_EDGE('',*,*,#651,.F.);
#468=ORIENTED_EDGE('',*,*,#652,.T.);
#469=ORIENTED_EDGE('',*,*,#653,.T.);
#470=ORIENTED_EDGE('',*,*,#525,.F.);
#471=ORIENTED_EDGE('',*,*,#615,.F.);
#472=ORIENTED_EDGE('',*,*,#581,.T.);
#473=ORIENTED_EDGE('',*,*,#618,.T.);
#474=ORIENTED_EDGE('',*,*,#526,.F.);
#475=ORIENTED_EDGE('',*,*,#653,.F.);
#476=ORIENTED_EDGE('',*,*,#654,.T.);
#477=ORIENTED_EDGE('',*,*,#655,.T.);
#478=ORIENTED_EDGE('',*,*,#528,.F.);
#479=ORIENTED_EDGE('',*,*,#614,.F.);
#480=ORIENTED_EDGE('',*,*,#587,.T.);
#481=ORIENTED_EDGE('',*,*,#616,.T.);
#482=ORIENTED_EDGE('',*,*,#542,.T.);
#483=ORIENTED_EDGE('',*,*,#626,.T.);
#484=ORIENTED_EDGE('',*,*,#598,.T.);
#485=ORIENTED_EDGE('',*,*,#619,.T.);
#486=ORIENTED_EDGE('',*,*,#541,.T.);
#487=ORIENTED_EDGE('',*,*,#648,.F.);
#488=ORIENTED_EDGE('',*,*,#656,.F.);
#489=ORIENTED_EDGE('',*,*,#642,.T.);
#490=ORIENTED_EDGE('',*,*,#530,.T.);
#491=ORIENTED_EDGE('',*,*,#612,.T.);
#492=ORIENTED_EDGE('',*,*,#584,.T.);
#493=ORIENTED_EDGE('',*,*,#613,.T.);
#494=ORIENTED_EDGE('',*,*,#529,.T.);
#495=ORIENTED_EDGE('',*,*,#655,.F.);
#496=ORIENTED_EDGE('',*,*,#657,.F.);
#497=ORIENTED_EDGE('',*,*,#649,.T.);
#498=ORIENTED_EDGE('',*,*,#658,.F.);
#499=ORIENTED_EDGE('',*,*,#590,.T.);
#500=ORIENTED_EDGE('',*,*,#562,.F.);
#501=ORIENTED_EDGE('',*,*,#641,.F.);
#502=ORIENTED_EDGE('',*,*,#659,.T.);
#503=ORIENTED_EDGE('',*,*,#627,.T.);
#504=ORIENTED_EDGE('',*,*,#658,.T.);
#505=ORIENTED_EDGE('',*,*,#650,.T.);
#506=ORIENTED_EDGE('',*,*,#657,.T.);
#507=ORIENTED_EDGE('',*,*,#654,.F.);
#508=ORIENTED_EDGE('',*,*,#652,.F.);
#509=ORIENTED_EDGE('',*,*,#643,.T.);
#510=ORIENTED_EDGE('',*,*,#656,.T.);
#511=ORIENTED_EDGE('',*,*,#647,.F.);
#512=ORIENTED_EDGE('',*,*,#645,.F.);
#513=ORIENTED_EDGE('',*,*,#628,.F.);
#514=ORIENTED_EDGE('',*,*,#659,.F.);
#515=ORIENTED_EDGE('',*,*,#640,.F.);
#516=ORIENTED_EDGE('',*,*,#638,.F.);
#517=ORIENTED_EDGE('',*,*,#636,.T.);
#518=ORIENTED_EDGE('',*,*,#634,.F.);
#519=ORIENTED_EDGE('',*,*,#632,.F.);
#520=ORIENTED_EDGE('',*,*,#630,.F.);
#521=EDGE_CURVE('',#660,#661,#751,.T.);
#522=EDGE_CURVE('',#662,#661,#85,.T.);
#523=EDGE_CURVE('',#662,#660,#86,.T.);
#524=EDGE_CURVE('',#663,#664,#752,.T.);
#525=EDGE_CURVE('',#664,#665,#87,.T.);
#526=EDGE_CURVE('',#665,#663,#88,.T.);
#527=EDGE_CURVE('',#666,#667,#753,.T.);
#528=EDGE_CURVE('',#667,#668,#89,.T.);
#529=EDGE_CURVE('',#666,#668,#90,.T.);
#530=EDGE_CURVE('',#669,#670,#91,.T.);
#531=EDGE_CURVE('',#671,#669,#92,.T.);
#532=EDGE_CURVE('',#671,#670,#754,.T.);
#533=EDGE_CURVE('',#672,#673,#755,.T.);
#534=EDGE_CURVE('',#674,#673,#93,.T.);
#535=EDGE_CURVE('',#674,#672,#94,.T.);
#536=EDGE_CURVE('',#675,#676,#756,.T.);
#537=EDGE_CURVE('',#676,#677,#95,.T.);
#538=EDGE_CURVE('',#677,#675,#96,.T.);
#539=EDGE_CURVE('',#678,#679,#757,.T.);
#540=EDGE_CURVE('',#679,#680,#97,.T.);
#541=EDGE_CURVE('',#678,#680,#98,.T.);
#542=EDGE_CURVE('',#681,#682,#99,.T.);
#543=EDGE_CURVE('',#683,#681,#100,.T.);
#544=EDGE_CURVE('',#683,#682,#758,.T.);
#545=EDGE_CURVE('',#684,#685,#101,.T.);
#546=EDGE_CURVE('',#685,#686,#102,.F.);
#547=EDGE_CURVE('',#686,#687,#103,.F.);
#548=EDGE_CURVE('',#687,#684,#104,.T.);
#549=EDGE_CURVE('',#688,#688,#58,.F.);
#550=EDGE_CURVE('',#689,#690,#105,.T.);
#551=EDGE_CURVE('',#690,#691,#106,.F.);
#552=EDGE_CURVE('',#691,#692,#107,.F.);
#553=EDGE_CURVE('',#692,#689,#108,.T.);
#554=EDGE_CURVE('',#693,#694,#109,.F.);
#555=EDGE_CURVE('',#694,#695,#59,.T.);
#556=EDGE_CURVE('',#695,#696,#110,.F.);
#557=EDGE_CURVE('',#696,#697,#60,.T.);
#558=EDGE_CURVE('',#697,#698,#111,.T.);
#559=EDGE_CURVE('',#698,#699,#61,.T.);
#560=EDGE_CURVE('',#699,#700,#112,.T.);
#561=EDGE_CURVE('',#700,#693,#62,.T.);
#562=EDGE_CURVE('',#701,#702,#63,.T.);
#563=EDGE_CURVE('',#702,#703,#113,.T.);
#564=EDGE_CURVE('',#703,#704,#64,.T.);
#565=EDGE_CURVE('',#704,#705,#114,.T.);
#566=EDGE_CURVE('',#705,#706,#65,.T.);
#567=EDGE_CURVE('',#707,#706,#115,.T.);
#568=EDGE_CURVE('',#707,#708,#66,.T.);
#569=EDGE_CURVE('',#708,#701,#116,.T.);
#570=EDGE_CURVE('',#709,#710,#117,.T.);
#571=EDGE_CURVE('',#710,#711,#67,.F.);
#572=EDGE_CURVE('',#711,#712,#118,.T.);
#573=EDGE_CURVE('',#712,#713,#68,.F.);
#574=EDGE_CURVE('',#713,#714,#119,.T.);
#575=EDGE_CURVE('',#714,#715,#69,.F.);
#576=EDGE_CURVE('',#715,#716,#120,.T.);
#577=EDGE_CURVE('',#716,#709,#70,.F.);
#578=EDGE_CURVE('',#686,#717,#25,.T.);
#579=EDGE_CURVE('',#718,#717,#121,.T.);
#580=EDGE_CURVE('',#718,#687,#26,.F.);
#581=EDGE_CURVE('',#719,#720,#122,.T.);
#582=EDGE_CURVE('',#719,#684,#27,.F.);
#583=EDGE_CURVE('',#687,#720,#28,.T.);
#584=EDGE_CURVE('',#721,#722,#123,.T.);
#585=EDGE_CURVE('',#721,#686,#29,.F.);
#586=EDGE_CURVE('',#685,#722,#30,.T.);
#587=EDGE_CURVE('',#723,#724,#124,.T.);
#588=EDGE_CURVE('',#723,#685,#31,.F.);
#589=EDGE_CURVE('',#684,#724,#32,.T.);
#590=EDGE_CURVE('',#725,#725,#71,.T.);
#591=EDGE_CURVE('',#726,#727,#125,.T.);
#592=EDGE_CURVE('',#726,#692,#33,.F.);
#593=EDGE_CURVE('',#691,#727,#34,.T.);
#594=EDGE_CURVE('',#728,#729,#126,.T.);
#595=EDGE_CURVE('',#728,#689,#35,.F.);
#596=EDGE_CURVE('',#692,#729,#36,.T.);
#597=EDGE_CURVE('',#690,#730,#37,.T.);
#598=EDGE_CURVE('',#731,#730,#127,.T.);
#599=EDGE_CURVE('',#731,#691,#38,.F.);
#600=EDGE_CURVE('',#732,#733,#128,.T.);
#601=EDGE_CURVE('',#732,#690,#39,.F.);
#602=EDGE_CURVE('',#689,#733,#40,.T.);
#603=EDGE_CURVE('',#699,#714,#72,.T.);
#604=EDGE_CURVE('',#715,#698,#73,.T.);
#605=EDGE_CURVE('',#716,#697,#74,.T.);
#606=EDGE_CURVE('',#700,#713,#75,.T.);
#607=EDGE_CURVE('',#709,#696,#76,.T.);
#608=EDGE_CURVE('',#693,#712,#77,.T.);
#609=EDGE_CURVE('',#710,#695,#78,.T.);
#610=EDGE_CURVE('',#694,#711,#79,.T.);
#611=EDGE_CURVE('',#717,#671,#759,.T.);
#612=EDGE_CURVE('',#670,#721,#129,.T.);
#613=EDGE_CURVE('',#722,#666,#760,.T.);
#614=EDGE_CURVE('',#723,#667,#130,.T.);
#615=EDGE_CURVE('',#719,#664,#131,.T.);
#616=EDGE_CURVE('',#724,#663,#761,.T.);
#617=EDGE_CURVE('',#661,#718,#132,.T.);
#618=EDGE_CURVE('',#720,#660,#762,.T.);
#619=EDGE_CURVE('',#730,#678,#763,.T.);
#620=EDGE_CURVE('',#732,#679,#133,.T.);
#621=EDGE_CURVE('',#728,#676,#134,.T.);
#622=EDGE_CURVE('',#733,#675,#764,.T.);
#623=EDGE_CURVE('',#673,#726,#135,.T.);
#624=EDGE_CURVE('',#729,#672,#765,.T.);
#625=EDGE_CURVE('',#727,#683,#766,.T.);
#626=EDGE_CURVE('',#682,#731,#767,.T.);
#627=EDGE_CURVE('',#734,#702,#136,.T.);
#628=EDGE_CURVE('',#734,#735,#137,.T.);
#629=EDGE_CURVE('',#735,#703,#138,.T.);
#630=EDGE_CURVE('',#735,#736,#80,.T.);
#631=EDGE_CURVE('',#736,#704,#139,.T.);
#632=EDGE_CURVE('',#736,#737,#140,.T.);
#633=EDGE_CURVE('',#737,#705,#141,.T.);
#634=EDGE_CURVE('',#737,#738,#81,.T.);
#635=EDGE_CURVE('',#738,#706,#142,.T.);
#636=EDGE_CURVE('',#739,#738,#143,.T.);
#637=EDGE_CURVE('',#739,#707,#144,.T.);
#638=EDGE_CURVE('',#739,#740,#82,.T.);
#639=EDGE_CURVE('',#740,#708,#145,.T.);
#640=EDGE_CURVE('',#740,#741,#146,.T.);
#641=EDGE_CURVE('',#741,#701,#147,.T.);
#642=EDGE_CURVE('',#742,#681,#148,.T.);
#643=EDGE_CURVE('',#743,#742,#149,.T.);
#644=EDGE_CURVE('',#743,#674,#150,.T.);
#645=EDGE_CURVE('',#743,#744,#151,.T.);
#646=EDGE_CURVE('',#744,#677,#152,.T.);
#647=EDGE_CURVE('',#744,#745,#153,.T.);
#648=EDGE_CURVE('',#745,#680,#154,.T.);
#649=EDGE_CURVE('',#746,#669,#155,.T.);
#650=EDGE_CURVE('',#747,#746,#156,.T.);
#651=EDGE_CURVE('',#747,#662,#157,.T.);
#652=EDGE_CURVE('',#747,#748,#158,.T.);
#653=EDGE_CURVE('',#748,#665,#159,.T.);
#654=EDGE_CURVE('',#748,#749,#160,.T.);
#655=EDGE_CURVE('',#749,#668,#161,.T.);
#656=EDGE_CURVE('',#742,#745,#162,.T.);
#657=EDGE_CURVE('',#746,#749,#163,.T.);
#658=EDGE_CURVE('',#750,#750,#83,.T.);
#659=EDGE_CURVE('',#741,#734,#84,.T.);
#660=VERTEX_POINT('',#1333);
#661=VERTEX_POINT('',#1334);
#662=VERTEX_POINT('',#1336);
#663=VERTEX_POINT('',#1344);
#664=VERTEX_POINT('',#1345);
#665=VERTEX_POINT('',#1347);
#666=VERTEX_POINT('',#1355);
#667=VERTEX_POINT('',#1356);
#668=VERTEX_POINT('',#1358);
#669=VERTEX_POINT('',#1362);
#670=VERTEX_POINT('',#1363);
#671=VERTEX_POINT('',#1365);
#672=VERTEX_POINT('',#1377);
#673=VERTEX_POINT('',#1378);
#674=VERTEX_POINT('',#1380);
#675=VERTEX_POINT('',#1388);
#676=VERTEX_POINT('',#1389);
#677=VERTEX_POINT('',#1391);
#678=VERTEX_POINT('',#1399);
#679=VERTEX_POINT('',#1400);
#680=VERTEX_POINT('',#1402);
#681=VERTEX_POINT('',#1406);
#682=VERTEX_POINT('',#1407);
#683=VERTEX_POINT('',#1409);
#684=VERTEX_POINT('',#1417);
#685=VERTEX_POINT('',#1418);
#686=VERTEX_POINT('',#1420);
#687=VERTEX_POINT('',#1422);
#688=VERTEX_POINT('',#1425);
#689=VERTEX_POINT('',#1427);
#690=VERTEX_POINT('',#1428);
#691=VERTEX_POINT('',#1430);
#692=VERTEX_POINT('',#1432);
#693=VERTEX_POINT('',#1435);
#694=VERTEX_POINT('',#1436);
#695=VERTEX_POINT('',#1438);
#696=VERTEX_POINT('',#1440);
#697=VERTEX_POINT('',#1442);
#698=VERTEX_POINT('',#1444);
#699=VERTEX_POINT('',#1446);
#700=VERTEX_POINT('',#1448);
#701=VERTEX_POINT('',#1452);
#702=VERTEX_POINT('',#1453);
#703=VERTEX_POINT('',#1455);
#704=VERTEX_POINT('',#1457);
#705=VERTEX_POINT('',#1459);
#706=VERTEX_POINT('',#1461);
#707=VERTEX_POINT('',#1463);
#708=VERTEX_POINT('',#1465);
#709=VERTEX_POINT('',#1468);
#710=VERTEX_POINT('',#1469);
#711=VERTEX_POINT('',#1471);
#712=VERTEX_POINT('',#1473);
#713=VERTEX_POINT('',#1475);
#714=VERTEX_POINT('',#1477);
#715=VERTEX_POINT('',#1479);
#716=VERTEX_POINT('',#1481);
#717=VERTEX_POINT('',#1485);
#718=VERTEX_POINT('',#1487);
#719=VERTEX_POINT('',#1491);
#720=VERTEX_POINT('',#1492);
#721=VERTEX_POINT('',#1497);
#722=VERTEX_POINT('',#1498);
#723=VERTEX_POINT('',#1503);
#724=VERTEX_POINT('',#1504);
#725=VERTEX_POINT('',#1509);
#726=VERTEX_POINT('',#1512);
#727=VERTEX_POINT('',#1513);
#728=VERTEX_POINT('',#1518);
#729=VERTEX_POINT('',#1519);
#730=VERTEX_POINT('',#1524);
#731=VERTEX_POINT('',#1526);
#732=VERTEX_POINT('',#1530);
#733=VERTEX_POINT('',#1531);
#734=VERTEX_POINT('',#1763);
#735=VERTEX_POINT('',#1765);
#736=VERTEX_POINT('',#1769);
#737=VERTEX_POINT('',#1773);
#738=VERTEX_POINT('',#1777);
#739=VERTEX_POINT('',#1781);
#740=VERTEX_POINT('',#1785);
#741=VERTEX_POINT('',#1789);
#742=VERTEX_POINT('',#1793);
#743=VERTEX_POINT('',#1795);
#744=VERTEX_POINT('',#1799);
#745=VERTEX_POINT('',#1803);
#746=VERTEX_POINT('',#1807);
#747=VERTEX_POINT('',#1809);
#748=VERTEX_POINT('',#1813);
#749=VERTEX_POINT('',#1817);
#750=VERTEX_POINT('',#1825);
#751=B_SPLINE_CURVE_WITH_KNOTS('',3,(#1328,#1329,#1330,#1331,#1332),
 .UNSPECIFIED.,.F.,.F.,(4,1,4),(0.000172307994315014,0.00169344913380998,
0.00321459027330495),.UNSPECIFIED.);
#752=B_SPLINE_CURVE_WITH_KNOTS('',3,(#1339,#1340,#1341,#1342,#1343),
 .UNSPECIFIED.,.F.,.F.,(4,1,4),(0.000172307994314806,0.00169344913381021,
0.00321459027330561),.UNSPECIFIED.);
#753=B_SPLINE_CURVE_WITH_KNOTS('',3,(#1350,#1351,#1352,#1353,#1354),
 .UNSPECIFIED.,.F.,.F.,(4,1,4),(0.000172307994315014,0.00169344913380998,
0.00321459027330495),.UNSPECIFIED.);
#754=B_SPLINE_CURVE_WITH_KNOTS('',3,(#1366,#1367,#1368,#1369,#1370),
 .UNSPECIFIED.,.F.,.F.,(4,1,4),(0.000172307994314806,0.00169344913381021,
0.00321459027330561),.UNSPECIFIED.);
#755=B_SPLINE_CURVE_WITH_KNOTS('',3,(#1372,#1373,#1374,#1375,#1376),
 .UNSPECIFIED.,.F.,.F.,(4,1,4),(0.000172307994315014,0.00169344913380998,
0.00321459027330494),.UNSPECIFIED.);
#756=B_SPLINE_CURVE_WITH_KNOTS('',3,(#1383,#1384,#1385,#1386,#1387),
 .UNSPECIFIED.,.F.,.F.,(4,1,4),(0.000172307994314806,0.0016934491338102,
0.0032145902733056),.UNSPECIFIED.);
#757=B_SPLINE_CURVE_WITH_KNOTS('',3,(#1394,#1395,#1396,#1397,#1398),
 .UNSPECIFIED.,.F.,.F.,(4,1,4),(0.000172307994315014,0.00169344913380998,
0.00321459027330494),.UNSPECIFIED.);
#758=B_SPLINE_CURVE_WITH_KNOTS('',3,(#1410,#1411,#1412,#1413,#1414),
 .UNSPECIFIED.,.F.,.F.,(4,1,4),(0.000172307994314806,0.00169344913381021,
0.00321459027330561),.UNSPECIFIED.);
#759=B_SPLINE_CURVE_WITH_KNOTS('',3,(#1571,#1572,#1573,#1574),
 .UNSPECIFIED.,.F.,.F.,(4,4),(0.,0.000172307994314791),.UNSPECIFIED.);
#760=B_SPLINE_CURVE_WITH_KNOTS('',3,(#1597,#1598,#1599,#1600),
 .UNSPECIFIED.,.F.,.F.,(4,4),(0.,0.000172307994314986),.UNSPECIFIED.);
#761=B_SPLINE_CURVE_WITH_KNOTS('',3,(#1624,#1625,#1626,#1627),
 .UNSPECIFIED.,.F.,.F.,(4,4),(0.,0.000172307994314791),.UNSPECIFIED.);
#762=B_SPLINE_CURVE_WITH_KNOTS('',3,(#1650,#1651,#1652,#1653),
 .UNSPECIFIED.,.F.,.F.,(4,4),(0.,0.000172307994314986),.UNSPECIFIED.);
#763=B_SPLINE_CURVE_WITH_KNOTS('',3,(#1675,#1676,#1677,#1678),
 .UNSPECIFIED.,.F.,.F.,(4,4),(0.,0.000172307994314986),.UNSPECIFIED.);
#764=B_SPLINE_CURVE_WITH_KNOTS('',3,(#1702,#1703,#1704,#1705),
 .UNSPECIFIED.,.F.,.F.,(4,4),(0.,0.000172307994314791),.UNSPECIFIED.);
#765=B_SPLINE_CURVE_WITH_KNOTS('',3,(#1728,#1729,#1730,#1731),
 .UNSPECIFIED.,.F.,.F.,(4,4),(0.,0.000172307994314986),.UNSPECIFIED.);
#766=B_SPLINE_CURVE_WITH_KNOTS('',3,(#1753,#1754,#1755,#1756),
 .UNSPECIFIED.,.F.,.F.,(4,4),(0.,0.000172307994314791),.UNSPECIFIED.);
#767=B_SPLINE_CURVE_WITH_KNOTS('',3,(#1757,#1758,#1759,#1760),
 .UNSPECIFIED.,.F.,.F.,(4,4),(0.00321459027330564,0.00338649594659976),
 .UNSPECIFIED.);
#768=EDGE_LOOP('',(#243,#244,#245));
#769=EDGE_LOOP('',(#246,#247,#248));
#770=EDGE_LOOP('',(#249,#250,#251));
#771=EDGE_LOOP('',(#252,#253,#254));
#772=EDGE_LOOP('',(#255,#256,#257));
#773=EDGE_LOOP('',(#258,#259,#260));
#774=EDGE_LOOP('',(#261,#262,#263));
#775=EDGE_LOOP('',(#264,#265,#266));
#776=EDGE_LOOP('',(#267,#268,#269,#270));
#777=EDGE_LOOP('',(#271));
#778=EDGE_LOOP('',(#272,#273,#274,#275));
#779=EDGE_LOOP('',(#276,#277,#278,#279,#280,#281,#282,#283));
#780=EDGE_LOOP('',(#284,#285,#286,#287,#288,#289,#290,#291));
#781=EDGE_LOOP('',(#292,#293,#294,#295,#296,#297,#298,#299));
#782=EDGE_LOOP('',(#300,#301,#302,#303));
#783=EDGE_LOOP('',(#304,#305,#306,#307));
#784=EDGE_LOOP('',(#308,#309,#310,#311));
#785=EDGE_LOOP('',(#312,#313,#314,#315));
#786=EDGE_LOOP('',(#316));
#787=EDGE_LOOP('',(#317));
#788=EDGE_LOOP('',(#318,#319,#320,#321));
#789=EDGE_LOOP('',(#322,#323,#324,#325));
#790=EDGE_LOOP('',(#326,#327,#328,#329));
#791=EDGE_LOOP('',(#330,#331,#332,#333));
#792=EDGE_LOOP('',(#334,#335,#336,#337));
#793=EDGE_LOOP('',(#338,#339,#340,#341));
#794=EDGE_LOOP('',(#342,#343,#344,#345));
#795=EDGE_LOOP('',(#346,#347,#348,#349));
#796=EDGE_LOOP('',(#350,#351,#352,#353));
#797=EDGE_LOOP('',(#354,#355,#356,#357));
#798=EDGE_LOOP('',(#358,#359,#360,#361));
#799=EDGE_LOOP('',(#362,#363,#364,#365));
#800=EDGE_LOOP('',(#366,#367,#368,#369,#370));
#801=EDGE_LOOP('',(#371,#372,#373,#374,#375));
#802=EDGE_LOOP('',(#376,#377,#378,#379,#380));
#803=EDGE_LOOP('',(#381,#382,#383,#384,#385));
#804=EDGE_LOOP('',(#386,#387,#388,#389,#390));
#805=EDGE_LOOP('',(#391,#392,#393,#394,#395));
#806=EDGE_LOOP('',(#396,#397,#398,#399,#400));
#807=EDGE_LOOP('',(#401,#402,#403,#404,#405));
#808=EDGE_LOOP('',(#406,#407,#408,#409));
#809=EDGE_LOOP('',(#410,#411,#412,#413));
#810=EDGE_LOOP('',(#414,#415,#416,#417));
#811=EDGE_LOOP('',(#418,#419,#420,#421));
#812=EDGE_LOOP('',(#422,#423,#424,#425));
#813=EDGE_LOOP('',(#426,#427,#428,#429));
#814=EDGE_LOOP('',(#430,#431,#432,#433));
#815=EDGE_LOOP('',(#434,#435,#436,#437,#438,#439,#440,#441));
#816=EDGE_LOOP('',(#442,#443,#444,#445,#446,#447,#448,#449));
#817=EDGE_LOOP('',(#450,#451,#452,#453,#454,#455,#456,#457));
#818=EDGE_LOOP('',(#458,#459,#460,#461,#462,#463,#464,#465));
#819=EDGE_LOOP('',(#466,#467,#468,#469,#470,#471,#472,#473));
#820=EDGE_LOOP('',(#474,#475,#476,#477,#478,#479,#480,#481));
#821=EDGE_LOOP('',(#482,#483,#484,#485,#486,#487,#488,#489));
#822=EDGE_LOOP('',(#490,#491,#492,#493,#494,#495,#496,#497));
#823=EDGE_LOOP('',(#498));
#824=EDGE_LOOP('',(#499));
#825=EDGE_LOOP('',(#500,#501,#502,#503));
#826=EDGE_LOOP('',(#504));
#827=EDGE_LOOP('',(#505,#506,#507,#508));
#828=EDGE_LOOP('',(#509,#510,#511,#512));
#829=EDGE_LOOP('',(#513,#514,#515,#516,#517,#518,#519,#520));
#830=FACE_BOUND('',#768,.T.);
#831=FACE_BOUND('',#769,.T.);
#832=FACE_BOUND('',#770,.T.);
#833=FACE_BOUND('',#771,.T.);
#834=FACE_BOUND('',#772,.T.);
#835=FACE_BOUND('',#773,.T.);
#836=FACE_BOUND('',#774,.T.);
#837=FACE_BOUND('',#775,.T.);
#838=FACE_BOUND('',#776,.T.);
#839=FACE_BOUND('',#777,.T.);
#840=FACE_BOUND('',#778,.T.);
#841=FACE_BOUND('',#779,.T.);
#842=FACE_BOUND('',#780,.T.);
#843=FACE_BOUND('',#781,.T.);
#844=FACE_BOUND('',#782,.T.);
#845=FACE_BOUND('',#783,.T.);
#846=FACE_BOUND('',#784,.T.);
#847=FACE_BOUND('',#785,.T.);
#848=FACE_BOUND('',#786,.T.);
#849=FACE_BOUND('',#787,.T.);
#850=FACE_BOUND('',#788,.T.);
#851=FACE_BOUND('',#789,.T.);
#852=FACE_BOUND('',#790,.T.);
#853=FACE_BOUND('',#791,.T.);
#854=FACE_BOUND('',#792,.T.);
#855=FACE_BOUND('',#793,.T.);
#856=FACE_BOUND('',#794,.T.);
#857=FACE_BOUND('',#795,.T.);
#858=FACE_BOUND('',#796,.T.);
#859=FACE_BOUND('',#797,.T.);
#860=FACE_BOUND('',#798,.T.);
#861=FACE_BOUND('',#799,.T.);
#862=FACE_BOUND('',#800,.T.);
#863=FACE_BOUND('',#801,.T.);
#864=FACE_BOUND('',#802,.T.);
#865=FACE_BOUND('',#803,.T.);
#866=FACE_BOUND('',#804,.T.);
#867=FACE_BOUND('',#805,.T.);
#868=FACE_BOUND('',#806,.T.);
#869=FACE_BOUND('',#807,.T.);
#870=FACE_BOUND('',#808,.T.);
#871=FACE_BOUND('',#809,.T.);
#872=FACE_BOUND('',#810,.T.);
#873=FACE_BOUND('',#811,.T.);
#874=FACE_BOUND('',#812,.T.);
#875=FACE_BOUND('',#813,.T.);
#876=FACE_BOUND('',#814,.T.);
#877=FACE_BOUND('',#815,.T.);
#878=FACE_BOUND('',#816,.T.);
#879=FACE_BOUND('',#817,.T.);
#880=FACE_BOUND('',#818,.T.);
#881=FACE_BOUND('',#819,.T.);
#882=FACE_BOUND('',#820,.T.);
#883=FACE_BOUND('',#821,.T.);
#884=FACE_BOUND('',#822,.T.);
#885=FACE_BOUND('',#823,.T.);
#886=FACE_BOUND('',#824,.T.);
#887=FACE_BOUND('',#825,.T.);
#888=FACE_BOUND('',#826,.T.);
#889=FACE_BOUND('',#827,.T.);
#890=FACE_BOUND('',#828,.T.);
#891=FACE_BOUND('',#829,.T.);
#892=PLANE('',#981);
#893=PLANE('',#982);
#894=PLANE('',#983);
#895=PLANE('',#984);
#896=PLANE('',#985);
#897=PLANE('',#986);
#898=PLANE('',#987);
#899=PLANE('',#988);
#900=PLANE('',#989);
#901=PLANE('',#995);
#902=PLANE('',#1046);
#903=PLANE('',#1049);
#904=PLANE('',#1052);
#905=PLANE('',#1055);
#906=PLANE('',#1056);
#907=PLANE('',#1057);
#908=PLANE('',#1058);
#909=PLANE('',#1059);
#910=PLANE('',#1060);
#911=PLANE('',#1061);
#912=PLANE('',#1062);
#913=PLANE('',#1063);
#914=PLANE('',#1068);
#915=ADVANCED_FACE('',(#830),#892,.F.);
#916=ADVANCED_FACE('',(#831),#893,.F.);
#917=ADVANCED_FACE('',(#832),#894,.F.);
#918=ADVANCED_FACE('',(#833),#895,.F.);
#919=ADVANCED_FACE('',(#834),#896,.F.);
#920=ADVANCED_FACE('',(#835),#897,.F.);
#921=ADVANCED_FACE('',(#836),#898,.F.);
#922=ADVANCED_FACE('',(#837),#899,.F.);
#923=ADVANCED_FACE('',(#838,#839,#840,#841),#900,.T.);
#924=ADVANCED_FACE('',(#842,#843),#901,.F.);
#925=ADVANCED_FACE('',(#844),#41,.T.);
#926=ADVANCED_FACE('',(#845),#42,.T.);
#927=ADVANCED_FACE('',(#846),#43,.T.);
#928=ADVANCED_FACE('',(#847),#44,.T.);
#929=ADVANCED_FACE('',(#848,#849),#24,.T.);
#930=ADVANCED_FACE('',(#850),#45,.T.);
#931=ADVANCED_FACE('',(#851),#46,.T.);
#932=ADVANCED_FACE('',(#852),#47,.T.);
#933=ADVANCED_FACE('',(#853),#48,.T.);
#934=ADVANCED_FACE('',(#854),#20,.T.);
#935=ADVANCED_FACE('',(#855),#49,.T.);
#936=ADVANCED_FACE('',(#856),#50,.T.);
#937=ADVANCED_FACE('',(#857),#21,.T.);
#938=ADVANCED_FACE('',(#858),#22,.T.);
#939=ADVANCED_FACE('',(#859),#51,.T.);
#940=ADVANCED_FACE('',(#860),#52,.T.);
#941=ADVANCED_FACE('',(#861),#23,.T.);
#942=ADVANCED_FACE('',(#862),#12,.F.);
#943=ADVANCED_FACE('',(#863),#13,.F.);
#944=ADVANCED_FACE('',(#864),#14,.F.);
#945=ADVANCED_FACE('',(#865),#15,.F.);
#946=ADVANCED_FACE('',(#866),#16,.F.);
#947=ADVANCED_FACE('',(#867),#17,.F.);
#948=ADVANCED_FACE('',(#868),#18,.F.);
#949=ADVANCED_FACE('',(#869),#19,.F.);
#950=ADVANCED_FACE('',(#870),#902,.T.);
#951=ADVANCED_FACE('',(#871),#53,.T.);
#952=ADVANCED_FACE('',(#872),#903,.T.);
#953=ADVANCED_FACE('',(#873),#54,.T.);
#954=ADVANCED_FACE('',(#874),#904,.F.);
#955=ADVANCED_FACE('',(#875),#55,.T.);
#956=ADVANCED_FACE('',(#876),#905,.T.);
#957=ADVANCED_FACE('',(#877),#906,.F.);
#958=ADVANCED_FACE('',(#878),#907,.T.);
#959=ADVANCED_FACE('',(#879),#908,.T.);
#960=ADVANCED_FACE('',(#880),#909,.F.);
#961=ADVANCED_FACE('',(#881),#910,.T.);
#962=ADVANCED_FACE('',(#882),#911,.T.);
#963=ADVANCED_FACE('',(#883),#912,.F.);
#964=ADVANCED_FACE('',(#884),#913,.F.);
#965=ADVANCED_FACE('',(#885,#886),#56,.F.);
#966=ADVANCED_FACE('',(#887),#57,.T.);
#967=ADVANCED_FACE('',(#888,#889,#890,#891),#914,.F.);
#968=CLOSED_SHELL('',(#915,#916,#917,#918,#919,#920,#921,#922,#923,#924,
#925,#926,#927,#928,#929,#930,#931,#932,#933,#934,#935,#936,#937,#938,#939,
#940,#941,#942,#943,#944,#945,#946,#947,#948,#949,#950,#951,#952,#953,#954,
#955,#956,#957,#958,#959,#960,#961,#962,#963,#964,#965,#966,#967));
#969=STYLED_ITEM('',(#970),#977);
#970=PRESENTATION_STYLE_ASSIGNMENT((#971));
#971=SURFACE_STYLE_USAGE(.BOTH.,#972);
#972=SURFACE_SIDE_STYLE('',(#973));
#973=SURFACE_STYLE_FILL_AREA(#974);
#974=FILL_AREA_STYLE('',(#975));
#975=FILL_AREA_STYLE_COLOUR('',#976);
#976=COLOUR_RGB('',0.0980392156862745,0.0941176470588235,0.0941176470588235);
#977=MANIFOLD_SOLID_BREP('Part 111',#968);
#978=SHAPE_DEFINITION_REPRESENTATION(#1835,#979);
#979=SHAPE_REPRESENTATION('Part 111',(#980),#1830);
#980=AXIS2_PLACEMENT_3D('',#1326,#1069,#1070);
#981=AXIS2_PLACEMENT_3D('',#1327,#1071,#1072);
#982=AXIS2_PLACEMENT_3D('',#1338,#1075,#1076);
#983=AXIS2_PLACEMENT_3D('',#1349,#1079,#1080);
#984=AXIS2_PLACEMENT_3D('',#1360,#1083,#1084);
#985=AXIS2_PLACEMENT_3D('',#1371,#1087,#1088);
#986=AXIS2_PLACEMENT_3D('',#1382,#1091,#1092);
#987=AXIS2_PLACEMENT_3D('',#1393,#1095,#1096);
#988=AXIS2_PLACEMENT_3D('',#1404,#1099,#1100);
#989=AXIS2_PLACEMENT_3D('',#1415,#1103,#1104);
#990=AXIS2_PLACEMENT_3D('',#1424,#1109,#1110);
#991=AXIS2_PLACEMENT_3D('',#1437,#1116,#1117);
#992=AXIS2_PLACEMENT_3D('',#1441,#1119,#1120);
#993=AXIS2_PLACEMENT_3D('',#1445,#1122,#1123);
#994=AXIS2_PLACEMENT_3D('',#1449,#1125,#1126);
#995=AXIS2_PLACEMENT_3D('',#1450,#1127,#1128);
#996=AXIS2_PLACEMENT_3D('',#1451,#1129,#1130);
#997=AXIS2_PLACEMENT_3D('',#1456,#1132,#1133);
#998=AXIS2_PLACEMENT_3D('',#1460,#1135,#1136);
#999=AXIS2_PLACEMENT_3D('',#1464,#1138,#1139);
#1000=AXIS2_PLACEMENT_3D('',#1470,#1142,#1143);
#1001=AXIS2_PLACEMENT_3D('',#1474,#1145,#1146);
#1002=AXIS2_PLACEMENT_3D('',#1478,#1148,#1149);
#1003=AXIS2_PLACEMENT_3D('',#1482,#1151,#1152);
#1004=AXIS2_PLACEMENT_3D('',#1483,#1153,#1154);
#1005=AXIS2_PLACEMENT_3D('',#1484,#1155,#1156);
#1006=AXIS2_PLACEMENT_3D('',#1488,#1158,#1159);
#1007=AXIS2_PLACEMENT_3D('',#1489,#1160,#1161);
#1008=AXIS2_PLACEMENT_3D('',#1493,#1163,#1164);
#1009=AXIS2_PLACEMENT_3D('',#1494,#1165,#1166);
#1010=AXIS2_PLACEMENT_3D('',#1495,#1167,#1168);
#1011=AXIS2_PLACEMENT_3D('',#1499,#1170,#1171);
#1012=AXIS2_PLACEMENT_3D('',#1500,#1172,#1173);
#1013=AXIS2_PLACEMENT_3D('',#1501,#1174,#1175);
#1014=AXIS2_PLACEMENT_3D('',#1505,#1177,#1178);
#1015=AXIS2_PLACEMENT_3D('',#1506,#1179,#1180);
#1016=AXIS2_PLACEMENT_3D('',#1507,#1181,#1182);
#1017=AXIS2_PLACEMENT_3D('',#1508,#1183,#1184);
#1018=AXIS2_PLACEMENT_3D('',#1510,#1185,#1186);
#1019=AXIS2_PLACEMENT_3D('',#1514,#1188,#1189);
#1020=AXIS2_PLACEMENT_3D('',#1515,#1190,#1191);
#1021=AXIS2_PLACEMENT_3D('',#1516,#1192,#1193);
#1022=AXIS2_PLACEMENT_3D('',#1520,#1195,#1196);
#1023=AXIS2_PLACEMENT_3D('',#1521,#1197,#1198);
#1024=AXIS2_PLACEMENT_3D('',#1522,#1199,#1200);
#1025=AXIS2_PLACEMENT_3D('',#1523,#1201,#1202);
#1026=AXIS2_PLACEMENT_3D('',#1527,#1204,#1205);
#1027=AXIS2_PLACEMENT_3D('',#1528,#1206,#1207);
#1028=AXIS2_PLACEMENT_3D('',#1532,#1209,#1210);
#1029=AXIS2_PLACEMENT_3D('',#1533,#1211,#1212);
#1030=AXIS2_PLACEMENT_3D('',#1534,#1213,#1214);
#1031=AXIS2_PLACEMENT_3D('',#1535,#1215,#1216);
#1032=AXIS2_PLACEMENT_3D('',#1536,#1217,#1218);
#1033=AXIS2_PLACEMENT_3D('',#1537,#1219,#1220);
#1034=AXIS2_PLACEMENT_3D('',#1538,#1221,#1222);
#1035=AXIS2_PLACEMENT_3D('',#1539,#1223,#1224);
#1036=AXIS2_PLACEMENT_3D('',#1540,#1225,#1226);
#1037=AXIS2_PLACEMENT_3D('',#1541,#1227,#1228);
#1038=AXIS2_PLACEMENT_3D('',#1542,#1229,#1230);
#1039=AXIS2_PLACEMENT_3D('',#1543,#1231,#1232);
#1040=AXIS2_PLACEMENT_3D('',#1544,#1233,#1234);
#1041=AXIS2_PLACEMENT_3D('',#1545,#1235,#1236);
#1042=AXIS2_PLACEMENT_3D('',#1546,#1237,#1238);
#1043=AXIS2_PLACEMENT_3D('',#1547,#1239,#1240);
#1044=AXIS2_PLACEMENT_3D('',#1548,#1241,#1242);
#1045=AXIS2_PLACEMENT_3D('',#1549,#1243,#1244);
#1046=AXIS2_PLACEMENT_3D('',#1761,#1252,#1253);
#1047=AXIS2_PLACEMENT_3D('',#1767,#1257,#1258);
#1048=AXIS2_PLACEMENT_3D('',#1768,#1259,#1260);
#1049=AXIS2_PLACEMENT_3D('',#1771,#1262,#1263);
#1050=AXIS2_PLACEMENT_3D('',#1775,#1266,#1267);
#1051=AXIS2_PLACEMENT_3D('',#1776,#1268,#1269);
#1052=AXIS2_PLACEMENT_3D('',#1779,#1271,#1272);
#1053=AXIS2_PLACEMENT_3D('',#1783,#1275,#1276);
#1054=AXIS2_PLACEMENT_3D('',#1784,#1277,#1278);
#1055=AXIS2_PLACEMENT_3D('',#1787,#1280,#1281);
#1056=AXIS2_PLACEMENT_3D('',#1791,#1284,#1285);
#1057=AXIS2_PLACEMENT_3D('',#1797,#1289,#1290);
#1058=AXIS2_PLACEMENT_3D('',#1801,#1293,#1294);
#1059=AXIS2_PLACEMENT_3D('',#1805,#1297,#1298);
#1060=AXIS2_PLACEMENT_3D('',#1811,#1302,#1303);
#1061=AXIS2_PLACEMENT_3D('',#1815,#1306,#1307);
#1062=AXIS2_PLACEMENT_3D('',#1819,#1310,#1311);
#1063=AXIS2_PLACEMENT_3D('',#1821,#1313,#1314);
#1064=AXIS2_PLACEMENT_3D('',#1823,#1316,#1317);
#1065=AXIS2_PLACEMENT_3D('',#1824,#1318,#1319);
#1066=AXIS2_PLACEMENT_3D('',#1826,#1320,#1321);
#1067=AXIS2_PLACEMENT_3D('',#1827,#1322,#1323);
#1068=AXIS2_PLACEMENT_3D('',#1828,#1324,#1325);
#1069=DIRECTION('',(0.,0.,1.));
#1070=DIRECTION('',(1.,0.,0.));
#1071=DIRECTION('',(-2.334869823773E-16,1.,2.39272203583E-16));
#1072=DIRECTION('',(1.,2.334869823773E-16,5.58669447813617E-32));
#1073=DIRECTION('',(-7.00129850855046E-33,-2.39272203583E-16,1.));
#1074=DIRECTION('',(1.,2.334869823773E-16,-8.20321529508289E-33));
#1075=DIRECTION('',(-2.334869823773E-16,1.,2.39272203583E-16));
#1076=DIRECTION('',(1.,2.334869823773E-16,5.58669447813617E-32));
#1077=DIRECTION('',(1.,2.334869823773E-16,-8.20321529508289E-33));
#1078=DIRECTION('',(-7.00129850855046E-33,-2.39272203583E-16,1.));
#1079=DIRECTION('',(-2.334869823773E-16,1.,2.39272203583E-16));
#1080=DIRECTION('',(1.,2.334869823773E-16,5.58669447813617E-32));
#1081=DIRECTION('',(-7.00129850855046E-33,-2.39272203583E-16,1.));
#1082=DIRECTION('',(1.,2.334869823773E-16,-8.20321529508289E-33));
#1083=DIRECTION('',(-2.334869823773E-16,1.,2.39272203583E-16));
#1084=DIRECTION('',(1.,2.334869823773E-16,5.58669447813617E-32));
#1085=DIRECTION('',(1.,2.334869823773E-16,-8.20321529508289E-33));
#1086=DIRECTION('',(-7.00129850855046E-33,-2.39272203583E-16,1.));
#1087=DIRECTION('',(-2.334869823773E-16,1.,2.39272203583E-16));
#1088=DIRECTION('',(1.,2.334869823773E-16,5.58669447813617E-32));
#1089=DIRECTION('',(6.57438457890688E-33,-2.39272203583E-16,1.));
#1090=DIRECTION('',(1.,2.334869823773E-16,1.47181214500717E-34));
#1091=DIRECTION('',(-2.334869823773E-16,1.,2.39272203583E-16));
#1092=DIRECTION('',(1.,2.334869823773E-16,5.58669447813617E-32));
#1093=DIRECTION('',(1.,2.334869823773E-16,1.47181214500717E-34));
#1094=DIRECTION('',(6.57438457890688E-33,-2.39272203583E-16,1.));
#1095=DIRECTION('',(-2.334869823773E-16,1.,2.39272203583E-16));
#1096=DIRECTION('',(1.,2.334869823773E-16,5.58669447813617E-32));
#1097=DIRECTION('',(6.57438457890688E-33,-2.39272203583E-16,1.));
#1098=DIRECTION('',(1.,2.334869823773E-16,1.47181214500717E-34));
#1099=DIRECTION('',(-2.334869823773E-16,1.,2.39272203583E-16));
#1100=DIRECTION('',(1.,2.334869823773E-16,5.58669447813617E-32));
#1101=DIRECTION('',(1.,2.334869823773E-16,1.47181214500717E-34));
#1102=DIRECTION('',(6.57438457890688E-33,-2.39272203583E-16,1.));
#1103=DIRECTION('',(-2.334869823773E-16,1.,2.39272203583E-16));
#1104=DIRECTION('',(1.,2.334869823773E-16,5.58669447813617E-32));
#1105=DIRECTION('',(-7.00129850855046E-33,-2.39272203583E-16,1.));
#1106=DIRECTION('',(1.,2.334869823773E-16,-8.20321529508289E-33));
#1107=DIRECTION('',(-7.00129850855046E-33,-2.39272203583E-16,1.));
#1108=DIRECTION('',(1.,2.334869823773E-16,-8.20321529508289E-33));
#1109=DIRECTION('',(-2.334869823773E-16,1.,2.39272203583E-16));
#1110=DIRECTION('',(0.,-2.39272203583E-16,1.));
#1111=DIRECTION('',(6.57438457890688E-33,-2.39272203583E-16,1.));
#1112=DIRECTION('',(1.,2.334869823773E-16,1.47181214500708E-34));
#1113=DIRECTION('',(6.57438457890688E-33,-2.39272203583E-16,1.));
#1114=DIRECTION('',(1.,2.334869823773E-16,1.47181214500708E-34));
#1115=DIRECTION('',(1.,2.334869823773E-16,3.71037825860104E-35));
#1116=DIRECTION('',(-2.334869823773E-16,1.,2.39272203583E-16));
#1117=DIRECTION('',(0.,-2.39272203583E-16,1.));
#1118=DIRECTION('',(-3.52687139855524E-33,2.39272203583E-16,-1.));
#1119=DIRECTION('',(-2.334869823773E-16,1.,2.39272203583E-16));
#1120=DIRECTION('',(0.,-2.39272203583E-16,1.));
#1121=DIRECTION('',(1.,2.334869823773E-16,3.71037825860104E-35));
#1122=DIRECTION('',(-2.334869823773E-16,1.,2.39272203583E-16));
#1123=DIRECTION('',(0.,-2.39272203583E-16,1.));
#1124=DIRECTION('',(-3.52687139855526E-33,2.39272203583E-16,-1.));
#1125=DIRECTION('',(-2.334869823773E-16,1.,2.39272203583E-16));
#1126=DIRECTION('',(0.,-2.39272203583E-16,1.));
#1127=DIRECTION('',(-2.334869823773E-16,1.,2.39272203583E-16));
#1128=DIRECTION('',(1.,2.334869823773E-16,5.58669447813617E-32));
#1129=DIRECTION('',(-2.334869823773E-16,1.,2.39272203583E-16));
#1130=DIRECTION('',(0.,-2.39272203583E-16,1.));
#1131=DIRECTION('',(3.52687139855526E-33,-2.39272203583E-16,1.));
#1132=DIRECTION('',(-2.334869823773E-16,1.,2.39272203583E-16));
#1133=DIRECTION('',(0.,-2.39272203583E-16,1.));
#1134=DIRECTION('',(1.,2.334869823773E-16,3.71037825860069E-35));
#1135=DIRECTION('',(-2.334869823773E-16,1.,2.39272203583E-16));
#1136=DIRECTION('',(0.,-2.39272203583E-16,1.));
#1137=DIRECTION('',(3.52687139855526E-33,-2.39272203583E-16,1.));
#1138=DIRECTION('',(-2.334869823773E-16,1.,2.39272203583E-16));
#1139=DIRECTION('',(0.,-2.39272203583E-16,1.));
#1140=DIRECTION('',(-1.,-2.334869823773E-16,-3.39391873509432E-16));
#1141=DIRECTION('',(-3.52687139855524E-33,2.39272203583E-16,-1.));
#1142=DIRECTION('',(-2.334869823773E-16,1.,2.39272203583E-16));
#1143=DIRECTION('',(0.,-2.39272203583E-16,1.));
#1144=DIRECTION('',(1.,2.334869823773E-16,3.71037825860104E-35));
#1145=DIRECTION('',(-2.334869823773E-16,1.,2.39272203583E-16));
#1146=DIRECTION('',(0.,-2.39272203583E-16,1.));
#1147=DIRECTION('',(3.52687139855526E-33,-2.39272203583E-16,1.));
#1148=DIRECTION('',(-2.334869823773E-16,1.,2.39272203583E-16));
#1149=DIRECTION('',(0.,-2.39272203583E-16,1.));
#1150=DIRECTION('',(-1.,-2.334869823773E-16,-3.71037825860104E-35));
#1151=DIRECTION('',(-2.334869823773E-16,1.,2.39272203583E-16));
#1152=DIRECTION('',(0.,-2.39272203583E-16,1.));
#1153=DIRECTION('',(-7.00129850855046E-33,-2.39272203583E-16,1.));
#1154=DIRECTION('',(0.,-1.,-2.39272203583E-16));
#1155=DIRECTION('',(-0.894427190999915,-1.01831323315224E-16,-0.447213595499959));
#1156=DIRECTION('',(0.447213595499959,3.57048735906264E-16,-0.894427190999915));
#1157=DIRECTION('',(-7.00129850855046E-33,-2.39272203583E-16,1.));
#1158=DIRECTION('',(0.894427190999915,3.15842888250327E-16,-0.447213595499959));
#1159=DIRECTION('',(-0.447213595499959,8.92621839765661E-17,-0.894427190999915));
#1160=DIRECTION('',(-1.,-2.334869823773E-16,8.20321529508289E-33));
#1161=DIRECTION('',(-2.334869823773E-16,1.,0.));
#1162=DIRECTION('',(-1.,-2.334869823773E-16,8.20321529508289E-33));
#1163=DIRECTION('',(0.447213595499958,-1.09593012043715E-16,0.894427190999916));
#1164=DIRECTION('',(0.894427190999916,1.78524367953133E-16,-0.447213595499958));
#1165=DIRECTION('',(0.447213595499958,3.18430117826491E-16,-0.894427190999916));
#1166=DIRECTION('',(-0.894427190999916,-1.78524367953133E-16,-0.447213595499958));
#1167=DIRECTION('',(1.,2.334869823773E-16,-8.20321529508289E-33));
#1168=DIRECTION('',(2.334869823773E-16,-1.,0.));
#1169=DIRECTION('',(1.,2.334869823773E-16,-8.20321529508289E-33));
#1170=DIRECTION('',(-0.447213595499958,1.09593012043715E-16,-0.894427190999916));
#1171=DIRECTION('',(0.894427190999916,2.677865519297E-16,-0.447213595499958));
#1172=DIRECTION('',(-0.447213595499958,-3.18430117826491E-16,0.894427190999916));
#1173=DIRECTION('',(-0.894427190999916,-1.78524367953133E-16,-0.447213595499958));
#1174=DIRECTION('',(7.00129850855046E-33,2.39272203583E-16,-1.));
#1175=DIRECTION('',(0.,1.,2.39272203583E-16));
#1176=DIRECTION('',(7.00129850855046E-33,2.39272203583E-16,-1.));
#1177=DIRECTION('',(-0.894427190999915,-3.15842888250327E-16,0.447213595499959));
#1178=DIRECTION('',(-0.447213595499959,8.92621839765661E-17,-0.894427190999915));
#1179=DIRECTION('',(0.894427190999915,1.01831323315224E-16,0.447213595499959));
#1180=DIRECTION('',(0.447213595499959,3.57048735906264E-16,-0.894427190999915));
#1181=DIRECTION('',(-2.334869823773E-16,1.,2.39272203583E-16));
#1182=DIRECTION('',(0.,-2.39272203583E-16,1.));
#1183=DIRECTION('',(-2.334869823773E-16,1.,2.39272203583E-16));
#1184=DIRECTION('',(0.,-2.39272203583E-16,1.));
#1185=DIRECTION('',(6.57438457890688E-33,-2.39272203583E-16,1.));
#1186=DIRECTION('',(0.,-1.,-2.39272203583E-16));
#1187=DIRECTION('',(6.57438457890688E-33,-2.39272203583E-16,1.));
#1188=DIRECTION('',(0.894427190999915,3.15842888250327E-16,-0.447213595499959));
#1189=DIRECTION('',(-0.447213595499959,8.92621839765661E-17,-0.894427190999915));
#1190=DIRECTION('',(-0.894427190999915,-1.01831323315224E-16,-0.447213595499959));
#1191=DIRECTION('',(0.447213595499959,2.67786551929698E-16,-0.894427190999915));
#1192=DIRECTION('',(-1.,-2.334869823773E-16,-1.47181214500708E-34));
#1193=DIRECTION('',(-2.334869823773E-16,1.,0.));
#1194=DIRECTION('',(-1.,-2.334869823773E-16,-1.47181214500708E-34));
#1195=DIRECTION('',(0.447213595499958,-1.09593012043715E-16,0.894427190999916));
#1196=DIRECTION('',(0.894427190999916,2.677865519297E-16,-0.447213595499958));
#1197=DIRECTION('',(0.447213595499958,3.1843011782649E-16,-0.894427190999916));
#1198=DIRECTION('',(-0.894427190999916,-8.92621839765663E-17,-0.447213595499958));
#1199=DIRECTION('',(1.,2.334869823773E-16,1.47181214500708E-34));
#1200=DIRECTION('',(2.334869823773E-16,-1.,0.));
#1201=DIRECTION('',(-0.447213595499958,-3.18430117826491E-16,0.894427190999916));
#1202=DIRECTION('',(-0.894427190999916,-1.78524367953133E-16,-0.447213595499958));
#1203=DIRECTION('',(1.,2.334869823773E-16,1.47181214500708E-34));
#1204=DIRECTION('',(-0.447213595499958,1.09593012043715E-16,-0.894427190999916));
#1205=DIRECTION('',(0.894427190999916,2.67786551929699E-16,-0.447213595499958));
#1206=DIRECTION('',(-6.57438457890688E-33,2.39272203583E-16,-1.));
#1207=DIRECTION('',(0.,1.,2.39272203583E-16));
#1208=DIRECTION('',(-6.57438457890688E-33,2.39272203583E-16,-1.));
#1209=DIRECTION('',(-0.894427190999915,-3.15842888250327E-16,0.447213595499959));
#1210=DIRECTION('',(-0.447213595499959,8.92621839765661E-17,-0.894427190999915));
#1211=DIRECTION('',(0.894427190999915,1.01831323315224E-16,0.447213595499959));
#1212=DIRECTION('',(0.447213595499959,3.57048735906264E-16,-0.894427190999915));
#1213=DIRECTION('',(-2.334869823773E-16,1.,2.39272203583E-16));
#1214=DIRECTION('',(0.,-2.39272203583E-16,1.));
#1215=DIRECTION('',(0.,0.,-1.));
#1216=DIRECTION('',(0.,1.,0.));
#1217=DIRECTION('',(-1.,0.,0.));
#1218=DIRECTION('',(0.,1.,0.));
#1219=DIRECTION('',(-1.,-2.334869823773E-16,-3.71037825860104E-35));
#1220=DIRECTION('',(-2.334869823773E-16,1.,0.));
#1221=DIRECTION('',(-1.,0.,0.));
#1222=DIRECTION('',(0.,1.,0.));
#1223=DIRECTION('',(3.52687139855526E-33,-2.39272203583E-16,1.));
#1224=DIRECTION('',(0.,-1.,-2.39272203583E-16));
#1225=DIRECTION('',(0.,0.,-1.));
#1226=DIRECTION('',(0.,1.,0.));
#1227=DIRECTION('',(-2.334869823773E-16,1.,2.39272203583E-16));
#1228=DIRECTION('',(0.,-2.39272203583E-16,1.));
#1229=DIRECTION('',(1.27741639162685E-14,0.,-1.));
#1230=DIRECTION('',(-1.,0.,-1.27741639162685E-14));
#1231=DIRECTION('',(-2.334869823773E-16,1.,2.39272203583E-16));
#1232=DIRECTION('',(0.,-2.39272203583E-16,1.));
#1233=DIRECTION('',(-1.,0.,0.));
#1234=DIRECTION('',(0.,1.,0.));
#1235=DIRECTION('',(-3.52687139855524E-33,2.39272203583E-16,-1.));
#1236=DIRECTION('',(0.,1.,2.39272203583E-16));
#1237=DIRECTION('',(0.,0.,-1.));
#1238=DIRECTION('',(0.,1.,0.));
#1239=DIRECTION('',(1.,2.334869823773E-16,3.71037825860104E-35));
#1240=DIRECTION('',(2.334869823773E-16,-1.,0.));
#1241=DIRECTION('',(-1.,0.,0.));
#1242=DIRECTION('',(0.,1.,0.));
#1243=DIRECTION('',(-2.334869823773E-16,1.,2.39272203583E-16));
#1244=DIRECTION('',(0.,-2.39272203583E-16,1.));
#1245=DIRECTION('',(1.,2.334869823773E-16,-8.20321529508289E-33));
#1246=DIRECTION('',(-7.00129850855046E-33,-2.39272203583E-16,1.));
#1247=DIRECTION('',(1.,2.334869823773E-16,-8.20321529508289E-33));
#1248=DIRECTION('',(-7.00129850855046E-33,-2.39272203583E-16,1.));
#1249=DIRECTION('',(6.57438457890688E-33,-2.39272203583E-16,1.));
#1250=DIRECTION('',(1.,2.334869823773E-16,1.47181214500717E-34));
#1251=DIRECTION('',(6.57438457890688E-33,-2.39272203583E-16,1.));
#1252=DIRECTION('',(-1.,-2.334869823773E-16,-5.23400733828064E-32));
#1253=DIRECTION('',(-2.334869823773E-16,1.,0.));
#1254=DIRECTION('',(-2.334869823773E-16,1.,2.39272203583E-16));
#1255=DIRECTION('',(3.52687139855526E-33,-2.39272203583E-16,1.));
#1256=DIRECTION('',(-2.334869823773E-16,1.,2.39272203583E-16));
#1257=DIRECTION('',(-2.334869823773E-16,1.,2.39272203583E-16));
#1258=DIRECTION('',(0.,-2.39272203583E-16,1.));
#1259=DIRECTION('',(-2.334869823773E-16,1.,2.39272203583E-16));
#1260=DIRECTION('',(0.,-2.39272203583E-16,1.));
#1261=DIRECTION('',(-2.334869823773E-16,1.,2.39272203583E-16));
#1262=DIRECTION('',(5.58298409987757E-32,-2.39272203583E-16,1.));
#1263=DIRECTION('',(0.,-1.,-2.39272203583E-16));
#1264=DIRECTION('',(1.,2.334869823773E-16,3.71037825860069E-35));
#1265=DIRECTION('',(-2.334869823773E-16,1.,2.39272203583E-16));
#1266=DIRECTION('',(-2.334869823773E-16,1.,2.39272203583E-16));
#1267=DIRECTION('',(0.,-2.39272203583E-16,1.));
#1268=DIRECTION('',(-2.334869823773E-16,1.,2.39272203583E-16));
#1269=DIRECTION('',(0.,-2.39272203583E-16,1.));
#1270=DIRECTION('',(-2.334869823773E-16,1.,2.39272203583E-16));
#1271=DIRECTION('',(-1.,-2.334869823773E-16,-5.23400733828064E-32));
#1272=DIRECTION('',(-2.334869823773E-16,1.,0.));
#1273=DIRECTION('',(3.52687139855526E-33,-2.39272203583E-16,1.));
#1274=DIRECTION('',(-2.334869823773E-16,1.,2.39272203583E-16));
#1275=DIRECTION('',(-2.334869823773E-16,1.,2.39272203583E-16));
#1276=DIRECTION('',(0.,-2.39272203583E-16,1.));
#1277=DIRECTION('',(-2.334869823773E-16,1.,2.39272203583E-16));
#1278=DIRECTION('',(0.,-2.39272203583E-16,1.));
#1279=DIRECTION('',(-2.334869823773E-16,1.,2.39272203583E-16));
#1280=DIRECTION('',(3.39391873509432E-16,2.39272203583E-16,-1.));
#1281=DIRECTION('',(-1.,0.,-3.39391873509432E-16));
#1282=DIRECTION('',(-1.,-2.334869823773E-16,-3.39391873509432E-16));
#1283=DIRECTION('',(-2.334869823773E-16,1.,2.39272203583E-16));
#1284=DIRECTION('',(-1.,-2.334869823773E-16,-4.92925602024548E-32));
#1285=DIRECTION('',(-2.334869823773E-16,1.,0.));
#1286=DIRECTION('',(-2.334869823773E-16,1.,2.39272203583E-16));
#1287=DIRECTION('',(6.57438457890688E-33,-2.39272203583E-16,1.));
#1288=DIRECTION('',(-2.334869823773E-16,1.,2.39272203583E-16));
#1289=DIRECTION('',(5.5719763566861E-32,-2.39272203583E-16,1.));
#1290=DIRECTION('',(0.,-1.,-2.39272203583E-16));
#1291=DIRECTION('',(1.,2.334869823773E-16,1.47181214500717E-34));
#1292=DIRECTION('',(-2.334869823773E-16,1.,2.39272203583E-16));
#1293=DIRECTION('',(-1.,-2.334869823773E-16,-4.92925602024548E-32));
#1294=DIRECTION('',(-2.334869823773E-16,1.,0.));
#1295=DIRECTION('',(6.57438457890688E-33,-2.39272203583E-16,1.));
#1296=DIRECTION('',(-2.334869823773E-16,1.,2.39272203583E-16));
#1297=DIRECTION('',(-1.,-2.334869823773E-16,-6.28682432899121E-32));
#1298=DIRECTION('',(-2.334869823773E-16,1.,0.));
#1299=DIRECTION('',(-2.334869823773E-16,1.,2.39272203583E-16));
#1300=DIRECTION('',(-7.00129850855046E-33,-2.39272203583E-16,1.));
#1301=DIRECTION('',(-2.334869823773E-16,1.,2.39272203583E-16));
#1302=DIRECTION('',(6.40701600764446E-32,-2.39272203583E-16,1.));
#1303=DIRECTION('',(0.,-1.,-2.39272203583E-16));
#1304=DIRECTION('',(1.,2.334869823773E-16,-8.20321529508289E-33));
#1305=DIRECTION('',(-2.334869823773E-16,1.,2.39272203583E-16));
#1306=DIRECTION('',(-1.,-2.334869823773E-16,-6.28682432899121E-32));
#1307=DIRECTION('',(-2.334869823773E-16,1.,0.));
#1308=DIRECTION('',(-7.00129850855046E-33,-2.39272203583E-16,1.));
#1309=DIRECTION('',(-2.334869823773E-16,1.,2.39272203583E-16));
#1310=DIRECTION('',(5.5719763566861E-32,-2.39272203583E-16,1.));
#1311=DIRECTION('',(0.,-1.,-2.39272203583E-16));
#1312=DIRECTION('',(1.,2.334869823773E-16,1.47181214500717E-34));
#1313=DIRECTION('',(6.40701600764446E-32,-2.39272203583E-16,1.));
#1314=DIRECTION('',(0.,-1.,-2.39272203583E-16));
#1315=DIRECTION('',(1.,2.334869823773E-16,-8.20321529508289E-33));
#1316=DIRECTION('',(-2.334869823773E-16,1.,2.39272203583E-16));
#1317=DIRECTION('',(0.,-2.39272203583E-16,1.));
#1318=DIRECTION('',(-2.334869823773E-16,1.,2.39272203583E-16));
#1319=DIRECTION('',(0.,-2.39272203583E-16,1.));
#1320=DIRECTION('',(-2.334869823773E-16,1.,2.39272203583E-16));
#1321=DIRECTION('',(0.,-2.39272203583E-16,1.));
#1322=DIRECTION('',(-2.334869823773E-16,1.,2.39272203583E-16));
#1323=DIRECTION('',(0.,-2.39272203583E-16,1.));
#1324=DIRECTION('',(-2.334869823773E-16,1.,2.39272203583E-16));
#1325=DIRECTION('',(1.,2.334869823773E-16,5.58669447813617E-32));
#1326=CARTESIAN_POINT('',(0.,0.,0.));
#1327=CARTESIAN_POINT('',(0.141723942011595,0.006415,0.0981758226510825));
#1328=CARTESIAN_POINT('',(0.139400374835437,0.006415,0.109097272157668));
#1329=CARTESIAN_POINT('',(0.138892925312827,0.006415,0.109137567936833));
#1330=CARTESIAN_POINT('',(0.137906183363474,0.006415,0.109587801301557));
#1331=CARTESIAN_POINT('',(0.137455430141918,0.006415,0.110572892752919));
#1332=CARTESIAN_POINT('',(0.137414947152138,0.006415,0.111082699840957));
#1333=CARTESIAN_POINT('',(0.139400374835437,0.006415,0.109097272157667));
#1334=CARTESIAN_POINT('',(0.137414947152137,0.006415,0.111082699840957));
#1335=CARTESIAN_POINT('',(0.137414947152138,0.006415,0.112318575382233));
#1336=CARTESIAN_POINT('',(0.137414947152138,0.006415,0.109097272157669));
#1337=CARTESIAN_POINT('',(0.140654139220715,0.006415,0.109097272157669));
#1338=CARTESIAN_POINT('',(0.141723942011595,0.006415,0.0981758226510825));
#1339=CARTESIAN_POINT('',(0.143893331289292,0.006415,0.111082699840969));
#1340=CARTESIAN_POINT('',(0.143853035510127,0.006415,0.110575250318358));
#1341=CARTESIAN_POINT('',(0.143402802145403,0.006415,0.109588508369005));
#1342=CARTESIAN_POINT('',(0.142417710694041,0.006415,0.109137755147449));
#1343=CARTESIAN_POINT('',(0.141907903606003,0.006415,0.109097272157669));
#1344=CARTESIAN_POINT('',(0.143893331289293,0.006415,0.111082699840969));
#1345=CARTESIAN_POINT('',(0.141907903606003,0.006415,0.109097272157668));
#1346=CARTESIAN_POINT('',(0.140654139220715,0.006415,0.109097272157669));
#1347=CARTESIAN_POINT('',(0.143893331289291,0.006415,0.109097272157669));
#1348=CARTESIAN_POINT('',(0.143893331289291,0.006415,0.112318575382233));
#1349=CARTESIAN_POINT('',(0.141723942011595,0.006415,0.0981758226510825));
#1350=CARTESIAN_POINT('',(0.141907903605992,0.006415,0.115539878606797));
#1351=CARTESIAN_POINT('',(0.142415353128603,0.006415,0.115499582827632));
#1352=CARTESIAN_POINT('',(0.143402095077955,0.006415,0.115049349462908));
#1353=CARTESIAN_POINT('',(0.143852848299511,0.006415,0.114064258011547));
#1354=CARTESIAN_POINT('',(0.143893331289291,0.006415,0.113554450923509));
#1355=CARTESIAN_POINT('',(0.141907903605992,0.006415,0.115539878606798));
#1356=CARTESIAN_POINT('',(0.143893331289292,0.006415,0.113554450923509));
#1357=CARTESIAN_POINT('',(0.143893331289291,0.006415,0.112318575382233));
#1358=CARTESIAN_POINT('',(0.143893331289291,0.006415,0.115539878606796));
#1359=CARTESIAN_POINT('',(0.140654139220715,0.006415,0.115539878606796));
#1360=CARTESIAN_POINT('',(0.141723942011595,0.006415,0.0981758226510825));
#1361=CARTESIAN_POINT('',(0.140654139220715,0.006415,0.115539878606796));
#1362=CARTESIAN_POINT('',(0.137414947152138,0.006415,0.115539878606796));
#1363=CARTESIAN_POINT('',(0.139400374835426,0.006415,0.115539878606797));
#1364=CARTESIAN_POINT('',(0.137414947152138,0.006415,0.112318575382233));
#1365=CARTESIAN_POINT('',(0.137414947152136,0.006415,0.113554450923497));
#1366=CARTESIAN_POINT('',(0.137414947152137,0.006415,0.113554450923496));
#1367=CARTESIAN_POINT('',(0.137455242931302,0.006415,0.114061900446107));
#1368=CARTESIAN_POINT('',(0.137905476296026,0.00641499999999999,0.11504864239546));
#1369=CARTESIAN_POINT('',(0.138890567747388,0.006415,0.115499395617016));
#1370=CARTESIAN_POINT('',(0.139400374835426,0.006415,0.115539878606796));
#1371=CARTESIAN_POINT('',(0.141723942011595,0.006415,0.0981758226510825));
#1372=CARTESIAN_POINT('',(0.131850314086384,0.006415,0.0771274566650382));
#1373=CARTESIAN_POINT('',(0.131342864563773,0.006415,0.0771677524442036));
#1374=CARTESIAN_POINT('',(0.13035612261442,0.006415,0.0776179858089275));
#1375=CARTESIAN_POINT('',(0.129905369392864,0.006415,0.0786030772602887));
#1376=CARTESIAN_POINT('',(0.129864886403084,0.006415,0.0791128843483268));
#1377=CARTESIAN_POINT('',(0.131850314086383,0.006415,0.0771274566650372));
#1378=CARTESIAN_POINT('',(0.129864886403083,0.006415,0.0791128843483267));
#1379=CARTESIAN_POINT('',(0.129864886403084,0.006415,0.0894529074430466));
#1380=CARTESIAN_POINT('',(0.129864886403084,0.006415,0.0771274566650391));
#1381=CARTESIAN_POINT('',(0.152212671935559,0.006415,0.0771274566650391));
#1382=CARTESIAN_POINT('',(0.141723942011595,0.006415,0.0981758226510825));
#1383=CARTESIAN_POINT('',(0.174560457468034,0.00641500000000001,0.0791128843483389));
#1384=CARTESIAN_POINT('',(0.174520161688869,0.00641500000000001,0.0786054348257279));
#1385=CARTESIAN_POINT('',(0.174069928324144,0.00641500000000001,0.0776186928763748));
#1386=CARTESIAN_POINT('',(0.173084836872783,0.00641500000000001,0.0771679396548194));
#1387=CARTESIAN_POINT('',(0.172575029784745,0.00641500000000001,0.0771274566650391));
#1388=CARTESIAN_POINT('',(0.174560457468035,0.006415,0.0791128843483387));
#1389=CARTESIAN_POINT('',(0.172575029784744,0.006415,0.0771274566650381));
#1390=CARTESIAN_POINT('',(0.152212671935559,0.006415,0.0771274566650391));
#1391=CARTESIAN_POINT('',(0.174560457468033,0.006415,0.0771274566650391));
#1392=CARTESIAN_POINT('',(0.174560457468033,0.006415,0.0894529074430466));
#1393=CARTESIAN_POINT('',(0.141723942011595,0.006415,0.0981758226510825));
#1394=CARTESIAN_POINT('',(0.172575029784733,0.00641500000000001,0.101778358221055));
#1395=CARTESIAN_POINT('',(0.173082479307344,0.00641500000000001,0.10173806244189));
#1396=CARTESIAN_POINT('',(0.174069221256697,0.00641500000000001,0.101287829077166));
#1397=CARTESIAN_POINT('',(0.174519974478252,0.00641500000000001,0.100302737625805));
#1398=CARTESIAN_POINT('',(0.174560457468033,0.00641500000000001,0.0997929305377666));
#1399=CARTESIAN_POINT('',(0.172575029784733,0.006415,0.101778358221056));
#1400=CARTESIAN_POINT('',(0.174560457468034,0.006415,0.0997929305377664));
#1401=CARTESIAN_POINT('',(0.174560457468033,0.006415,0.0894529074430466));
#1402=CARTESIAN_POINT('',(0.174560457468033,0.006415,0.101778358221054));
#1403=CARTESIAN_POINT('',(0.152212671935559,0.006415,0.101778358221054));
#1404=CARTESIAN_POINT('',(0.141723942011595,0.006415,0.0981758226510825));
#1405=CARTESIAN_POINT('',(0.152212671935559,0.006415,0.101778358221054));
#1406=CARTESIAN_POINT('',(0.129864886403084,0.006415,0.101778358221054));
#1407=CARTESIAN_POINT('',(0.131850314086372,0.006415,0.101778358221055));
#1408=CARTESIAN_POINT('',(0.129864886403084,0.006415,0.0894529074430466));
#1409=CARTESIAN_POINT('',(0.129864886403082,0.006415,0.0997929305377544));
#1410=CARTESIAN_POINT('',(0.129864886403083,0.006415,0.0997929305377542));
#1411=CARTESIAN_POINT('',(0.129905182182248,0.006415,0.100300380060365));
#1412=CARTESIAN_POINT('',(0.130355415546972,0.006415,0.101287122009718));
#1413=CARTESIAN_POINT('',(0.131340506998334,0.006415,0.101737875231274));
#1414=CARTESIAN_POINT('',(0.131850314086372,0.006415,0.101778358221054));
#1415=CARTESIAN_POINT('',(0.141723942011595,0.008415,0.0981758226510825));
#1416=CARTESIAN_POINT('',(0.146066121289291,0.008415,0.115539878606796));
#1417=CARTESIAN_POINT('',(0.146066121289291,0.008415,0.106924482157669));
#1418=CARTESIAN_POINT('',(0.146066121289291,0.008415,0.117712668606796));
#1419=CARTESIAN_POINT('',(0.141723942011595,0.008415,0.117712668606796));
#1420=CARTESIAN_POINT('',(0.135242157152138,0.008415,0.117712668606796));
#1421=CARTESIAN_POINT('',(0.135242157152138,0.008415,0.0981758226510825));
#1422=CARTESIAN_POINT('',(0.135242157152138,0.008415,0.106924482157669));
#1423=CARTESIAN_POINT('',(0.143893331289291,0.008415,0.106924482157669));
#1424=CARTESIAN_POINT('',(0.160739660263061,0.008415,0.111955679953098));
#1425=CARTESIAN_POINT('',(0.160739660263061,0.008415,0.119937852044739));
#1426=CARTESIAN_POINT('',(0.176733247468033,0.008415,0.101778358221054));
#1427=CARTESIAN_POINT('',(0.176733247468033,0.008415,0.0749546666650391));
#1428=CARTESIAN_POINT('',(0.176733247468033,0.008415,0.103951148221054));
#1429=CARTESIAN_POINT('',(0.141723942011595,0.008415,0.103951148221054));
#1430=CARTESIAN_POINT('',(0.127692096403084,0.008415,0.103951148221054));
#1431=CARTESIAN_POINT('',(0.127692096403084,0.008415,0.0981758226510825));
#1432=CARTESIAN_POINT('',(0.127692096403084,0.008415,0.0749546666650391));
#1433=CARTESIAN_POINT('',(0.174560457468033,0.008415,0.0749546666650391));
#1434=CARTESIAN_POINT('',(0.141723942011595,0.008415,0.0703131795616531));
#1435=CARTESIAN_POINT('',(0.182614101414391,0.008415,0.0703131795616531));
#1436=CARTESIAN_POINT('',(0.100833782608798,0.008415,0.0703131795616531));
#1437=CARTESIAN_POINT('',(0.100833782608798,0.008415,0.0710717604115516));
#1438=CARTESIAN_POINT('',(0.1000752017589,0.008415,0.0710717604115516));
#1439=CARTESIAN_POINT('',(0.1000752017589,0.008415,0.0981758226510825));
#1440=CARTESIAN_POINT('',(0.1000752017589,0.008415,0.125241486673066));
#1441=CARTESIAN_POINT('',(0.100833782608798,0.008415,0.125241486673066));
#1442=CARTESIAN_POINT('',(0.100833782608798,0.008415,0.126000067522964));
#1443=CARTESIAN_POINT('',(0.182614101414391,0.008415,0.126000067522964));
#1444=CARTESIAN_POINT('',(0.182614101414391,0.008415,0.126000067522964));
#1445=CARTESIAN_POINT('',(0.182614101414391,0.008415,0.125241486673066));
#1446=CARTESIAN_POINT('',(0.18337268226429,0.008415,0.125241486673066));
#1447=CARTESIAN_POINT('',(0.18337268226429,0.008415,0.0710717604115516));
#1448=CARTESIAN_POINT('',(0.18337268226429,0.008415,0.0710717604115516));
#1449=CARTESIAN_POINT('',(0.182614101414391,0.008415,0.0710717604115516));
#1450=CARTESIAN_POINT('',(0.141723942011595,0.006415,0.0981758226510825));
#1451=CARTESIAN_POINT('',(0.100833782608798,0.006415,0.0710717604115516));
#1452=CARTESIAN_POINT('',(0.100833782608798,0.006415,0.0692403895616531));
#1453=CARTESIAN_POINT('',(0.0990024117588997,0.006415,0.0710717604115516));
#1454=CARTESIAN_POINT('',(0.0990024117588997,0.006415,0.0981566235423088));
#1455=CARTESIAN_POINT('',(0.0990024117588997,0.006415,0.125241486673066));
#1456=CARTESIAN_POINT('',(0.100833782608798,0.006415,0.125241486673066));
#1457=CARTESIAN_POINT('',(0.100833782608798,0.006415,0.127072857522964));
#1458=CARTESIAN_POINT('',(0.141723942011595,0.006415,0.127072857522964));
#1459=CARTESIAN_POINT('',(0.182614101414391,0.006415,0.127072857522964));
#1460=CARTESIAN_POINT('',(0.182614101414391,0.006415,0.125241486673066));
#1461=CARTESIAN_POINT('',(0.18444547226429,0.006415,0.125241486673066));
#1462=CARTESIAN_POINT('',(0.18444547226429,0.006415,0.0981566235423088));
#1463=CARTESIAN_POINT('',(0.18444547226429,0.006415,0.0710717604115516));
#1464=CARTESIAN_POINT('',(0.182614101414391,0.006415,0.0710717604115516));
#1465=CARTESIAN_POINT('',(0.182614101414391,0.006415,0.0692403895616532));
#1466=CARTESIAN_POINT('',(0.141723942011595,0.006415,0.0692403895616532));
#1467=CARTESIAN_POINT('',(0.097909293173571,0.006415,0.125241486673066));
#1468=CARTESIAN_POINT('',(0.097909293173571,0.006415,0.125241486673066));
#1469=CARTESIAN_POINT('',(0.097909293173571,0.006415,0.0710717604115516));
#1470=CARTESIAN_POINT('',(0.100833782608798,0.006415,0.0710717604115516));
#1471=CARTESIAN_POINT('',(0.100833782608798,0.006415,0.0681472709763245));
#1472=CARTESIAN_POINT('',(0.100833782608798,0.006415,0.0681472709763245));
#1473=CARTESIAN_POINT('',(0.182614101414391,0.006415,0.0681472709763245));
#1474=CARTESIAN_POINT('',(0.182614101414391,0.006415,0.0710717604115516));
#1475=CARTESIAN_POINT('',(0.185538590849618,0.006415,0.0710717604115516));
#1476=CARTESIAN_POINT('',(0.185538590849618,0.006415,0.0710717604115516));
#1477=CARTESIAN_POINT('',(0.185538590849618,0.006415,0.125241486673066));
#1478=CARTESIAN_POINT('',(0.182614101414391,0.006415,0.125241486673066));
#1479=CARTESIAN_POINT('',(0.182614101414391,0.006415,0.128165976108293));
#1480=CARTESIAN_POINT('',(0.182614101414391,0.006415,0.128165976108293));
#1481=CARTESIAN_POINT('',(0.100833782608798,0.006415,0.128165976108293));
#1482=CARTESIAN_POINT('',(0.100833782608798,0.006415,0.125241486673066));
#1483=CARTESIAN_POINT('',(0.135242157152138,0.00624221,0.112318575382233));
#1484=CARTESIAN_POINT('',(0.135242157152138,0.00624221,0.117712668606796));
#1485=CARTESIAN_POINT('',(0.137411528101287,0.006415,0.113380829642913));
#1486=CARTESIAN_POINT('',(0.137408065737466,0.006415,0.112318575382233));
#1487=CARTESIAN_POINT('',(0.137411506444802,0.006415,0.111256299328326));
#1488=CARTESIAN_POINT('',(0.135242157152138,0.00624221,0.106924482157669));
#1489=CARTESIAN_POINT('',(0.141723942011595,0.00624221,0.106924482157669));
#1490=CARTESIAN_POINT('',(0.140654139220715,0.006415,0.109090390742998));
#1491=CARTESIAN_POINT('',(0.141734304118634,0.006415,0.109093831450333));
#1492=CARTESIAN_POINT('',(0.139573996116021,0.006415,0.109093853106818));
#1493=CARTESIAN_POINT('',(0.146066121289291,0.00624221,0.106924482157669));
#1494=CARTESIAN_POINT('',(0.135242157152138,0.00624221,0.106924482157669));
#1495=CARTESIAN_POINT('',(0.140654139220715,0.00624221,0.117712668606796));
#1496=CARTESIAN_POINT('',(0.140654139220715,0.006415,0.115546760021468));
#1497=CARTESIAN_POINT('',(0.139573974322795,0.006415,0.115543319314132));
#1498=CARTESIAN_POINT('',(0.141734282325408,0.006415,0.115543297657647));
#1499=CARTESIAN_POINT('',(0.135242157152138,0.00624221,0.117712668606796));
#1500=CARTESIAN_POINT('',(0.146066121289291,0.00624221,0.117712668606796));
#1501=CARTESIAN_POINT('',(0.146066121289291,0.00624221,0.0981758226510825));
#1502=CARTESIAN_POINT('',(0.143900212703963,0.006415,0.112318575382233));
#1503=CARTESIAN_POINT('',(0.143896771996627,0.006415,0.113380851436139));
#1504=CARTESIAN_POINT('',(0.143896750340143,0.006415,0.111256321121553));
#1505=CARTESIAN_POINT('',(0.146066121289291,0.00624221,0.117712668606796));
#1506=CARTESIAN_POINT('',(0.146066121289291,0.00624221,0.106924482157669));
#1507=CARTESIAN_POINT('',(0.160739660263061,0.00624221,0.111955679953098));
#1508=CARTESIAN_POINT('',(0.160739660263061,0.006415,0.111955679953098));
#1509=CARTESIAN_POINT('',(0.160739660263061,0.006415,0.117765062044739));
#1510=CARTESIAN_POINT('',(0.127692096403084,0.00624221,0.0894529074430466));
#1511=CARTESIAN_POINT('',(0.129858004988412,0.006415,0.0894529074430466));
#1512=CARTESIAN_POINT('',(0.129861445695748,0.006415,0.0792864838356962));
#1513=CARTESIAN_POINT('',(0.129861467352233,0.006415,0.0996193092571706));
#1514=CARTESIAN_POINT('',(0.127692096403084,0.00624221,0.0749546666650391));
#1515=CARTESIAN_POINT('',(0.127692096403084,0.00624221,0.103951148221054));
#1516=CARTESIAN_POINT('',(0.141723942011595,0.00624221,0.0749546666650391));
#1517=CARTESIAN_POINT('',(0.152212671935559,0.006415,0.0771205752503676));
#1518=CARTESIAN_POINT('',(0.172401430297376,0.006415,0.0771240159577034));
#1519=CARTESIAN_POINT('',(0.132023935366967,0.006415,0.0771240376141879));
#1520=CARTESIAN_POINT('',(0.176733247468033,0.00624221,0.0749546666650391));
#1521=CARTESIAN_POINT('',(0.127692096403084,0.00624221,0.0749546666650391));
#1522=CARTESIAN_POINT('',(0.152212671935559,0.00624221,0.103951148221054));
#1523=CARTESIAN_POINT('',(0.176733247468033,0.00624221,0.103951148221054));
#1524=CARTESIAN_POINT('',(0.172401408504149,0.006415,0.101781777271905));
#1525=CARTESIAN_POINT('',(0.152212671935559,0.006415,0.101785239635725));
#1526=CARTESIAN_POINT('',(0.132023913573741,0.006415,0.10178179892839));
#1527=CARTESIAN_POINT('',(0.127692096403084,0.00624221,0.103951148221054));
#1528=CARTESIAN_POINT('',(0.176733247468033,0.00624221,0.0981758226510825));
#1529=CARTESIAN_POINT('',(0.174567338882705,0.006415,0.0894529074430466));
#1530=CARTESIAN_POINT('',(0.174563898175368,0.006415,0.0996193310503969));
#1531=CARTESIAN_POINT('',(0.174563876518884,0.006415,0.0792865056289226));
#1532=CARTESIAN_POINT('',(0.176733247468033,0.00624221,0.103951148221054));
#1533=CARTESIAN_POINT('',(0.176733247468033,0.00624221,0.0749546666650391));
#1534=CARTESIAN_POINT('',(0.182614101414391,0.00624221,0.125241486673066));
#1535=CARTESIAN_POINT('',(0.18337268226429,0.00624221,0.125241486673066));
#1536=CARTESIAN_POINT('',(0.182614101414391,0.00624221,0.126000067522964));
#1537=CARTESIAN_POINT('',(0.141723942011595,0.00624221,0.126000067522964));
#1538=CARTESIAN_POINT('',(0.100833782608798,0.00624221,0.126000067522964));
#1539=CARTESIAN_POINT('',(0.18337268226429,0.00624221,0.0981758226510825));
#1540=CARTESIAN_POINT('',(0.18337268226429,0.00624221,0.0710717604115516));
#1541=CARTESIAN_POINT('',(0.100833782608798,0.00624221,0.125241486673066));
#1542=CARTESIAN_POINT('',(0.1000752017589,0.00624221,0.125241486673066));
#1543=CARTESIAN_POINT('',(0.182614101414391,0.00624221,0.0710717604115516));
#1544=CARTESIAN_POINT('',(0.182614101414391,0.00624221,0.0703131795616532));
#1545=CARTESIAN_POINT('',(0.1000752017589,0.00624221,0.0981566235423088));
#1546=CARTESIAN_POINT('',(0.1000752017589,0.00624221,0.0710717604115516));
#1547=CARTESIAN_POINT('',(0.141723942011595,0.00624221,0.0703131795616531));
#1548=CARTESIAN_POINT('',(0.100833782608798,0.00624221,0.0703131795616531));
#1549=CARTESIAN_POINT('',(0.100833782608798,0.00624221,0.0710717604115516));
#1550=CARTESIAN_POINT('',(0.139576892847433,0.00639561468403333,0.115545300759149));
#1551=CARTESIAN_POINT('',(0.137420275158997,0.00624373177654478,0.115534550599937));
#1552=CARTESIAN_POINT('',(0.137409524999785,0.00639561468403333,0.113377932911501));
#1553=CARTESIAN_POINT('',(0.139538538226412,0.00666656003656241,0.115564478069655));
#1554=CARTESIAN_POINT('',(0.137438627754824,0.00625169861110064,0.115516198004145));
#1555=CARTESIAN_POINT('',(0.137390347689279,0.00666656003656144,0.113416287532511));
#1556=CARTESIAN_POINT('',(0.139256221377655,0.00720106899979267,0.115705636494041));
#1557=CARTESIAN_POINT('',(0.137583849028399,0.00638959862930845,0.11537097673052));
#1558=CARTESIAN_POINT('',(0.137249189264893,0.00720106899979312,0.113698604381286));
#1559=CARTESIAN_POINT('',(0.138274754230071,0.00786962437973931,0.116196370067825));
#1560=CARTESIAN_POINT('',(0.137372702330582,0.0073254518555021,0.115582123428353));
#1561=CARTESIAN_POINT('',(0.136758455691108,0.00786962437973918,0.114680071528857));
#1562=CARTESIAN_POINT('',(0.136871686045307,0.00831193157092761,0.116897904160227));
#1563=CARTESIAN_POINT('',(0.136491565253532,0.00819269477989228,0.116463260505411));
#1564=CARTESIAN_POINT('',(0.136056921598712,0.00831193157092764,0.116083139713643));
#1565=CARTESIAN_POINT('',(0.135785403512458,0.00841500000000001,0.117441045426604));
#1566=CARTESIAN_POINT('',(0.135649591927796,0.00841499999999944,0.117305233831117));
#1567=CARTESIAN_POINT('',(0.135513780332319,0.00841500000000001,0.117169422246444));
#1568=CARTESIAN_POINT('',(0.135242157152138,0.00841500000000001,0.117712668606796));
#1569=CARTESIAN_POINT('',(0.135242157152138,0.00841500000000001,0.117712668606796));
#1570=CARTESIAN_POINT('',(0.135242157152138,0.00841500000000001,0.117712668606796));
#1571=CARTESIAN_POINT('',(0.137408065737466,0.006415,0.113380851436139));
#1572=CARTESIAN_POINT('',(0.137408065737466,0.006415,0.113439106752214));
#1573=CARTESIAN_POINT('',(0.137410382628368,0.006415,0.113496969334716));
#1574=CARTESIAN_POINT('',(0.137414947152137,0.006415,0.113554450923496));
#1575=CARTESIAN_POINT('',(0.140654139220715,0.006415,0.115539878606796));
#1576=CARTESIAN_POINT('',(0.143898753441644,0.00639561468403332,0.113377932911501));
#1577=CARTESIAN_POINT('',(0.143888003282432,0.00624373177654478,0.115534550599937));
#1578=CARTESIAN_POINT('',(0.141731385593996,0.00639561468403332,0.115545300759149));
#1579=CARTESIAN_POINT('',(0.14391793075215,0.00666656003656143,0.113416287532511));
#1580=CARTESIAN_POINT('',(0.143869650686599,0.0062516986111005,0.115516198004146));
#1581=CARTESIAN_POINT('',(0.141769740215017,0.0066665600365624,0.115564478069655));
#1582=CARTESIAN_POINT('',(0.144059089176535,0.00720106899979311,0.113698604381285));
#1583=CARTESIAN_POINT('',(0.143724429413035,0.00638959862930852,0.115370976730519));
#1584=CARTESIAN_POINT('',(0.142052057063775,0.00720106899979267,0.11570563649404));
#1585=CARTESIAN_POINT('',(0.144549822750323,0.00786962437973918,0.114680071528859));
#1586=CARTESIAN_POINT('',(0.143935576110841,0.00732545185550206,0.115582123428355));
#1587=CARTESIAN_POINT('',(0.143033524211354,0.0078696243797393,0.116196370067827));
#1588=CARTESIAN_POINT('',(0.145251356842712,0.00831193157092765,0.116083139713635));
#1589=CARTESIAN_POINT('',(0.144816713187915,0.00819269477989232,0.116463260505403));
#1590=CARTESIAN_POINT('',(0.144436592396138,0.00831193157092761,0.116897904160219));
#1591=CARTESIAN_POINT('',(0.14579449810912,0.00841500000000001,0.11716942224646));
#1592=CARTESIAN_POINT('',(0.145658686513596,0.00841499999999944,0.117305233831133));
#1593=CARTESIAN_POINT('',(0.145522874928939,0.00841500000000001,0.11744104542662));
#1594=CARTESIAN_POINT('',(0.146066121289291,0.00841500000000001,0.117712668606796));
#1595=CARTESIAN_POINT('',(0.146066121289291,0.00841500000000001,0.117712668606796));
#1596=CARTESIAN_POINT('',(0.146066121289291,0.00841500000000001,0.117712668606796));
#1597=CARTESIAN_POINT('',(0.141734304118634,0.006415,0.115546760021468));
#1598=CARTESIAN_POINT('',(0.14179255943471,0.006415,0.115546760021468));
#1599=CARTESIAN_POINT('',(0.141850422017212,0.006415,0.115544443130566));
#1600=CARTESIAN_POINT('',(0.141907903605992,0.006415,0.115539878606797));
#1601=CARTESIAN_POINT('',(0.143893331289291,0.006415,0.112318575382233));
#1602=CARTESIAN_POINT('',(0.141731385593996,0.00639561468403333,0.109091850005317));
#1603=CARTESIAN_POINT('',(0.143888003282432,0.00624373177654478,0.109102600164529));
#1604=CARTESIAN_POINT('',(0.143898753441644,0.00639561468403332,0.111259217852964));
#1605=CARTESIAN_POINT('',(0.141769740215017,0.00666656003656311,0.109072672694811));
#1606=CARTESIAN_POINT('',(0.143869650686645,0.00625169861109925,0.109120952760317));
#1607=CARTESIAN_POINT('',(0.14391793075215,0.00666656003656214,0.111220863231955));
#1608=CARTESIAN_POINT('',(0.142052057063775,0.00720106899979235,0.108931514270425));
#1609=CARTESIAN_POINT('',(0.143724429413015,0.0063895986293089,0.109266174033947));
#1610=CARTESIAN_POINT('',(0.144059089176535,0.0072010689997928,0.11093854638318));
#1611=CARTESIAN_POINT('',(0.143033524211354,0.00786962437973939,0.108440780696638));
#1612=CARTESIAN_POINT('',(0.143935576110846,0.00732545185550223,0.109055027336109));
#1613=CARTESIAN_POINT('',(0.144549822750323,0.00786962437973927,0.109957079235608));
#1614=CARTESIAN_POINT('',(0.144436592396137,0.00831193157092758,0.107739246604246));
#1615=CARTESIAN_POINT('',(0.144816713187914,0.00819269477989219,0.108173890259067));
#1616=CARTESIAN_POINT('',(0.145251356842712,0.00831193157092762,0.108554011050823));
#1617=CARTESIAN_POINT('',(0.145522874928939,0.00841500000000001,0.107196105337845));
#1618=CARTESIAN_POINT('',(0.145658686513596,0.00841499999999944,0.107331916933323));
#1619=CARTESIAN_POINT('',(0.14579449810912,0.00841500000000001,0.107467728518022));
#1620=CARTESIAN_POINT('',(0.146066121289291,0.00841500000000001,0.106924482157669));
#1621=CARTESIAN_POINT('',(0.146066121289291,0.00841500000000001,0.106924482157669));
#1622=CARTESIAN_POINT('',(0.146066121289291,0.00841500000000001,0.106924482157669));
#1623=CARTESIAN_POINT('',(0.140654139220715,0.006415,0.109097272157669));
#1624=CARTESIAN_POINT('',(0.143900212703963,0.006415,0.111256299328326));
#1625=CARTESIAN_POINT('',(0.143900212703963,0.006415,0.111198044012251));
#1626=CARTESIAN_POINT('',(0.143897895813061,0.006415,0.111140181429749));
#1627=CARTESIAN_POINT('',(0.143893331289292,0.006415,0.111082699840969));
#1628=CARTESIAN_POINT('',(0.137409524999785,0.00639561468403333,0.111259217852964));
#1629=CARTESIAN_POINT('',(0.137420275158997,0.00624373177654479,0.109102600164529));
#1630=CARTESIAN_POINT('',(0.139576892847433,0.00639561468403333,0.109091850005317));
#1631=CARTESIAN_POINT('',(0.13739034768928,0.00666656003656143,0.111220863231955));
#1632=CARTESIAN_POINT('',(0.137438627754803,0.0062516986110986,0.109120952760317));
#1633=CARTESIAN_POINT('',(0.139538538226412,0.0066665600365617,0.109072672694811));
#1634=CARTESIAN_POINT('',(0.137249189264894,0.00720106899979313,0.11093854638318));
#1635=CARTESIAN_POINT('',(0.137583849028409,0.00638959862930919,0.109266174033947));
#1636=CARTESIAN_POINT('',(0.139256221377654,0.007201068999793,0.108931514270425));
#1637=CARTESIAN_POINT('',(0.136758455691106,0.00786962437973918,0.109957079235608));
#1638=CARTESIAN_POINT('',(0.137372702330578,0.00732545185550217,0.109055027336109));
#1639=CARTESIAN_POINT('',(0.138274754230075,0.00786962437973921,0.108440780696638));
#1640=CARTESIAN_POINT('',(0.136056921598717,0.00831193157092764,0.108554011050823));
#1641=CARTESIAN_POINT('',(0.136491565253538,0.00819269477989221,0.108173890259067));
#1642=CARTESIAN_POINT('',(0.136871686045292,0.00831193157092763,0.107739246604246));
#1643=CARTESIAN_POINT('',(0.135513780332309,0.00841500000000001,0.107467728518022));
#1644=CARTESIAN_POINT('',(0.135649591927786,0.00841499999999944,0.107331916933323));
#1645=CARTESIAN_POINT('',(0.13578540351249,0.00841500000000001,0.107196105337845));
#1646=CARTESIAN_POINT('',(0.135242157152138,0.00841500000000001,0.106924482157669));
#1647=CARTESIAN_POINT('',(0.135242157152138,0.00841500000000001,0.106924482157669));
#1648=CARTESIAN_POINT('',(0.135242157152138,0.00841500000000001,0.106924482157669));
#1649=CARTESIAN_POINT('',(0.137414947152138,0.006415,0.112318575382233));
#1650=CARTESIAN_POINT('',(0.139573974322795,0.006415,0.109090390742998));
#1651=CARTESIAN_POINT('',(0.13951571900672,0.006415,0.109090390742998));
#1652=CARTESIAN_POINT('',(0.139457856424218,0.006415,0.109092707633899));
#1653=CARTESIAN_POINT('',(0.139400374835438,0.006415,0.109097272157668));
#1654=CARTESIAN_POINT('',(0.174565879620385,0.00639561468403331,0.0996164125257588));
#1655=CARTESIAN_POINT('',(0.174555129461173,0.00624373177654479,0.101773030214194));
#1656=CARTESIAN_POINT('',(0.172398511772738,0.00639561468403331,0.101783780373406));
#1657=CARTESIAN_POINT('',(0.174585056930891,0.00666656003656146,0.0996547671467684));
#1658=CARTESIAN_POINT('',(0.174536776865382,0.00625169861109787,0.101754677618419));
#1659=CARTESIAN_POINT('',(0.172436866393736,0.00666656003656319,0.101802957683912));
#1660=CARTESIAN_POINT('',(0.174726215355277,0.00720106899979309,0.0999370839955434));
#1661=CARTESIAN_POINT('',(0.174391555591757,0.00638959862930946,0.10160945634477));
#1662=CARTESIAN_POINT('',(0.172719183242528,0.0072010689997923,0.101944116108298));
#1663=CARTESIAN_POINT('',(0.175216948929064,0.00786962437973918,0.100918551143115));
#1664=CARTESIAN_POINT('',(0.174602702289591,0.00732545185550215,0.101820603042615));
#1665=CARTESIAN_POINT('',(0.173700650390093,0.00786962437973939,0.102434849682085));
#1666=CARTESIAN_POINT('',(0.175918483021454,0.00831193157092764,0.1023216193279));
#1667=CARTESIAN_POINT('',(0.175483839366643,0.00819269477989221,0.102701740119657));
#1668=CARTESIAN_POINT('',(0.17510371857488,0.00831193157092759,0.103136383774477));
#1669=CARTESIAN_POINT('',(0.176461624287862,0.00841500000000001,0.103407901860701));
#1670=CARTESIAN_POINT('',(0.176325812692364,0.00841499999999944,0.103543713445399));
#1671=CARTESIAN_POINT('',(0.17619000110768,0.00841500000000001,0.103679525040878));
#1672=CARTESIAN_POINT('',(0.176733247468033,0.00841500000000001,0.103951148221054));
#1673=CARTESIAN_POINT('',(0.176733247468033,0.00841500000000001,0.103951148221054));
#1674=CARTESIAN_POINT('',(0.176733247468033,0.00841500000000001,0.103951148221054));
#1675=CARTESIAN_POINT('',(0.172401430297376,0.006415,0.101785239635725));
#1676=CARTESIAN_POINT('',(0.172459685613451,0.006415,0.101785239635725));
#1677=CARTESIAN_POINT('',(0.172517548195953,0.00641500000000001,0.101782922744824));
#1678=CARTESIAN_POINT('',(0.172575029784733,0.00641500000000001,0.101778358221055));
#1679=CARTESIAN_POINT('',(0.174560457468033,0.006415,0.0894529074430466));
#1680=CARTESIAN_POINT('',(0.172398511772738,0.00639561468403332,0.0771220345126867));
#1681=CARTESIAN_POINT('',(0.174555129461173,0.00624373177654479,0.0771327846718988));
#1682=CARTESIAN_POINT('',(0.174565879620385,0.00639561468403332,0.0792894023603343));
#1683=CARTESIAN_POINT('',(0.172436866393736,0.00666656003656319,0.0771028572021807));
#1684=CARTESIAN_POINT('',(0.174536776865347,0.00625169861110051,0.0771511372676875));
#1685=CARTESIAN_POINT('',(0.174585056930891,0.00666656003656053,0.0792510477393248));
#1686=CARTESIAN_POINT('',(0.172719183242528,0.0072010689997923,0.076961698777795));
#1687=CARTESIAN_POINT('',(0.174391555591772,0.00638959862930847,0.0772963585413173));
#1688=CARTESIAN_POINT('',(0.174726215355277,0.00720106899979353,0.0789687308905503));
#1689=CARTESIAN_POINT('',(0.173700650390093,0.00786962437973939,0.0764709652040084));
#1690=CARTESIAN_POINT('',(0.174602702289587,0.00732545185550213,0.0770852118434781));
#1691=CARTESIAN_POINT('',(0.175216948929064,0.00786962437973906,0.077987263742976));
#1692=CARTESIAN_POINT('',(0.17510371857488,0.00831193157092759,0.0757694311116159));
#1693=CARTESIAN_POINT('',(0.175483839366644,0.00819269477989226,0.0762040747664392));
#1694=CARTESIAN_POINT('',(0.175918483021454,0.00831193157092768,0.0765841955582001));
#1695=CARTESIAN_POINT('',(0.17619000110768,0.008415,0.0752262898452154));
#1696=CARTESIAN_POINT('',(0.176325812692364,0.00841499999999944,0.0753621014406874));
#1697=CARTESIAN_POINT('',(0.176461624287862,0.00841500000000001,0.0754979130253758));
#1698=CARTESIAN_POINT('',(0.176733247468033,0.00841500000000001,0.0749546666650391));
#1699=CARTESIAN_POINT('',(0.176733247468033,0.00841500000000001,0.0749546666650391));
#1700=CARTESIAN_POINT('',(0.176733247468033,0.00841500000000001,0.0749546666650391));
#1701=CARTESIAN_POINT('',(0.152212671935559,0.006415,0.0771274566650391));
#1702=CARTESIAN_POINT('',(0.174567338882705,0.006415,0.0792864838356962));
#1703=CARTESIAN_POINT('',(0.174567338882705,0.006415,0.079228228519621));
#1704=CARTESIAN_POINT('',(0.174565021991803,0.00641500000000001,0.0791703659371191));
#1705=CARTESIAN_POINT('',(0.174560457468034,0.00641500000000001,0.0791128843483389));
#1706=CARTESIAN_POINT('',(0.129859464250731,0.00639561468403334,0.0792894023603343));
#1707=CARTESIAN_POINT('',(0.129870214409943,0.00624373177654478,0.0771327846718988));
#1708=CARTESIAN_POINT('',(0.132026832098379,0.00639561468403333,0.0771220345126867));
#1709=CARTESIAN_POINT('',(0.129840286940225,0.00666656003656144,0.0792510477393248));
#1710=CARTESIAN_POINT('',(0.129888567005769,0.00625169861110083,0.0771511372676892));
#1711=CARTESIAN_POINT('',(0.131988477477358,0.00666656003656241,0.0771028572021807));
#1712=CARTESIAN_POINT('',(0.12969912851584,0.00720106899979313,0.0789687308905503));
#1713=CARTESIAN_POINT('',(0.130033788279345,0.00638959862930844,0.0772963585413167));
#1714=CARTESIAN_POINT('',(0.1317061606286,0.00720106899979268,0.0769616987777956));
#1715=CARTESIAN_POINT('',(0.129208394942052,0.00786962437973918,0.077987263742976));
#1716=CARTESIAN_POINT('',(0.129822641581529,0.00732545185550201,0.0770852118434783));
#1717=CARTESIAN_POINT('',(0.130724693481021,0.0078696243797393,0.0764709652040064));
#1718=CARTESIAN_POINT('',(0.128506860849663,0.00831193157092763,0.0765841955582001));
#1719=CARTESIAN_POINT('',(0.128941504504474,0.00819269477989232,0.0762040747664391));
#1720=CARTESIAN_POINT('',(0.129321625296238,0.00831193157092761,0.0757694311116233));
#1721=CARTESIAN_POINT('',(0.127963719583255,0.00841500000000001,0.0754979130253758));
#1722=CARTESIAN_POINT('',(0.128099531178752,0.00841499999999944,0.0753621014406874));
#1723=CARTESIAN_POINT('',(0.128235342763437,0.00841500000000001,0.0752262898451995));
#1724=CARTESIAN_POINT('',(0.127692096403084,0.00841500000000001,0.0749546666650391));
#1725=CARTESIAN_POINT('',(0.127692096403084,0.00841500000000001,0.0749546666650391));
#1726=CARTESIAN_POINT('',(0.127692096403084,0.00841500000000001,0.0749546666650391));
#1727=CARTESIAN_POINT('',(0.129864886403084,0.006415,0.0894529074430466));
#1728=CARTESIAN_POINT('',(0.132023913573741,0.006415,0.0771205752503676));
#1729=CARTESIAN_POINT('',(0.131965658257666,0.006415,0.0771205752503676));
#1730=CARTESIAN_POINT('',(0.131907795675164,0.006415,0.0771228921412691));
#1731=CARTESIAN_POINT('',(0.131850314086384,0.006415,0.0771274566650382));
#1732=CARTESIAN_POINT('',(0.132026832098379,0.00639561468403332,0.101783780373406));
#1733=CARTESIAN_POINT('',(0.129870214409944,0.00624373177654478,0.101773030214194));
#1734=CARTESIAN_POINT('',(0.129859464250731,0.00639561468403332,0.0996164125257588));
#1735=CARTESIAN_POINT('',(0.131988477477358,0.0066665600365624,0.101802957683912));
#1736=CARTESIAN_POINT('',(0.12988856700575,0.00625169861109985,0.1017546776184));
#1737=CARTESIAN_POINT('',(0.129840286940225,0.00666656003656214,0.0996547671467683));
#1738=CARTESIAN_POINT('',(0.1317061606286,0.00720106899979266,0.101944116108298));
#1739=CARTESIAN_POINT('',(0.130033788279353,0.0063895986293087,0.101609456344778));
#1740=CARTESIAN_POINT('',(0.12969912851584,0.00720106899979279,0.0999370839955427));
#1741=CARTESIAN_POINT('',(0.130724693481021,0.0078696243797393,0.102434849682085));
#1742=CARTESIAN_POINT('',(0.129822641581527,0.00732545185550218,0.101820603042616));
#1743=CARTESIAN_POINT('',(0.129208394942052,0.00786962437973927,0.100918551143117));
#1744=CARTESIAN_POINT('',(0.129321625296238,0.00831193157092762,0.103136383774477));
#1745=CARTESIAN_POINT('',(0.128941504504474,0.00819269477989224,0.10270174011965));
#1746=CARTESIAN_POINT('',(0.128506860849663,0.00831193157092763,0.102321619327893));
#1747=CARTESIAN_POINT('',(0.128235342763436,0.00841500000000001,0.103679525040878));
#1748=CARTESIAN_POINT('',(0.128099531178752,0.00841499999999944,0.103543713445415));
#1749=CARTESIAN_POINT('',(0.127963719583255,0.00841500000000001,0.103407901860717));
#1750=CARTESIAN_POINT('',(0.127692096403084,0.00841500000000001,0.103951148221054));
#1751=CARTESIAN_POINT('',(0.127692096403084,0.00841500000000001,0.103951148221054));
#1752=CARTESIAN_POINT('',(0.127692096403084,0.00841500000000001,0.103951148221054));
#1753=CARTESIAN_POINT('',(0.129858004988412,0.006415,0.0996193310503969));
#1754=CARTESIAN_POINT('',(0.129858004988412,0.006415,0.0996775863664721));
#1755=CARTESIAN_POINT('',(0.129860321879314,0.006415,0.099735448948974));
#1756=CARTESIAN_POINT('',(0.129864886403083,0.006415,0.0997929305377542));
#1757=CARTESIAN_POINT('',(0.131850314086372,0.006415,0.101778358221054));
#1758=CARTESIAN_POINT('',(0.13190792789251,0.006415,0.101782933243999));
#1759=CARTESIAN_POINT('',(0.131965792994061,0.006415,0.101785239635725));
#1760=CARTESIAN_POINT('',(0.132023913573741,0.006415,0.101785239635725));
#1761=CARTESIAN_POINT('',(0.0990024117588997,0.006015,0.0981566235423088));
#1762=CARTESIAN_POINT('',(0.0990024117588997,0.006015,0.0710717604115516));
#1763=CARTESIAN_POINT('',(0.0990024117588997,0.006015,0.0710717604115516));
#1764=CARTESIAN_POINT('',(0.0990024117588997,0.006015,0.0981566235423088));
#1765=CARTESIAN_POINT('',(0.0990024117588997,0.006015,0.125241486673066));
#1766=CARTESIAN_POINT('',(0.0990024117588997,0.006015,0.125241486673066));
#1767=CARTESIAN_POINT('',(0.100833782608798,0.006015,0.125241486673066));
#1768=CARTESIAN_POINT('',(0.100833782608798,0.006015,0.125241486673066));
#1769=CARTESIAN_POINT('',(0.100833782608798,0.006015,0.127072857522964));
#1770=CARTESIAN_POINT('',(0.100833782608798,0.006015,0.127072857522964));
#1771=CARTESIAN_POINT('',(0.141723942011595,0.006015,0.127072857522964));
#1772=CARTESIAN_POINT('',(0.141723942011595,0.006015,0.127072857522964));
#1773=CARTESIAN_POINT('',(0.182614101414391,0.006015,0.127072857522964));
#1774=CARTESIAN_POINT('',(0.182614101414391,0.006015,0.127072857522964));
#1775=CARTESIAN_POINT('',(0.182614101414391,0.006015,0.125241486673066));
#1776=CARTESIAN_POINT('',(0.182614101414391,0.006015,0.125241486673066));
#1777=CARTESIAN_POINT('',(0.18444547226429,0.006015,0.125241486673066));
#1778=CARTESIAN_POINT('',(0.18444547226429,0.006015,0.125241486673066));
#1779=CARTESIAN_POINT('',(0.18444547226429,0.006015,0.0981566235423088));
#1780=CARTESIAN_POINT('',(0.18444547226429,0.006015,0.0981566235423088));
#1781=CARTESIAN_POINT('',(0.18444547226429,0.006015,0.0710717604115516));
#1782=CARTESIAN_POINT('',(0.18444547226429,0.006015,0.0710717604115516));
#1783=CARTESIAN_POINT('',(0.182614101414391,0.006015,0.0710717604115516));
#1784=CARTESIAN_POINT('',(0.182614101414391,0.006015,0.0710717604115516));
#1785=CARTESIAN_POINT('',(0.182614101414391,0.006015,0.0692403895616532));
#1786=CARTESIAN_POINT('',(0.182614101414391,0.006015,0.0692403895616532));
#1787=CARTESIAN_POINT('',(0.141723942011595,0.006015,0.0692403895616532));
#1788=CARTESIAN_POINT('',(0.141723942011595,0.006015,0.0692403895616532));
#1789=CARTESIAN_POINT('',(0.100833782608798,0.006015,0.0692403895616531));
#1790=CARTESIAN_POINT('',(0.100833782608798,0.006015,0.0692403895616531));
#1791=CARTESIAN_POINT('',(0.129864886403084,0.006015,0.0894529074430466));
#1792=CARTESIAN_POINT('',(0.129864886403084,0.006015,0.101778358221054));
#1793=CARTESIAN_POINT('',(0.129864886403084,0.006015,0.101778358221054));
#1794=CARTESIAN_POINT('',(0.129864886403084,0.006015,0.0894529074430466));
#1795=CARTESIAN_POINT('',(0.129864886403084,0.006015,0.0771274566650391));
#1796=CARTESIAN_POINT('',(0.129864886403084,0.006015,0.0771274566650391));
#1797=CARTESIAN_POINT('',(0.152212671935559,0.006015,0.0771274566650391));
#1798=CARTESIAN_POINT('',(0.152212671935559,0.006015,0.0771274566650391));
#1799=CARTESIAN_POINT('',(0.174560457468033,0.006015,0.0771274566650391));
#1800=CARTESIAN_POINT('',(0.174560457468033,0.006015,0.0771274566650391));
#1801=CARTESIAN_POINT('',(0.174560457468033,0.006015,0.0894529074430466));
#1802=CARTESIAN_POINT('',(0.174560457468033,0.006015,0.0894529074430466));
#1803=CARTESIAN_POINT('',(0.174560457468033,0.006015,0.101778358221054));
#1804=CARTESIAN_POINT('',(0.174560457468033,0.006015,0.101778358221054));
#1805=CARTESIAN_POINT('',(0.137414947152138,0.006015,0.112318575382233));
#1806=CARTESIAN_POINT('',(0.137414947152138,0.006015,0.115539878606796));
#1807=CARTESIAN_POINT('',(0.137414947152138,0.006015,0.115539878606796));
#1808=CARTESIAN_POINT('',(0.137414947152138,0.006015,0.112318575382233));
#1809=CARTESIAN_POINT('',(0.137414947152138,0.006015,0.109097272157669));
#1810=CARTESIAN_POINT('',(0.137414947152138,0.006015,0.109097272157669));
#1811=CARTESIAN_POINT('',(0.140654139220715,0.006015,0.109097272157669));
#1812=CARTESIAN_POINT('',(0.140654139220715,0.006015,0.109097272157669));
#1813=CARTESIAN_POINT('',(0.143893331289291,0.006015,0.109097272157669));
#1814=CARTESIAN_POINT('',(0.143893331289291,0.006015,0.109097272157669));
#1815=CARTESIAN_POINT('',(0.143893331289291,0.006015,0.112318575382233));
#1816=CARTESIAN_POINT('',(0.143893331289291,0.006015,0.112318575382233));
#1817=CARTESIAN_POINT('',(0.143893331289291,0.006015,0.115539878606796));
#1818=CARTESIAN_POINT('',(0.143893331289291,0.006015,0.115539878606796));
#1819=CARTESIAN_POINT('',(0.152212671935559,0.006015,0.101778358221054));
#1820=CARTESIAN_POINT('',(0.152212671935559,0.006015,0.101778358221054));
#1821=CARTESIAN_POINT('',(0.140654139220715,0.006015,0.115539878606796));
#1822=CARTESIAN_POINT('',(0.140654139220715,0.006015,0.115539878606796));
#1823=CARTESIAN_POINT('',(0.160739660263061,0.006015,0.111955679953098));
#1824=CARTESIAN_POINT('',(0.160739660263061,0.006015,0.111955679953098));
#1825=CARTESIAN_POINT('',(0.160739660263061,0.006015,0.117765062044739));
#1826=CARTESIAN_POINT('',(0.100833782608798,0.006015,0.0710717604115516));
#1827=CARTESIAN_POINT('',(0.100833782608798,0.006015,0.0710717604115516));
#1828=CARTESIAN_POINT('',(0.141723942011595,0.006015,0.0981758226510825));
#1829=MECHANICAL_DESIGN_GEOMETRIC_PRESENTATION_REPRESENTATION('',(#969),
#1830);
#1830=(
GEOMETRIC_REPRESENTATION_CONTEXT(3)
GLOBAL_UNCERTAINTY_ASSIGNED_CONTEXT((#1831))
GLOBAL_UNIT_ASSIGNED_CONTEXT((#1834,#1833,#1832))
REPRESENTATION_CONTEXT('Part 111','TOP_LEVEL_ASSEMBLY_PART')
);
#1831=UNCERTAINTY_MEASURE_WITH_UNIT(LENGTH_MEASURE(2.6924864812662E-5),
#1834,'DISTANCE_ACCURACY_VALUE','Maximum Tolerance applied to model');
#1832=(
NAMED_UNIT(*)
SI_UNIT($,.STERADIAN.)
SOLID_ANGLE_UNIT()
);
#1833=(
NAMED_UNIT(*)
PLANE_ANGLE_UNIT()
SI_UNIT($,.RADIAN.)
);
#1834=(
LENGTH_UNIT()
NAMED_UNIT(*)
SI_UNIT($,.METRE.)
);
#1835=PRODUCT_DEFINITION_SHAPE('','',#1836);
#1836=PRODUCT_DEFINITION('','',#1838,#1837);
#1837=PRODUCT_DEFINITION_CONTEXT('',#1844,'design');
#1838=PRODUCT_DEFINITION_FORMATION_WITH_SPECIFIED_SOURCE('','',#1840,
 .NOT_KNOWN.);
#1839=PRODUCT_RELATED_PRODUCT_CATEGORY('','',(#1840));
#1840=PRODUCT('Part 111','Part 111','Part 111',(#1842));
#1841=PRODUCT_CATEGORY('','');
#1842=PRODUCT_CONTEXT('',#1844,'mechanical');
#1843=APPLICATION_PROTOCOL_DEFINITION('international standard',
'ap242_managed_model_based_3d_engineering',2020,#1844);
#1844=APPLICATION_CONTEXT('managed model based 3d engineering');
ENDSEC;
END-ISO-10303-21;
