ISO-10303-21;
HEADER;
/* Generated by software containing ST-Developer
 * from STEP Tools, Inc. (www.steptools.com) 
 */
/* OPTION: using custom renumber hook */

FILE_DESCRIPTION(
/* description */ ('STEP AP242 Edition 2',
'CAx-IF Rec.Pracs.---Representation and Presentation of Product Manufa
cturing Information (PMI)---4.0---2014-10-13',
'CAx-IF Rec.Pracs.---3D Tessellated Geometry---0.4---2014-09-14','2;1',
'CAx-IF Rec.Pracs.---User Defined Attributes---1.5---2016-08-15'),
/* implementation_level */ '2;1');

FILE_NAME(
/* name */ 'Part Studio 2',
/* time_stamp */ '2026-09-26T15:07:42Z',
/* author */ (''),
/* organization */ (''),
/* preprocessor_version */ 'ST-DEVELOPER v20',
/* originating_system */ 'ONSHAPE BY PTC INC, 1.221',
/* authorisation */ '  ');

FILE_SCHEMA (('AP242_MANAGED_MODEL_BASED_3D_ENGINEERING_MIM_LF { 1 0 10303 442 3 1 4 }'));
ENDSEC;

DATA;
#10=(
BOUNDED_SURFACE()
B_SPLINE_SURFACE(3,2,((#4744,#4745,#4746),(#4747,#4748,#4749),(#4750,#4751,
#4752),(#4753,#4754,#4755),(#4756,#4757,#4758),(#4759,#4760,#4761),(#4762,
#4763,#4764)),.UNSPECIFIED.,.F.,.F.,.F.)
B_SPLINE_SURFACE_WITH_KNOTS((4,1,1,1,4),(3,3),(6.35384672296918,6.72888045072051,
7.10391417847183,7.47894790622316,7.85398163397448),(0.,1.),
 .UNSPECIFIED.)
GEOMETRIC_REPRESENTATION_ITEM()
RATIONAL_B_SPLINE_SURFACE(((1.,0.708866958983379,1.),(1.,0.715076938028816,
1.),(1.,0.762209975219931,1.),(1.,0.879716822885895,1.),(1.,0.975863255228013,
1.),(1.,0.999999999999829,1.),(1.,1.,1.)))
REPRESENTATION_ITEM('')
SURFACE()
);
#11=(
BOUNDED_SURFACE()
B_SPLINE_SURFACE(3,2,((#4770,#4771,#4772),(#4773,#4774,#4775),(#4776,#4777,
#4778),(#4779,#4780,#4781),(#4782,#4783,#4784),(#4785,#4786,#4787),(#4788,
#4789,#4790)),.UNSPECIFIED.,.F.,.F.,.F.)
B_SPLINE_SURFACE_WITH_KNOTS((4,1,1,1,4),(3,3),(6.35384672296918,6.7288804507205,
7.10391417847183,7.47894790622316,7.85398163397448),(0.,1.),
 .UNSPECIFIED.)
GEOMETRIC_REPRESENTATION_ITEM()
RATIONAL_B_SPLINE_SURFACE(((1.,0.708866958983378,1.),(1.,0.715076938028906,
1.),(1.,0.762209975219889,1.),(1.,0.879716822885905,1.),(1.,0.975863255228014,
1.),(1.,0.999999999999829,1.),(1.,1.,1.)))
REPRESENTATION_ITEM('')
SURFACE()
);
#12=(
BOUNDED_SURFACE()
B_SPLINE_SURFACE(3,2,((#4796,#4797,#4798),(#4799,#4800,#4801),(#4802,#4803,
#4804),(#4805,#4806,#4807),(#4808,#4809,#4810),(#4811,#4812,#4813),(#4814,
#4815,#4816)),.UNSPECIFIED.,.F.,.F.,.F.)
B_SPLINE_SURFACE_WITH_KNOTS((4,1,1,1,4),(3,3),(3.21225406937939,3.58728779713071,
3.96232152488204,4.33735525263336,4.71238898038469),(0.,1.),
 .UNSPECIFIED.)
GEOMETRIC_REPRESENTATION_ITEM()
RATIONAL_B_SPLINE_SURFACE(((1.,0.708866958983378,1.),(1.,0.715076938026971,
1.),(1.,0.762209975220788,1.),(1.,0.879716822885664,1.),(1.,0.975863255228079,
1.),(1.,0.999999999999829,1.),(1.,1.,1.)))
REPRESENTATION_ITEM('')
SURFACE()
);
#13=(
BOUNDED_SURFACE()
B_SPLINE_SURFACE(3,2,((#4822,#4823,#4824),(#4825,#4826,#4827),(#4828,#4829,
#4830),(#4831,#4832,#4833),(#4834,#4835,#4836),(#4837,#4838,#4839),(#4840,
#4841,#4842)),.UNSPECIFIED.,.F.,.F.,.F.)
B_SPLINE_SURFACE_WITH_KNOTS((4,1,1,1,4),(3,3),(3.21225406937939,3.58728779713071,
3.96232152488204,4.33735525263336,4.71238898038469),(0.,1.),
 .UNSPECIFIED.)
GEOMETRIC_REPRESENTATION_ITEM()
RATIONAL_B_SPLINE_SURFACE(((1.,0.708866958983378,1.),(1.,0.715076938026971,
1.),(1.,0.762209975220788,1.),(1.,0.879716822885664,1.),(1.,0.975863255228079,
1.),(1.,0.999999999999829,1.),(1.,1.,1.)))
REPRESENTATION_ITEM('')
SURFACE()
);
#14=(
BOUNDED_SURFACE()
B_SPLINE_SURFACE(3,2,((#4848,#4849,#4850),(#4851,#4852,#4853),(#4854,#4855,
#4856),(#4857,#4858,#4859),(#4860,#4861,#4862),(#4863,#4864,#4865),(#4866,
#4867,#4868)),.UNSPECIFIED.,.F.,.F.,.F.)
B_SPLINE_SURFACE_WITH_KNOTS((4,1,1,1,4),(3,3),(6.35384672296917,6.7288804507205,
7.10391417847183,7.47894790622315,7.85398163397448),(0.,1.),
 .UNSPECIFIED.)
GEOMETRIC_REPRESENTATION_ITEM()
RATIONAL_B_SPLINE_SURFACE(((1.,0.70886695898338,1.),(1.,0.71507693802649,
1.),(1.,0.762209975221011,1.),(1.,0.8797168228856,1.),(1.,0.9758632552281,
1.),(1.,0.999999999999829,1.),(1.,1.,1.)))
REPRESENTATION_ITEM('')
SURFACE()
);
#15=(
BOUNDED_SURFACE()
B_SPLINE_SURFACE(3,2,((#4874,#4875,#4876),(#4877,#4878,#4879),(#4880,#4881,
#4882),(#4883,#4884,#4885),(#4886,#4887,#4888),(#4889,#4890,#4891),(#4892,
#4893,#4894)),.UNSPECIFIED.,.F.,.F.,.F.)
B_SPLINE_SURFACE_WITH_KNOTS((4,1,1,1,4),(3,3),(3.21225406937938,3.58728779713071,
3.96232152488204,4.33735525263336,4.71238898038469),(0.,1.),
 .UNSPECIFIED.)
GEOMETRIC_REPRESENTATION_ITEM()
RATIONAL_B_SPLINE_SURFACE(((1.,0.708866958983378,1.),(1.,0.715076938028301,
1.),(1.,0.76220997522017,1.),(1.,0.879716822885826,1.),(1.,0.975863255228034,
1.),(1.,0.999999999999829,1.),(1.,1.,1.)))
REPRESENTATION_ITEM('')
SURFACE()
);
#16=(
BOUNDED_SURFACE()
B_SPLINE_SURFACE(3,2,((#4900,#4901,#4902),(#4903,#4904,#4905),(#4906,#4907,
#4908),(#4909,#4910,#4911),(#4912,#4913,#4914),(#4915,#4916,#4917),(#4918,
#4919,#4920)),.UNSPECIFIED.,.F.,.F.,.F.)
B_SPLINE_SURFACE_WITH_KNOTS((4,1,1,1,4),(3,3),(3.21225406937939,3.58728779713072,
3.96232152488204,4.33735525263337,4.71238898038469),(0.,1.),
 .UNSPECIFIED.)
GEOMETRIC_REPRESENTATION_ITEM()
RATIONAL_B_SPLINE_SURFACE(((1.,0.708866958983379,1.),(1.,0.715076938029511,
1.),(1.,0.762209975219611,1.),(1.,0.879716822885981,1.),(1.,0.975863255227989,
1.),(1.,0.99999999999983,1.),(1.,1.,1.)))
REPRESENTATION_ITEM('')
SURFACE()
);
#17=(
BOUNDED_SURFACE()
B_SPLINE_SURFACE(3,2,((#4926,#4927,#4928),(#4929,#4930,#4931),(#4932,#4933,
#4934),(#4935,#4936,#4937),(#4938,#4939,#4940),(#4941,#4942,#4943),(#4944,
#4945,#4946)),.UNSPECIFIED.,.F.,.F.,.F.)
B_SPLINE_SURFACE_WITH_KNOTS((4,1,1,1,4),(3,3),(6.35384672296918,6.7288804507205,
7.10391417847183,7.47894790622316,7.85398163397448),(0.,1.),
 .UNSPECIFIED.)
GEOMETRIC_REPRESENTATION_ITEM()
RATIONAL_B_SPLINE_SURFACE(((1.,0.708866958983381,1.),(1.,0.715076938027699,
1.),(1.,0.76220997522045,1.),(1.,0.879716822885754,1.),(1.,0.975863255228056,
1.),(1.,0.999999999999829,1.),(1.,1.,1.)))
REPRESENTATION_ITEM('')
SURFACE()
);
#18=TOROIDAL_SURFACE('',#3124,0.00798217209164109,0.00217279);
#19=TOROIDAL_SURFACE('',#3196,0.00282721000000007,0.00217279);
#20=TOROIDAL_SURFACE('',#3203,0.00282721000000008,0.00217279);
#21=TOROIDAL_SURFACE('',#3205,0.0028272100000001,0.00217279);
#22=TOROIDAL_SURFACE('',#3211,0.00282721000000004,0.00217279);
#23=ELLIPSE('',#3113,0.00485850614083177,0.00217279);
#24=ELLIPSE('',#3114,0.00485850614083177,0.00217279);
#25=ELLIPSE('',#3116,0.00485850614083176,0.00217279);
#26=ELLIPSE('',#3117,0.00485850614083176,0.00217279);
#27=ELLIPSE('',#3119,0.00485850614083176,0.00217279);
#28=ELLIPSE('',#3120,0.00485850614083176,0.00217279);
#29=ELLIPSE('',#3122,0.00485850614083177,0.00217279);
#30=ELLIPSE('',#3123,0.00485850614083177,0.00217279);
#31=ELLIPSE('',#3127,0.00485850614083177,0.00217279);
#32=ELLIPSE('',#3128,0.00485850614083177,0.00217279);
#33=ELLIPSE('',#3130,0.00485850614083176,0.00217279);
#34=ELLIPSE('',#3131,0.00485850614083176,0.00217279);
#35=ELLIPSE('',#3133,0.00485850614083176,0.00217279);
#36=ELLIPSE('',#3134,0.00485850614083176,0.00217279);
#37=ELLIPSE('',#3136,0.00485850614083177,0.00217279);
#38=ELLIPSE('',#3137,0.00485850614083177,0.00217279);
#39=SHAPE_REPRESENTATION_RELATIONSHIP('','',#2905,#42);
#40=SHAPE_REPRESENTATION_RELATIONSHIP('','',#2906,#43);
#41=SHAPE_REPRESENTATION_RELATIONSHIP('','',#2907,#44);
#42=ADVANCED_BREP_SHAPE_REPRESENTATION('',(#2899),#5089);
#43=ADVANCED_BREP_SHAPE_REPRESENTATION('',(#2900),#5090);
#44=ADVANCED_BREP_SHAPE_REPRESENTATION('',(#2901),#5091);
#45=DEGENERATE_TOROIDAL_SURFACE('',#2982,0.000758580849898446,0.00217279,
 .T.);
#46=DEGENERATE_TOROIDAL_SURFACE('',#2984,0.000758580849898446,0.00217279,
 .T.);
#47=DEGENERATE_TOROIDAL_SURFACE('',#2990,0.000758580849898439,0.00217279,
 .T.);
#48=DEGENERATE_TOROIDAL_SURFACE('',#2992,0.000758580849898522,0.00217279,
 .T.);
#49=DEGENERATE_TOROIDAL_SURFACE('',#3138,0.000758580849898446,0.00217279,
 .T.);
#50=DEGENERATE_TOROIDAL_SURFACE('',#3145,0.000758580849898439,0.00217279,
 .T.);
#51=DEGENERATE_TOROIDAL_SURFACE('',#3147,0.000758580849898446,0.00217279,
 .T.);
#52=DEGENERATE_TOROIDAL_SURFACE('',#3153,0.000758580849898522,0.00217279,
 .T.);
#53=B_SPLINE_CURVE_WITH_KNOTS('',3,(#4271,#4272,#4273,#4274,#4275),
 .UNSPECIFIED.,.F.,.F.,(4,1,4),(0.,0.00227017669159767,0.00454035338319533),
 .UNSPECIFIED.);
#54=B_SPLINE_CURVE_WITH_KNOTS('',3,(#4522,#4523,#4524,#4525,#4526),
 .UNSPECIFIED.,.F.,.F.,(4,1,4),(0.000172307994315014,0.00169344913380998,
0.00321459027330495),.UNSPECIFIED.);
#55=B_SPLINE_CURVE_WITH_KNOTS('',3,(#4533,#4534,#4535,#4536,#4537),
 .UNSPECIFIED.,.F.,.F.,(4,1,4),(0.000172307994314806,0.00169344913381021,
0.00321459027330561),.UNSPECIFIED.);
#56=B_SPLINE_CURVE_WITH_KNOTS('',3,(#4544,#4545,#4546,#4547,#4548),
 .UNSPECIFIED.,.F.,.F.,(4,1,4),(0.000172307994315014,0.00169344913380998,
0.00321459027330495),.UNSPECIFIED.);
#57=B_SPLINE_CURVE_WITH_KNOTS('',3,(#4560,#4561,#4562,#4563,#4564),
 .UNSPECIFIED.,.F.,.F.,(4,1,4),(0.000172307994314806,0.00169344913381021,
0.00321459027330561),.UNSPECIFIED.);
#58=B_SPLINE_CURVE_WITH_KNOTS('',3,(#4566,#4567,#4568,#4569,#4570),
 .UNSPECIFIED.,.F.,.F.,(4,1,4),(0.000172307994315014,0.00169344913380998,
0.00321459027330494),.UNSPECIFIED.);
#59=B_SPLINE_CURVE_WITH_KNOTS('',3,(#4577,#4578,#4579,#4580,#4581),
 .UNSPECIFIED.,.F.,.F.,(4,1,4),(0.000172307994314806,0.0016934491338102,
0.0032145902733056),.UNSPECIFIED.);
#60=B_SPLINE_CURVE_WITH_KNOTS('',3,(#4588,#4589,#4590,#4591,#4592),
 .UNSPECIFIED.,.F.,.F.,(4,1,4),(0.000172307994315014,0.00169344913380998,
0.00321459027330494),.UNSPECIFIED.);
#61=B_SPLINE_CURVE_WITH_KNOTS('',3,(#4604,#4605,#4606,#4607,#4608),
 .UNSPECIFIED.,.F.,.F.,(4,1,4),(0.000172307994314806,0.00169344913381021,
0.00321459027330561),.UNSPECIFIED.);
#62=B_SPLINE_CURVE_WITH_KNOTS('',3,(#4765,#4766,#4767,#4768),
 .UNSPECIFIED.,.F.,.F.,(4,4),(0.,0.000172307994314791),.UNSPECIFIED.);
#63=B_SPLINE_CURVE_WITH_KNOTS('',3,(#4791,#4792,#4793,#4794),
 .UNSPECIFIED.,.F.,.F.,(4,4),(0.,0.000172307994314986),.UNSPECIFIED.);
#64=B_SPLINE_CURVE_WITH_KNOTS('',3,(#4818,#4819,#4820,#4821),
 .UNSPECIFIED.,.F.,.F.,(4,4),(0.,0.000172307994314791),.UNSPECIFIED.);
#65=B_SPLINE_CURVE_WITH_KNOTS('',3,(#4844,#4845,#4846,#4847),
 .UNSPECIFIED.,.F.,.F.,(4,4),(0.,0.000172307994314986),.UNSPECIFIED.);
#66=B_SPLINE_CURVE_WITH_KNOTS('',3,(#4869,#4870,#4871,#4872),
 .UNSPECIFIED.,.F.,.F.,(4,4),(0.,0.000172307994314986),.UNSPECIFIED.);
#67=B_SPLINE_CURVE_WITH_KNOTS('',3,(#4896,#4897,#4898,#4899),
 .UNSPECIFIED.,.F.,.F.,(4,4),(0.,0.000172307994314791),.UNSPECIFIED.);
#68=B_SPLINE_CURVE_WITH_KNOTS('',3,(#4922,#4923,#4924,#4925),
 .UNSPECIFIED.,.F.,.F.,(4,4),(0.,0.000172307994314986),.UNSPECIFIED.);
#69=B_SPLINE_CURVE_WITH_KNOTS('',3,(#4947,#4948,#4949,#4950),
 .UNSPECIFIED.,.F.,.F.,(4,4),(0.,0.000172307994314791),.UNSPECIFIED.);
#70=B_SPLINE_CURVE_WITH_KNOTS('',3,(#4951,#4952,#4953,#4954),
 .UNSPECIFIED.,.F.,.F.,(4,4),(0.00321459027330564,0.00338649594659976),
 .UNSPECIFIED.);
#71=CYLINDRICAL_SURFACE('',#2921,0.00293137084989852);
#72=CYLINDRICAL_SURFACE('',#2924,0.00293137084989845);
#73=CYLINDRICAL_SURFACE('',#2932,0.00293137084989845);
#74=CYLINDRICAL_SURFACE('',#2937,0.00293137084989844);
#75=CYLINDRICAL_SURFACE('',#2945,0.00193137084989842);
#76=CYLINDRICAL_SURFACE('',#2951,0.00193137084989844);
#77=CYLINDRICAL_SURFACE('',#2956,0.00193137084989848);
#78=CYLINDRICAL_SURFACE('',#2959,0.00193137084989845);
#79=CYLINDRICAL_SURFACE('',#2965,0.000965685424949248);
#80=CYLINDRICAL_SURFACE('',#2967,0.000965685424949242);
#81=CYLINDRICAL_SURFACE('',#2969,0.000965685424949225);
#82=CYLINDRICAL_SURFACE('',#2971,0.000965685424949225);
#83=CYLINDRICAL_SURFACE('',#2972,0.00310410954112329);
#84=CYLINDRICAL_SURFACE('',#2976,0.00210330556973048);
#85=CYLINDRICAL_SURFACE('',#2978,0.00208318261980413);
#86=CYLINDRICAL_SURFACE('',#2979,0.00217279);
#87=CYLINDRICAL_SURFACE('',#2986,0.00217279);
#88=CYLINDRICAL_SURFACE('',#2988,0.00217279);
#89=CYLINDRICAL_SURFACE('',#2994,0.00217279);
#90=CYLINDRICAL_SURFACE('',#3047,0.00015);
#91=CYLINDRICAL_SURFACE('',#3049,0.00015);
#92=CYLINDRICAL_SURFACE('',#3050,0.00015);
#93=CYLINDRICAL_SURFACE('',#3051,0.00015);
#94=CYLINDRICAL_SURFACE('',#3052,0.00015);
#95=CYLINDRICAL_SURFACE('',#3053,0.00015);
#96=CYLINDRICAL_SURFACE('',#3054,0.00015);
#97=CYLINDRICAL_SURFACE('',#3055,0.00015);
#98=CYLINDRICAL_SURFACE('',#3056,0.00015);
#99=CYLINDRICAL_SURFACE('',#3057,0.00015);
#100=CYLINDRICAL_SURFACE('',#3058,0.00015);
#101=CYLINDRICAL_SURFACE('',#3059,0.00015);
#102=CYLINDRICAL_SURFACE('',#3060,0.00015);
#103=CYLINDRICAL_SURFACE('',#3061,0.00015);
#104=CYLINDRICAL_SURFACE('',#3062,0.00015);
#105=CYLINDRICAL_SURFACE('',#3063,0.00015);
#106=CYLINDRICAL_SURFACE('',#3064,0.00015);
#107=CYLINDRICAL_SURFACE('',#3065,0.00015);
#108=CYLINDRICAL_SURFACE('',#3082,0.00015);
#109=CYLINDRICAL_SURFACE('',#3083,0.00015);
#110=CYLINDRICAL_SURFACE('',#3084,0.00015);
#111=CYLINDRICAL_SURFACE('',#3085,0.00015);
#112=CYLINDRICAL_SURFACE('',#3087,0.00015);
#113=CYLINDRICAL_SURFACE('',#3112,0.00217279);
#114=CYLINDRICAL_SURFACE('',#3115,0.00217279);
#115=CYLINDRICAL_SURFACE('',#3118,0.00217279);
#116=CYLINDRICAL_SURFACE('',#3121,0.00217279);
#117=CYLINDRICAL_SURFACE('',#3126,0.00217279);
#118=CYLINDRICAL_SURFACE('',#3129,0.00217279);
#119=CYLINDRICAL_SURFACE('',#3132,0.00217279);
#120=CYLINDRICAL_SURFACE('',#3135,0.00217279);
#121=CYLINDRICAL_SURFACE('',#3141,0.00217279);
#122=CYLINDRICAL_SURFACE('',#3143,0.00217279);
#123=CYLINDRICAL_SURFACE('',#3149,0.00217279);
#124=CYLINDRICAL_SURFACE('',#3151,0.00217279);
#125=CYLINDRICAL_SURFACE('',#3155,0.00183137084989846);
#126=CYLINDRICAL_SURFACE('',#3158,0.00183137084989849);
#127=CYLINDRICAL_SURFACE('',#3161,0.00183137084989843);
#128=CYLINDRICAL_SURFACE('',#3172,0.00580938209164109);
#129=CYLINDRICAL_SURFACE('',#3174,0.00183137084989845);
#130=CYLINDRICAL_SURFACE('',#3178,0.00205619388427905);
#131=CYLINDRICAL_SURFACE('',#3181,0.0025455793733444);
#132=CYLINDRICAL_SURFACE('',#3199,0.00217279);
#133=CYLINDRICAL_SURFACE('',#3201,0.00217279);
#134=CYLINDRICAL_SURFACE('',#3207,0.00217279);
#135=CYLINDRICAL_SURFACE('',#3209,0.00217279);
#136=CIRCLE('',#2910,0.00208318261980413);
#137=CIRCLE('',#2911,0.00210330556973048);
#138=CIRCLE('',#2913,0.00210330556973048);
#139=CIRCLE('',#2914,0.00208318261980413);
#140=CIRCLE('',#2916,0.000965685424949225);
#141=CIRCLE('',#2917,0.000965685424949248);
#142=CIRCLE('',#2918,0.000965685424949242);
#143=CIRCLE('',#2919,0.000965685424949225);
#144=CIRCLE('',#2922,0.00293137084989852);
#145=CIRCLE('',#2923,0.00293137084989852);
#146=CIRCLE('',#2925,0.00293137084989845);
#147=CIRCLE('',#2926,0.00293137084989845);
#148=CIRCLE('',#2928,0.000965685424949248);
#149=CIRCLE('',#2929,0.000965685424949225);
#150=CIRCLE('',#2930,0.000965685424949225);
#151=CIRCLE('',#2931,0.000965685424949242);
#152=CIRCLE('',#2933,0.00293137084989845);
#153=CIRCLE('',#2934,0.00293137084989845);
#154=CIRCLE('',#2936,0.00310410954112329);
#155=CIRCLE('',#2938,0.00293137084989844);
#156=CIRCLE('',#2939,0.00293137084989844);
#157=CIRCLE('',#2941,0.000758580849898439);
#158=CIRCLE('',#2942,0.000758580849898522);
#159=CIRCLE('',#2943,0.000758580849898446);
#160=CIRCLE('',#2944,0.000758580849898446);
#161=CIRCLE('',#2946,0.00193137084989842);
#162=CIRCLE('',#2947,0.00193137084989842);
#163=CIRCLE('',#2948,0.00193137084989842);
#164=CIRCLE('',#2949,0.00193137084989842);
#165=CIRCLE('',#2952,0.00193137084989844);
#166=CIRCLE('',#2953,0.00193137084989844);
#167=CIRCLE('',#2955,0.00310410954112329);
#168=CIRCLE('',#2957,0.00193137084989848);
#169=CIRCLE('',#2958,0.00193137084989848);
#170=CIRCLE('',#2960,0.00193137084989845);
#171=CIRCLE('',#2961,0.00193137084989845);
#172=CIRCLE('',#2973,0.00310410954112329);
#173=CIRCLE('',#2980,0.00217279);
#174=CIRCLE('',#2981,0.00217279);
#175=CIRCLE('',#2983,0.00217279);
#176=CIRCLE('',#2985,0.00217279);
#177=CIRCLE('',#2987,0.00217279);
#178=CIRCLE('',#2989,0.00217279);
#179=CIRCLE('',#2991,0.00217279);
#180=CIRCLE('',#2993,0.00217279);
#181=CIRCLE('',#3008,0.00015);
#182=CIRCLE('',#3009,0.00015);
#183=CIRCLE('',#3010,0.00015);
#184=CIRCLE('',#3011,0.00015);
#185=CIRCLE('',#3012,0.00015);
#186=CIRCLE('',#3013,0.00015);
#187=CIRCLE('',#3014,0.00015);
#188=CIRCLE('',#3015,0.00015);
#189=CIRCLE('',#3016,0.00015);
#190=CIRCLE('',#3017,0.00015);
#191=CIRCLE('',#3018,0.00015);
#192=CIRCLE('',#3019,0.00015);
#193=CIRCLE('',#3020,0.00015);
#194=CIRCLE('',#3021,0.00015);
#195=CIRCLE('',#3022,0.00015);
#196=CIRCLE('',#3023,0.00015);
#197=CIRCLE('',#3024,0.00015);
#198=CIRCLE('',#3025,0.00015);
#199=CIRCLE('',#3027,0.00015);
#200=CIRCLE('',#3028,0.00015);
#201=CIRCLE('',#3029,0.00015);
#202=CIRCLE('',#3030,0.00015);
#203=CIRCLE('',#3031,0.00015);
#204=CIRCLE('',#3032,0.00015);
#205=CIRCLE('',#3033,0.00015);
#206=CIRCLE('',#3034,0.00015);
#207=CIRCLE('',#3035,0.00015);
#208=CIRCLE('',#3036,0.00015);
#209=CIRCLE('',#3037,0.00015);
#210=CIRCLE('',#3038,0.00015);
#211=CIRCLE('',#3039,0.00015);
#212=CIRCLE('',#3040,0.00015);
#213=CIRCLE('',#3041,0.00015);
#214=CIRCLE('',#3042,0.00015);
#215=CIRCLE('',#3043,0.00015);
#216=CIRCLE('',#3044,0.00015);
#217=CIRCLE('',#3069,0.00015);
#218=CIRCLE('',#3070,0.00015);
#219=CIRCLE('',#3071,0.00015);
#220=CIRCLE('',#3072,0.00015);
#221=CIRCLE('',#3073,0.00015);
#222=CIRCLE('',#3075,0.00015);
#223=CIRCLE('',#3076,0.00015);
#224=CIRCLE('',#3077,0.00015);
#225=CIRCLE('',#3078,0.00015);
#226=CIRCLE('',#3079,0.00015);
#227=CIRCLE('',#3098,0.00798217209164109);
#228=CIRCLE('',#3099,0.000758580849898522);
#229=CIRCLE('',#3100,0.000758580849898439);
#230=CIRCLE('',#3101,0.000758580849898446);
#231=CIRCLE('',#3102,0.000758580849898446);
#232=CIRCLE('',#3104,0.00183137084989845);
#233=CIRCLE('',#3105,0.00183137084989846);
#234=CIRCLE('',#3106,0.00183137084989849);
#235=CIRCLE('',#3107,0.00183137084989843);
#236=CIRCLE('',#3108,0.00292448943522709);
#237=CIRCLE('',#3109,0.00292448943522709);
#238=CIRCLE('',#3110,0.00292448943522711);
#239=CIRCLE('',#3111,0.00292448943522708);
#240=CIRCLE('',#3125,0.00581626350631252);
#241=CIRCLE('',#3139,0.00217279);
#242=CIRCLE('',#3140,0.00217279);
#243=CIRCLE('',#3142,0.00217279);
#244=CIRCLE('',#3144,0.00217279);
#245=CIRCLE('',#3146,0.00217279);
#246=CIRCLE('',#3148,0.00217279);
#247=CIRCLE('',#3150,0.00217279);
#248=CIRCLE('',#3152,0.00217279);
#249=CIRCLE('',#3156,0.00183137084989846);
#250=CIRCLE('',#3159,0.00183137084989849);
#251=CIRCLE('',#3162,0.00183137084989843);
#252=CIRCLE('',#3173,0.00580938209164109);
#253=CIRCLE('',#3175,0.00183137084989845);
#254=CIRCLE('',#3179,0.00205619388427905);
#255=CIRCLE('',#3180,0.00205619388427905);
#256=CIRCLE('',#3182,0.0025455793733444);
#257=CIRCLE('',#3183,0.0025455793733444);
#258=CIRCLE('',#3186,0.00494568355423668);
#259=CIRCLE('',#3187,0.00494568355423664);
#260=CIRCLE('',#3188,0.00494568355423664);
#261=CIRCLE('',#3189,0.00494568355423668);
#262=CIRCLE('',#3191,0.00282721000000004);
#263=CIRCLE('',#3192,0.0028272100000001);
#264=CIRCLE('',#3193,0.00282721000000007);
#265=CIRCLE('',#3194,0.00282721000000008);
#266=CIRCLE('',#3197,0.00217279);
#267=CIRCLE('',#3198,0.00217279);
#268=CIRCLE('',#3200,0.00217279);
#269=CIRCLE('',#3202,0.00217279);
#270=CIRCLE('',#3204,0.00217279);
#271=CIRCLE('',#3206,0.00217279);
#272=CIRCLE('',#3208,0.00217279);
#273=CIRCLE('',#3210,0.00217279);
#274=ORIENTED_EDGE('',*,*,#1058,.F.);
#275=ORIENTED_EDGE('',*,*,#1059,.T.);
#276=ORIENTED_EDGE('',*,*,#1060,.T.);
#277=ORIENTED_EDGE('',*,*,#1061,.T.);
#278=ORIENTED_EDGE('',*,*,#1062,.T.);
#279=ORIENTED_EDGE('',*,*,#1063,.F.);
#280=ORIENTED_EDGE('',*,*,#1064,.F.);
#281=ORIENTED_EDGE('',*,*,#1065,.F.);
#282=ORIENTED_EDGE('',*,*,#1066,.F.);
#283=ORIENTED_EDGE('',*,*,#1067,.T.);
#284=ORIENTED_EDGE('',*,*,#1068,.F.);
#285=ORIENTED_EDGE('',*,*,#1069,.F.);
#286=ORIENTED_EDGE('',*,*,#1070,.F.);
#287=ORIENTED_EDGE('',*,*,#1071,.T.);
#288=ORIENTED_EDGE('',*,*,#1072,.F.);
#289=ORIENTED_EDGE('',*,*,#1073,.F.);
#290=ORIENTED_EDGE('',*,*,#1074,.T.);
#291=ORIENTED_EDGE('',*,*,#1075,.F.);
#292=ORIENTED_EDGE('',*,*,#1076,.F.);
#293=ORIENTED_EDGE('',*,*,#1077,.T.);
#294=ORIENTED_EDGE('',*,*,#1078,.F.);
#295=ORIENTED_EDGE('',*,*,#1079,.T.);
#296=ORIENTED_EDGE('',*,*,#1080,.T.);
#297=ORIENTED_EDGE('',*,*,#1081,.T.);
#298=ORIENTED_EDGE('',*,*,#1082,.F.);
#299=ORIENTED_EDGE('',*,*,#1083,.F.);
#300=ORIENTED_EDGE('',*,*,#1084,.T.);
#301=ORIENTED_EDGE('',*,*,#1085,.T.);
#302=ORIENTED_EDGE('',*,*,#1086,.F.);
#303=ORIENTED_EDGE('',*,*,#1087,.T.);
#304=ORIENTED_EDGE('',*,*,#1088,.F.);
#305=ORIENTED_EDGE('',*,*,#1089,.T.);
#306=ORIENTED_EDGE('',*,*,#1090,.F.);
#307=ORIENTED_EDGE('',*,*,#1091,.F.);
#308=ORIENTED_EDGE('',*,*,#1092,.F.);
#309=ORIENTED_EDGE('',*,*,#1093,.F.);
#310=ORIENTED_EDGE('',*,*,#1094,.F.);
#311=ORIENTED_EDGE('',*,*,#1095,.T.);
#312=ORIENTED_EDGE('',*,*,#1096,.T.);
#313=ORIENTED_EDGE('',*,*,#1097,.T.);
#314=ORIENTED_EDGE('',*,*,#1060,.F.);
#315=ORIENTED_EDGE('',*,*,#1098,.T.);
#316=ORIENTED_EDGE('',*,*,#1094,.T.);
#317=ORIENTED_EDGE('',*,*,#1099,.T.);
#318=ORIENTED_EDGE('',*,*,#1100,.F.);
#319=ORIENTED_EDGE('',*,*,#1101,.T.);
#320=ORIENTED_EDGE('',*,*,#1058,.T.);
#321=ORIENTED_EDGE('',*,*,#1102,.T.);
#322=ORIENTED_EDGE('',*,*,#1103,.F.);
#323=ORIENTED_EDGE('',*,*,#1104,.T.);
#324=ORIENTED_EDGE('',*,*,#1105,.F.);
#325=ORIENTED_EDGE('',*,*,#1106,.F.);
#326=ORIENTED_EDGE('',*,*,#1107,.F.);
#327=ORIENTED_EDGE('',*,*,#1108,.F.);
#328=ORIENTED_EDGE('',*,*,#1109,.F.);
#329=ORIENTED_EDGE('',*,*,#1110,.T.);
#330=ORIENTED_EDGE('',*,*,#1111,.F.);
#331=ORIENTED_EDGE('',*,*,#1112,.T.);
#332=ORIENTED_EDGE('',*,*,#1100,.T.);
#333=ORIENTED_EDGE('',*,*,#1113,.F.);
#334=ORIENTED_EDGE('',*,*,#1114,.F.);
#335=ORIENTED_EDGE('',*,*,#1115,.T.);
#336=ORIENTED_EDGE('',*,*,#1111,.T.);
#337=ORIENTED_EDGE('',*,*,#1116,.T.);
#338=ORIENTED_EDGE('',*,*,#1117,.F.);
#339=ORIENTED_EDGE('',*,*,#1118,.T.);
#340=ORIENTED_EDGE('',*,*,#1119,.F.);
#341=ORIENTED_EDGE('',*,*,#1120,.T.);
#342=ORIENTED_EDGE('',*,*,#1114,.T.);
#343=ORIENTED_EDGE('',*,*,#1121,.F.);
#344=ORIENTED_EDGE('',*,*,#1096,.F.);
#345=ORIENTED_EDGE('',*,*,#1122,.T.);
#346=ORIENTED_EDGE('',*,*,#1117,.T.);
#347=ORIENTED_EDGE('',*,*,#1123,.T.);
#348=ORIENTED_EDGE('',*,*,#1124,.T.);
#349=ORIENTED_EDGE('',*,*,#1125,.T.);
#350=ORIENTED_EDGE('',*,*,#1126,.T.);
#351=ORIENTED_EDGE('',*,*,#1127,.T.);
#352=ORIENTED_EDGE('',*,*,#1128,.T.);
#353=ORIENTED_EDGE('',*,*,#1129,.T.);
#354=ORIENTED_EDGE('',*,*,#1130,.T.);
#355=ORIENTED_EDGE('',*,*,#1131,.T.);
#356=ORIENTED_EDGE('',*,*,#1132,.F.);
#357=ORIENTED_EDGE('',*,*,#1133,.T.);
#358=ORIENTED_EDGE('',*,*,#1134,.T.);
#359=ORIENTED_EDGE('',*,*,#1135,.T.);
#360=ORIENTED_EDGE('',*,*,#1077,.F.);
#361=ORIENTED_EDGE('',*,*,#1136,.F.);
#362=ORIENTED_EDGE('',*,*,#1137,.T.);
#363=ORIENTED_EDGE('',*,*,#1138,.F.);
#364=ORIENTED_EDGE('',*,*,#1134,.F.);
#365=ORIENTED_EDGE('',*,*,#1139,.T.);
#366=ORIENTED_EDGE('',*,*,#1140,.F.);
#367=ORIENTED_EDGE('',*,*,#1141,.F.);
#368=ORIENTED_EDGE('',*,*,#1137,.F.);
#369=ORIENTED_EDGE('',*,*,#1142,.F.);
#370=ORIENTED_EDGE('',*,*,#1143,.T.);
#371=ORIENTED_EDGE('',*,*,#1144,.T.);
#372=ORIENTED_EDGE('',*,*,#1145,.T.);
#373=ORIENTED_EDGE('',*,*,#1143,.F.);
#374=ORIENTED_EDGE('',*,*,#1146,.F.);
#375=ORIENTED_EDGE('',*,*,#1147,.T.);
#376=ORIENTED_EDGE('',*,*,#1148,.F.);
#377=ORIENTED_EDGE('',*,*,#1149,.F.);
#378=ORIENTED_EDGE('',*,*,#1150,.T.);
#379=ORIENTED_EDGE('',*,*,#1151,.F.);
#380=ORIENTED_EDGE('',*,*,#1152,.F.);
#381=ORIENTED_EDGE('',*,*,#1153,.F.);
#382=ORIENTED_EDGE('',*,*,#1147,.F.);
#383=ORIENTED_EDGE('',*,*,#1154,.T.);
#384=ORIENTED_EDGE('',*,*,#1155,.T.);
#385=ORIENTED_EDGE('',*,*,#1156,.F.);
#386=ORIENTED_EDGE('',*,*,#1157,.T.);
#387=ORIENTED_EDGE('',*,*,#1155,.F.);
#388=ORIENTED_EDGE('',*,*,#1158,.F.);
#389=ORIENTED_EDGE('',*,*,#1083,.T.);
#390=ORIENTED_EDGE('',*,*,#1159,.T.);
#391=ORIENTED_EDGE('',*,*,#1085,.F.);
#392=ORIENTED_EDGE('',*,*,#1160,.F.);
#393=ORIENTED_EDGE('',*,*,#1075,.T.);
#394=ORIENTED_EDGE('',*,*,#1136,.T.);
#395=ORIENTED_EDGE('',*,*,#1076,.T.);
#396=ORIENTED_EDGE('',*,*,#1160,.T.);
#397=ORIENTED_EDGE('',*,*,#1084,.F.);
#398=ORIENTED_EDGE('',*,*,#1158,.T.);
#399=ORIENTED_EDGE('',*,*,#1154,.F.);
#400=ORIENTED_EDGE('',*,*,#1146,.T.);
#401=ORIENTED_EDGE('',*,*,#1142,.T.);
#402=ORIENTED_EDGE('',*,*,#1097,.F.);
#403=ORIENTED_EDGE('',*,*,#1123,.F.);
#404=ORIENTED_EDGE('',*,*,#1121,.T.);
#405=ORIENTED_EDGE('',*,*,#1116,.F.);
#406=ORIENTED_EDGE('',*,*,#1113,.T.);
#407=ORIENTED_EDGE('',*,*,#1102,.F.);
#408=ORIENTED_EDGE('',*,*,#1061,.F.);
#409=ORIENTED_EDGE('',*,*,#1099,.F.);
#410=ORIENTED_EDGE('',*,*,#1161,.F.);
#411=ORIENTED_EDGE('',*,*,#1162,.T.);
#412=ORIENTED_EDGE('',*,*,#1156,.T.);
#413=ORIENTED_EDGE('',*,*,#1157,.F.);
#414=ORIENTED_EDGE('',*,*,#1082,.T.);
#415=ORIENTED_EDGE('',*,*,#1159,.F.);
#416=ORIENTED_EDGE('',*,*,#1074,.F.);
#417=ORIENTED_EDGE('',*,*,#1135,.F.);
#418=ORIENTED_EDGE('',*,*,#1144,.F.);
#419=ORIENTED_EDGE('',*,*,#1145,.F.);
#420=ORIENTED_EDGE('',*,*,#1153,.T.);
#421=ORIENTED_EDGE('',*,*,#1163,.T.);
#422=ORIENTED_EDGE('',*,*,#1164,.T.);
#423=ORIENTED_EDGE('',*,*,#1104,.F.);
#424=ORIENTED_EDGE('',*,*,#1165,.F.);
#425=ORIENTED_EDGE('',*,*,#1087,.F.);
#426=ORIENTED_EDGE('',*,*,#1088,.T.);
#427=ORIENTED_EDGE('',*,*,#1165,.T.);
#428=ORIENTED_EDGE('',*,*,#1103,.T.);
#429=ORIENTED_EDGE('',*,*,#1166,.F.);
#430=ORIENTED_EDGE('',*,*,#1166,.T.);
#431=ORIENTED_EDGE('',*,*,#1110,.F.);
#432=ORIENTED_EDGE('',*,*,#1167,.F.);
#433=ORIENTED_EDGE('',*,*,#1089,.F.);
#434=ORIENTED_EDGE('',*,*,#1090,.T.);
#435=ORIENTED_EDGE('',*,*,#1167,.T.);
#436=ORIENTED_EDGE('',*,*,#1109,.T.);
#437=ORIENTED_EDGE('',*,*,#1168,.F.);
#438=ORIENTED_EDGE('',*,*,#1091,.T.);
#439=ORIENTED_EDGE('',*,*,#1168,.T.);
#440=ORIENTED_EDGE('',*,*,#1108,.T.);
#441=ORIENTED_EDGE('',*,*,#1169,.F.);
#442=ORIENTED_EDGE('',*,*,#1092,.T.);
#443=ORIENTED_EDGE('',*,*,#1169,.T.);
#444=ORIENTED_EDGE('',*,*,#1107,.T.);
#445=ORIENTED_EDGE('',*,*,#1170,.F.);
#446=ORIENTED_EDGE('',*,*,#1093,.T.);
#447=ORIENTED_EDGE('',*,*,#1170,.T.);
#448=ORIENTED_EDGE('',*,*,#1106,.T.);
#449=ORIENTED_EDGE('',*,*,#1171,.F.);
#450=ORIENTED_EDGE('',*,*,#1086,.T.);
#451=ORIENTED_EDGE('',*,*,#1171,.T.);
#452=ORIENTED_EDGE('',*,*,#1105,.T.);
#453=ORIENTED_EDGE('',*,*,#1164,.F.);
#454=ORIENTED_EDGE('',*,*,#1119,.T.);
#455=ORIENTED_EDGE('',*,*,#1172,.T.);
#456=ORIENTED_EDGE('',*,*,#1173,.F.);
#457=ORIENTED_EDGE('',*,*,#1163,.F.);
#458=ORIENTED_EDGE('',*,*,#1152,.T.);
#459=ORIENTED_EDGE('',*,*,#1162,.F.);
#460=ORIENTED_EDGE('',*,*,#1161,.T.);
#461=ORIENTED_EDGE('',*,*,#1173,.T.);
#462=ORIENTED_EDGE('',*,*,#1078,.T.);
#463=ORIENTED_EDGE('',*,*,#1174,.T.);
#464=ORIENTED_EDGE('',*,*,#1062,.F.);
#465=ORIENTED_EDGE('',*,*,#1175,.F.);
#466=ORIENTED_EDGE('',*,*,#1175,.T.);
#467=ORIENTED_EDGE('',*,*,#1065,.T.);
#468=ORIENTED_EDGE('',*,*,#1176,.F.);
#469=ORIENTED_EDGE('',*,*,#1079,.F.);
#470=ORIENTED_EDGE('',*,*,#1176,.T.);
#471=ORIENTED_EDGE('',*,*,#1064,.T.);
#472=ORIENTED_EDGE('',*,*,#1177,.F.);
#473=ORIENTED_EDGE('',*,*,#1080,.F.);
#474=ORIENTED_EDGE('',*,*,#1177,.T.);
#475=ORIENTED_EDGE('',*,*,#1063,.T.);
#476=ORIENTED_EDGE('',*,*,#1174,.F.);
#477=ORIENTED_EDGE('',*,*,#1081,.F.);
#478=ORIENTED_EDGE('',*,*,#1178,.F.);
#479=ORIENTED_EDGE('',*,*,#1112,.F.);
#480=ORIENTED_EDGE('',*,*,#1179,.F.);
#481=ORIENTED_EDGE('',*,*,#1129,.F.);
#482=ORIENTED_EDGE('',*,*,#1179,.T.);
#483=ORIENTED_EDGE('',*,*,#1115,.F.);
#484=ORIENTED_EDGE('',*,*,#1180,.F.);
#485=ORIENTED_EDGE('',*,*,#1130,.F.);
#486=ORIENTED_EDGE('',*,*,#1178,.T.);
#487=ORIENTED_EDGE('',*,*,#1128,.F.);
#488=ORIENTED_EDGE('',*,*,#1181,.F.);
#489=ORIENTED_EDGE('',*,*,#1101,.F.);
#490=ORIENTED_EDGE('',*,*,#1172,.F.);
#491=ORIENTED_EDGE('',*,*,#1118,.F.);
#492=ORIENTED_EDGE('',*,*,#1182,.F.);
#493=ORIENTED_EDGE('',*,*,#1131,.F.);
#494=ORIENTED_EDGE('',*,*,#1180,.T.);
#495=ORIENTED_EDGE('',*,*,#1120,.F.);
#496=ORIENTED_EDGE('',*,*,#1181,.T.);
#497=ORIENTED_EDGE('',*,*,#1127,.F.);
#498=ORIENTED_EDGE('',*,*,#1183,.F.);
#499=ORIENTED_EDGE('',*,*,#1059,.F.);
#500=ORIENTED_EDGE('',*,*,#1182,.T.);
#501=ORIENTED_EDGE('',*,*,#1122,.F.);
#502=ORIENTED_EDGE('',*,*,#1184,.F.);
#503=ORIENTED_EDGE('',*,*,#1124,.F.);
#504=ORIENTED_EDGE('',*,*,#1183,.T.);
#505=ORIENTED_EDGE('',*,*,#1126,.F.);
#506=ORIENTED_EDGE('',*,*,#1185,.F.);
#507=ORIENTED_EDGE('',*,*,#1098,.F.);
#508=ORIENTED_EDGE('',*,*,#1184,.T.);
#509=ORIENTED_EDGE('',*,*,#1095,.F.);
#510=ORIENTED_EDGE('',*,*,#1185,.T.);
#511=ORIENTED_EDGE('',*,*,#1125,.F.);
#512=ORIENTED_EDGE('',*,*,#1186,.T.);
#513=ORIENTED_EDGE('',*,*,#1187,.F.);
#514=ORIENTED_EDGE('',*,*,#1188,.F.);
#515=ORIENTED_EDGE('',*,*,#1189,.T.);
#516=ORIENTED_EDGE('',*,*,#1190,.T.);
#517=ORIENTED_EDGE('',*,*,#1191,.F.);
#518=ORIENTED_EDGE('',*,*,#1192,.F.);
#519=ORIENTED_EDGE('',*,*,#1187,.T.);
#520=ORIENTED_EDGE('',*,*,#1193,.F.);
#521=ORIENTED_EDGE('',*,*,#1194,.F.);
#522=ORIENTED_EDGE('',*,*,#1195,.T.);
#523=ORIENTED_EDGE('',*,*,#1191,.T.);
#524=ORIENTED_EDGE('',*,*,#1196,.F.);
#525=ORIENTED_EDGE('',*,*,#1197,.F.);
#526=ORIENTED_EDGE('',*,*,#1198,.T.);
#527=ORIENTED_EDGE('',*,*,#1194,.T.);
#528=ORIENTED_EDGE('',*,*,#1199,.F.);
#529=ORIENTED_EDGE('',*,*,#1149,.T.);
#530=ORIENTED_EDGE('',*,*,#1200,.T.);
#531=ORIENTED_EDGE('',*,*,#1197,.T.);
#532=ORIENTED_EDGE('',*,*,#1201,.T.);
#533=ORIENTED_EDGE('',*,*,#1151,.T.);
#534=ORIENTED_EDGE('',*,*,#1202,.F.);
#535=ORIENTED_EDGE('',*,*,#1203,.F.);
#536=ORIENTED_EDGE('',*,*,#1204,.T.);
#537=ORIENTED_EDGE('',*,*,#1189,.F.);
#538=ORIENTED_EDGE('',*,*,#1205,.F.);
#539=ORIENTED_EDGE('',*,*,#1203,.T.);
#540=ORIENTED_EDGE('',*,*,#1200,.F.);
#541=ORIENTED_EDGE('',*,*,#1148,.T.);
#542=ORIENTED_EDGE('',*,*,#1201,.F.);
#543=ORIENTED_EDGE('',*,*,#1205,.T.);
#544=ORIENTED_EDGE('',*,*,#1188,.T.);
#545=ORIENTED_EDGE('',*,*,#1192,.T.);
#546=ORIENTED_EDGE('',*,*,#1195,.F.);
#547=ORIENTED_EDGE('',*,*,#1198,.F.);
#548=ORIENTED_EDGE('',*,*,#1150,.F.);
#549=ORIENTED_EDGE('',*,*,#1199,.T.);
#550=ORIENTED_EDGE('',*,*,#1196,.T.);
#551=ORIENTED_EDGE('',*,*,#1193,.T.);
#552=ORIENTED_EDGE('',*,*,#1190,.F.);
#553=ORIENTED_EDGE('',*,*,#1186,.F.);
#554=ORIENTED_EDGE('',*,*,#1204,.F.);
#555=ORIENTED_EDGE('',*,*,#1202,.T.);
#556=ORIENTED_EDGE('',*,*,#1206,.F.);
#557=ORIENTED_EDGE('',*,*,#1066,.T.);
#558=ORIENTED_EDGE('',*,*,#1207,.T.);
#559=ORIENTED_EDGE('',*,*,#1208,.F.);
#560=ORIENTED_EDGE('',*,*,#1209,.T.);
#561=ORIENTED_EDGE('',*,*,#1068,.T.);
#562=ORIENTED_EDGE('',*,*,#1210,.F.);
#563=ORIENTED_EDGE('',*,*,#1132,.T.);
#564=ORIENTED_EDGE('',*,*,#1211,.T.);
#565=ORIENTED_EDGE('',*,*,#1140,.T.);
#566=ORIENTED_EDGE('',*,*,#1212,.F.);
#567=ORIENTED_EDGE('',*,*,#1213,.T.);
#568=ORIENTED_EDGE('',*,*,#1214,.F.);
#569=ORIENTED_EDGE('',*,*,#1215,.F.);
#570=ORIENTED_EDGE('',*,*,#1216,.F.);
#571=ORIENTED_EDGE('',*,*,#1217,.F.);
#572=ORIENTED_EDGE('',*,*,#1218,.F.);
#573=ORIENTED_EDGE('',*,*,#1219,.F.);
#574=ORIENTED_EDGE('',*,*,#1220,.F.);
#575=ORIENTED_EDGE('',*,*,#1221,.F.);
#576=ORIENTED_EDGE('',*,*,#1222,.F.);
#577=ORIENTED_EDGE('',*,*,#1223,.F.);
#578=ORIENTED_EDGE('',*,*,#1224,.F.);
#579=ORIENTED_EDGE('',*,*,#1225,.F.);
#580=ORIENTED_EDGE('',*,*,#1226,.F.);
#581=ORIENTED_EDGE('',*,*,#1227,.F.);
#582=ORIENTED_EDGE('',*,*,#1228,.F.);
#583=ORIENTED_EDGE('',*,*,#1229,.F.);
#584=ORIENTED_EDGE('',*,*,#1230,.F.);
#585=ORIENTED_EDGE('',*,*,#1067,.F.);
#586=ORIENTED_EDGE('',*,*,#1206,.T.);
#587=ORIENTED_EDGE('',*,*,#1231,.T.);
#588=ORIENTED_EDGE('',*,*,#1232,.T.);
#589=ORIENTED_EDGE('',*,*,#1233,.F.);
#590=ORIENTED_EDGE('',*,*,#1234,.T.);
#591=ORIENTED_EDGE('',*,*,#1212,.T.);
#592=ORIENTED_EDGE('',*,*,#1139,.F.);
#593=ORIENTED_EDGE('',*,*,#1133,.F.);
#594=ORIENTED_EDGE('',*,*,#1210,.T.);
#595=ORIENTED_EDGE('',*,*,#1235,.T.);
#596=ORIENTED_EDGE('',*,*,#1236,.T.);
#597=ORIENTED_EDGE('',*,*,#1237,.T.);
#598=ORIENTED_EDGE('',*,*,#1238,.T.);
#599=ORIENTED_EDGE('',*,*,#1239,.T.);
#600=ORIENTED_EDGE('',*,*,#1240,.T.);
#601=ORIENTED_EDGE('',*,*,#1241,.T.);
#602=ORIENTED_EDGE('',*,*,#1242,.T.);
#603=ORIENTED_EDGE('',*,*,#1243,.T.);
#604=ORIENTED_EDGE('',*,*,#1244,.T.);
#605=ORIENTED_EDGE('',*,*,#1245,.T.);
#606=ORIENTED_EDGE('',*,*,#1246,.T.);
#607=ORIENTED_EDGE('',*,*,#1247,.T.);
#608=ORIENTED_EDGE('',*,*,#1248,.T.);
#609=ORIENTED_EDGE('',*,*,#1249,.T.);
#610=ORIENTED_EDGE('',*,*,#1250,.T.);
#611=ORIENTED_EDGE('',*,*,#1251,.T.);
#612=ORIENTED_EDGE('',*,*,#1207,.F.);
#613=ORIENTED_EDGE('',*,*,#1069,.T.);
#614=ORIENTED_EDGE('',*,*,#1209,.F.);
#615=ORIENTED_EDGE('',*,*,#1138,.T.);
#616=ORIENTED_EDGE('',*,*,#1141,.T.);
#617=ORIENTED_EDGE('',*,*,#1211,.F.);
#618=ORIENTED_EDGE('',*,*,#1252,.F.);
#619=ORIENTED_EDGE('',*,*,#1253,.T.);
#620=ORIENTED_EDGE('',*,*,#1254,.F.);
#621=ORIENTED_EDGE('',*,*,#1255,.F.);
#622=ORIENTED_EDGE('',*,*,#1255,.T.);
#623=ORIENTED_EDGE('',*,*,#1256,.F.);
#624=ORIENTED_EDGE('',*,*,#1231,.F.);
#625=ORIENTED_EDGE('',*,*,#1208,.T.);
#626=ORIENTED_EDGE('',*,*,#1254,.T.);
#627=ORIENTED_EDGE('',*,*,#1257,.F.);
#628=ORIENTED_EDGE('',*,*,#1232,.F.);
#629=ORIENTED_EDGE('',*,*,#1256,.T.);
#630=ORIENTED_EDGE('',*,*,#1253,.F.);
#631=ORIENTED_EDGE('',*,*,#1258,.F.);
#632=ORIENTED_EDGE('',*,*,#1233,.T.);
#633=ORIENTED_EDGE('',*,*,#1257,.T.);
#634=ORIENTED_EDGE('',*,*,#1252,.T.);
#635=ORIENTED_EDGE('',*,*,#1213,.F.);
#636=ORIENTED_EDGE('',*,*,#1234,.F.);
#637=ORIENTED_EDGE('',*,*,#1258,.T.);
#638=ORIENTED_EDGE('',*,*,#1229,.T.);
#639=ORIENTED_EDGE('',*,*,#1250,.F.);
#640=ORIENTED_EDGE('',*,*,#1228,.T.);
#641=ORIENTED_EDGE('',*,*,#1249,.F.);
#642=ORIENTED_EDGE('',*,*,#1227,.T.);
#643=ORIENTED_EDGE('',*,*,#1248,.F.);
#644=ORIENTED_EDGE('',*,*,#1226,.T.);
#645=ORIENTED_EDGE('',*,*,#1247,.F.);
#646=ORIENTED_EDGE('',*,*,#1225,.T.);
#647=ORIENTED_EDGE('',*,*,#1246,.F.);
#648=ORIENTED_EDGE('',*,*,#1224,.T.);
#649=ORIENTED_EDGE('',*,*,#1245,.F.);
#650=ORIENTED_EDGE('',*,*,#1223,.T.);
#651=ORIENTED_EDGE('',*,*,#1244,.F.);
#652=ORIENTED_EDGE('',*,*,#1222,.T.);
#653=ORIENTED_EDGE('',*,*,#1243,.F.);
#654=ORIENTED_EDGE('',*,*,#1221,.T.);
#655=ORIENTED_EDGE('',*,*,#1242,.F.);
#656=ORIENTED_EDGE('',*,*,#1220,.T.);
#657=ORIENTED_EDGE('',*,*,#1241,.F.);
#658=ORIENTED_EDGE('',*,*,#1219,.T.);
#659=ORIENTED_EDGE('',*,*,#1240,.F.);
#660=ORIENTED_EDGE('',*,*,#1218,.T.);
#661=ORIENTED_EDGE('',*,*,#1239,.F.);
#662=ORIENTED_EDGE('',*,*,#1217,.T.);
#663=ORIENTED_EDGE('',*,*,#1238,.F.);
#664=ORIENTED_EDGE('',*,*,#1216,.T.);
#665=ORIENTED_EDGE('',*,*,#1237,.F.);
#666=ORIENTED_EDGE('',*,*,#1215,.T.);
#667=ORIENTED_EDGE('',*,*,#1236,.F.);
#668=ORIENTED_EDGE('',*,*,#1214,.T.);
#669=ORIENTED_EDGE('',*,*,#1235,.F.);
#670=ORIENTED_EDGE('',*,*,#1230,.T.);
#671=ORIENTED_EDGE('',*,*,#1251,.F.);
#672=ORIENTED_EDGE('',*,*,#1259,.T.);
#673=ORIENTED_EDGE('',*,*,#1072,.T.);
#674=ORIENTED_EDGE('',*,*,#1260,.F.);
#675=ORIENTED_EDGE('',*,*,#1261,.T.);
#676=ORIENTED_EDGE('',*,*,#1262,.F.);
#677=ORIENTED_EDGE('',*,*,#1070,.T.);
#678=ORIENTED_EDGE('',*,*,#1263,.T.);
#679=ORIENTED_EDGE('',*,*,#1264,.F.);
#680=ORIENTED_EDGE('',*,*,#1265,.F.);
#681=ORIENTED_EDGE('',*,*,#1266,.F.);
#682=ORIENTED_EDGE('',*,*,#1267,.F.);
#683=ORIENTED_EDGE('',*,*,#1268,.F.);
#684=ORIENTED_EDGE('',*,*,#1269,.F.);
#685=ORIENTED_EDGE('',*,*,#1071,.F.);
#686=ORIENTED_EDGE('',*,*,#1262,.T.);
#687=ORIENTED_EDGE('',*,*,#1270,.T.);
#688=ORIENTED_EDGE('',*,*,#1271,.F.);
#689=ORIENTED_EDGE('',*,*,#1272,.F.);
#690=ORIENTED_EDGE('',*,*,#1260,.T.);
#691=ORIENTED_EDGE('',*,*,#1273,.T.);
#692=ORIENTED_EDGE('',*,*,#1274,.T.);
#693=ORIENTED_EDGE('',*,*,#1275,.T.);
#694=ORIENTED_EDGE('',*,*,#1276,.T.);
#695=ORIENTED_EDGE('',*,*,#1277,.T.);
#696=ORIENTED_EDGE('',*,*,#1263,.F.);
#697=ORIENTED_EDGE('',*,*,#1073,.T.);
#698=ORIENTED_EDGE('',*,*,#1259,.F.);
#699=ORIENTED_EDGE('',*,*,#1278,.T.);
#700=ORIENTED_EDGE('',*,*,#1279,.T.);
#701=ORIENTED_EDGE('',*,*,#1280,.F.);
#702=ORIENTED_EDGE('',*,*,#1278,.F.);
#703=ORIENTED_EDGE('',*,*,#1261,.F.);
#704=ORIENTED_EDGE('',*,*,#1272,.T.);
#705=ORIENTED_EDGE('',*,*,#1281,.T.);
#706=ORIENTED_EDGE('',*,*,#1280,.T.);
#707=ORIENTED_EDGE('',*,*,#1282,.F.);
#708=ORIENTED_EDGE('',*,*,#1270,.F.);
#709=ORIENTED_EDGE('',*,*,#1264,.T.);
#710=ORIENTED_EDGE('',*,*,#1266,.T.);
#711=ORIENTED_EDGE('',*,*,#1276,.F.);
#712=ORIENTED_EDGE('',*,*,#1267,.T.);
#713=ORIENTED_EDGE('',*,*,#1275,.F.);
#714=ORIENTED_EDGE('',*,*,#1268,.T.);
#715=ORIENTED_EDGE('',*,*,#1274,.F.);
#716=ORIENTED_EDGE('',*,*,#1269,.T.);
#717=ORIENTED_EDGE('',*,*,#1273,.F.);
#718=ORIENTED_EDGE('',*,*,#1279,.F.);
#719=ORIENTED_EDGE('',*,*,#1281,.F.);
#720=ORIENTED_EDGE('',*,*,#1271,.T.);
#721=ORIENTED_EDGE('',*,*,#1282,.T.);
#722=ORIENTED_EDGE('',*,*,#1265,.T.);
#723=ORIENTED_EDGE('',*,*,#1277,.F.);
#724=ORIENTED_EDGE('',*,*,#1283,.T.);
#725=ORIENTED_EDGE('',*,*,#1284,.F.);
#726=ORIENTED_EDGE('',*,*,#1285,.T.);
#727=ORIENTED_EDGE('',*,*,#1286,.T.);
#728=ORIENTED_EDGE('',*,*,#1287,.T.);
#729=ORIENTED_EDGE('',*,*,#1288,.T.);
#730=ORIENTED_EDGE('',*,*,#1289,.T.);
#731=ORIENTED_EDGE('',*,*,#1290,.T.);
#732=ORIENTED_EDGE('',*,*,#1291,.F.);
#733=ORIENTED_EDGE('',*,*,#1292,.F.);
#734=ORIENTED_EDGE('',*,*,#1293,.F.);
#735=ORIENTED_EDGE('',*,*,#1294,.T.);
#736=ORIENTED_EDGE('',*,*,#1295,.T.);
#737=ORIENTED_EDGE('',*,*,#1296,.F.);
#738=ORIENTED_EDGE('',*,*,#1297,.T.);
#739=ORIENTED_EDGE('',*,*,#1298,.T.);
#740=ORIENTED_EDGE('',*,*,#1299,.T.);
#741=ORIENTED_EDGE('',*,*,#1300,.T.);
#742=ORIENTED_EDGE('',*,*,#1301,.T.);
#743=ORIENTED_EDGE('',*,*,#1302,.T.);
#744=ORIENTED_EDGE('',*,*,#1303,.F.);
#745=ORIENTED_EDGE('',*,*,#1304,.F.);
#746=ORIENTED_EDGE('',*,*,#1305,.F.);
#747=ORIENTED_EDGE('',*,*,#1306,.T.);
#748=ORIENTED_EDGE('',*,*,#1307,.T.);
#749=ORIENTED_EDGE('',*,*,#1308,.T.);
#750=ORIENTED_EDGE('',*,*,#1309,.T.);
#751=ORIENTED_EDGE('',*,*,#1310,.T.);
#752=ORIENTED_EDGE('',*,*,#1311,.T.);
#753=ORIENTED_EDGE('',*,*,#1312,.T.);
#754=ORIENTED_EDGE('',*,*,#1313,.T.);
#755=ORIENTED_EDGE('',*,*,#1314,.T.);
#756=ORIENTED_EDGE('',*,*,#1315,.T.);
#757=ORIENTED_EDGE('',*,*,#1316,.T.);
#758=ORIENTED_EDGE('',*,*,#1317,.T.);
#759=ORIENTED_EDGE('',*,*,#1318,.T.);
#760=ORIENTED_EDGE('',*,*,#1319,.T.);
#761=ORIENTED_EDGE('',*,*,#1320,.T.);
#762=ORIENTED_EDGE('',*,*,#1321,.T.);
#763=ORIENTED_EDGE('',*,*,#1322,.T.);
#764=ORIENTED_EDGE('',*,*,#1323,.T.);
#765=ORIENTED_EDGE('',*,*,#1324,.T.);
#766=ORIENTED_EDGE('',*,*,#1325,.T.);
#767=ORIENTED_EDGE('',*,*,#1326,.T.);
#768=ORIENTED_EDGE('',*,*,#1327,.T.);
#769=ORIENTED_EDGE('',*,*,#1328,.T.);
#770=ORIENTED_EDGE('',*,*,#1329,.F.);
#771=ORIENTED_EDGE('',*,*,#1330,.T.);
#772=ORIENTED_EDGE('',*,*,#1331,.T.);
#773=ORIENTED_EDGE('',*,*,#1332,.T.);
#774=ORIENTED_EDGE('',*,*,#1333,.T.);
#775=ORIENTED_EDGE('',*,*,#1334,.T.);
#776=ORIENTED_EDGE('',*,*,#1335,.T.);
#777=ORIENTED_EDGE('',*,*,#1336,.T.);
#778=ORIENTED_EDGE('',*,*,#1337,.T.);
#779=ORIENTED_EDGE('',*,*,#1338,.T.);
#780=ORIENTED_EDGE('',*,*,#1339,.T.);
#781=ORIENTED_EDGE('',*,*,#1309,.F.);
#782=ORIENTED_EDGE('',*,*,#1340,.T.);
#783=ORIENTED_EDGE('',*,*,#1341,.F.);
#784=ORIENTED_EDGE('',*,*,#1342,.T.);
#785=ORIENTED_EDGE('',*,*,#1343,.F.);
#786=ORIENTED_EDGE('',*,*,#1344,.T.);
#787=ORIENTED_EDGE('',*,*,#1310,.F.);
#788=ORIENTED_EDGE('',*,*,#1345,.T.);
#789=ORIENTED_EDGE('',*,*,#1346,.F.);
#790=ORIENTED_EDGE('',*,*,#1347,.T.);
#791=ORIENTED_EDGE('',*,*,#1308,.F.);
#792=ORIENTED_EDGE('',*,*,#1348,.T.);
#793=ORIENTED_EDGE('',*,*,#1349,.F.);
#794=ORIENTED_EDGE('',*,*,#1350,.T.);
#795=ORIENTED_EDGE('',*,*,#1307,.F.);
#796=ORIENTED_EDGE('',*,*,#1351,.T.);
#797=ORIENTED_EDGE('',*,*,#1311,.F.);
#798=ORIENTED_EDGE('',*,*,#1352,.F.);
#799=ORIENTED_EDGE('',*,*,#1353,.F.);
#800=ORIENTED_EDGE('',*,*,#1354,.T.);
#801=ORIENTED_EDGE('',*,*,#1314,.F.);
#802=ORIENTED_EDGE('',*,*,#1355,.T.);
#803=ORIENTED_EDGE('',*,*,#1356,.F.);
#804=ORIENTED_EDGE('',*,*,#1357,.T.);
#805=ORIENTED_EDGE('',*,*,#1315,.F.);
#806=ORIENTED_EDGE('',*,*,#1358,.T.);
#807=ORIENTED_EDGE('',*,*,#1313,.F.);
#808=ORIENTED_EDGE('',*,*,#1359,.T.);
#809=ORIENTED_EDGE('',*,*,#1360,.F.);
#810=ORIENTED_EDGE('',*,*,#1361,.T.);
#811=ORIENTED_EDGE('',*,*,#1362,.F.);
#812=ORIENTED_EDGE('',*,*,#1363,.T.);
#813=ORIENTED_EDGE('',*,*,#1312,.F.);
#814=ORIENTED_EDGE('',*,*,#1364,.T.);
#815=ORIENTED_EDGE('',*,*,#1365,.F.);
#816=ORIENTED_EDGE('',*,*,#1321,.F.);
#817=ORIENTED_EDGE('',*,*,#1366,.F.);
#818=ORIENTED_EDGE('',*,*,#1337,.F.);
#819=ORIENTED_EDGE('',*,*,#1366,.T.);
#820=ORIENTED_EDGE('',*,*,#1320,.F.);
#821=ORIENTED_EDGE('',*,*,#1367,.F.);
#822=ORIENTED_EDGE('',*,*,#1338,.F.);
#823=ORIENTED_EDGE('',*,*,#1365,.T.);
#824=ORIENTED_EDGE('',*,*,#1336,.F.);
#825=ORIENTED_EDGE('',*,*,#1368,.F.);
#826=ORIENTED_EDGE('',*,*,#1322,.F.);
#827=ORIENTED_EDGE('',*,*,#1367,.T.);
#828=ORIENTED_EDGE('',*,*,#1319,.F.);
#829=ORIENTED_EDGE('',*,*,#1369,.F.);
#830=ORIENTED_EDGE('',*,*,#1339,.F.);
#831=ORIENTED_EDGE('',*,*,#1368,.T.);
#832=ORIENTED_EDGE('',*,*,#1335,.F.);
#833=ORIENTED_EDGE('',*,*,#1370,.F.);
#834=ORIENTED_EDGE('',*,*,#1323,.F.);
#835=ORIENTED_EDGE('',*,*,#1369,.T.);
#836=ORIENTED_EDGE('',*,*,#1318,.F.);
#837=ORIENTED_EDGE('',*,*,#1371,.F.);
#838=ORIENTED_EDGE('',*,*,#1332,.F.);
#839=ORIENTED_EDGE('',*,*,#1370,.T.);
#840=ORIENTED_EDGE('',*,*,#1334,.F.);
#841=ORIENTED_EDGE('',*,*,#1372,.F.);
#842=ORIENTED_EDGE('',*,*,#1316,.F.);
#843=ORIENTED_EDGE('',*,*,#1371,.T.);
#844=ORIENTED_EDGE('',*,*,#1317,.F.);
#845=ORIENTED_EDGE('',*,*,#1372,.T.);
#846=ORIENTED_EDGE('',*,*,#1333,.F.);
#847=ORIENTED_EDGE('',*,*,#1373,.F.);
#848=ORIENTED_EDGE('',*,*,#1340,.F.);
#849=ORIENTED_EDGE('',*,*,#1347,.F.);
#850=ORIENTED_EDGE('',*,*,#1374,.F.);
#851=ORIENTED_EDGE('',*,*,#1294,.F.);
#852=ORIENTED_EDGE('',*,*,#1375,.F.);
#853=ORIENTED_EDGE('',*,*,#1348,.F.);
#854=ORIENTED_EDGE('',*,*,#1350,.F.);
#855=ORIENTED_EDGE('',*,*,#1376,.T.);
#856=ORIENTED_EDGE('',*,*,#1289,.F.);
#857=ORIENTED_EDGE('',*,*,#1351,.F.);
#858=ORIENTED_EDGE('',*,*,#1344,.F.);
#859=ORIENTED_EDGE('',*,*,#1377,.T.);
#860=ORIENTED_EDGE('',*,*,#1286,.F.);
#861=ORIENTED_EDGE('',*,*,#1378,.F.);
#862=ORIENTED_EDGE('',*,*,#1345,.F.);
#863=ORIENTED_EDGE('',*,*,#1342,.F.);
#864=ORIENTED_EDGE('',*,*,#1379,.F.);
#865=ORIENTED_EDGE('',*,*,#1283,.F.);
#866=ORIENTED_EDGE('',*,*,#1380,.F.);
#867=ORIENTED_EDGE('',*,*,#1381,.F.);
#868=ORIENTED_EDGE('',*,*,#1359,.F.);
#869=ORIENTED_EDGE('',*,*,#1363,.F.);
#870=ORIENTED_EDGE('',*,*,#1382,.T.);
#871=ORIENTED_EDGE('',*,*,#1301,.F.);
#872=ORIENTED_EDGE('',*,*,#1364,.F.);
#873=ORIENTED_EDGE('',*,*,#1357,.F.);
#874=ORIENTED_EDGE('',*,*,#1383,.T.);
#875=ORIENTED_EDGE('',*,*,#1298,.F.);
#876=ORIENTED_EDGE('',*,*,#1384,.F.);
#877=ORIENTED_EDGE('',*,*,#1358,.F.);
#878=ORIENTED_EDGE('',*,*,#1354,.F.);
#879=ORIENTED_EDGE('',*,*,#1385,.F.);
#880=ORIENTED_EDGE('',*,*,#1295,.F.);
#881=ORIENTED_EDGE('',*,*,#1386,.F.);
#882=ORIENTED_EDGE('',*,*,#1387,.F.);
#883=ORIENTED_EDGE('',*,*,#1355,.F.);
#884=ORIENTED_EDGE('',*,*,#1361,.F.);
#885=ORIENTED_EDGE('',*,*,#1388,.F.);
#886=ORIENTED_EDGE('',*,*,#1306,.F.);
#887=ORIENTED_EDGE('',*,*,#1325,.F.);
#888=ORIENTED_EDGE('',*,*,#1389,.F.);
#889=ORIENTED_EDGE('',*,*,#1390,.T.);
#890=ORIENTED_EDGE('',*,*,#1391,.T.);
#891=ORIENTED_EDGE('',*,*,#1326,.F.);
#892=ORIENTED_EDGE('',*,*,#1391,.F.);
#893=ORIENTED_EDGE('',*,*,#1392,.T.);
#894=ORIENTED_EDGE('',*,*,#1393,.T.);
#895=ORIENTED_EDGE('',*,*,#1327,.F.);
#896=ORIENTED_EDGE('',*,*,#1393,.F.);
#897=ORIENTED_EDGE('',*,*,#1394,.T.);
#898=ORIENTED_EDGE('',*,*,#1395,.T.);
#899=ORIENTED_EDGE('',*,*,#1328,.F.);
#900=ORIENTED_EDGE('',*,*,#1395,.F.);
#901=ORIENTED_EDGE('',*,*,#1396,.T.);
#902=ORIENTED_EDGE('',*,*,#1397,.T.);
#903=ORIENTED_EDGE('',*,*,#1329,.T.);
#904=ORIENTED_EDGE('',*,*,#1397,.F.);
#905=ORIENTED_EDGE('',*,*,#1398,.F.);
#906=ORIENTED_EDGE('',*,*,#1399,.T.);
#907=ORIENTED_EDGE('',*,*,#1330,.F.);
#908=ORIENTED_EDGE('',*,*,#1399,.F.);
#909=ORIENTED_EDGE('',*,*,#1400,.T.);
#910=ORIENTED_EDGE('',*,*,#1401,.T.);
#911=ORIENTED_EDGE('',*,*,#1331,.F.);
#912=ORIENTED_EDGE('',*,*,#1401,.F.);
#913=ORIENTED_EDGE('',*,*,#1402,.T.);
#914=ORIENTED_EDGE('',*,*,#1403,.T.);
#915=ORIENTED_EDGE('',*,*,#1296,.T.);
#916=ORIENTED_EDGE('',*,*,#1385,.T.);
#917=ORIENTED_EDGE('',*,*,#1353,.T.);
#918=ORIENTED_EDGE('',*,*,#1387,.T.);
#919=ORIENTED_EDGE('',*,*,#1305,.T.);
#920=ORIENTED_EDGE('',*,*,#1404,.F.);
#921=ORIENTED_EDGE('',*,*,#1405,.F.);
#922=ORIENTED_EDGE('',*,*,#1406,.T.);
#923=ORIENTED_EDGE('',*,*,#1297,.F.);
#924=ORIENTED_EDGE('',*,*,#1406,.F.);
#925=ORIENTED_EDGE('',*,*,#1407,.T.);
#926=ORIENTED_EDGE('',*,*,#1408,.T.);
#927=ORIENTED_EDGE('',*,*,#1299,.F.);
#928=ORIENTED_EDGE('',*,*,#1383,.F.);
#929=ORIENTED_EDGE('',*,*,#1356,.T.);
#930=ORIENTED_EDGE('',*,*,#1386,.T.);
#931=ORIENTED_EDGE('',*,*,#1300,.F.);
#932=ORIENTED_EDGE('',*,*,#1408,.F.);
#933=ORIENTED_EDGE('',*,*,#1409,.T.);
#934=ORIENTED_EDGE('',*,*,#1410,.T.);
#935=ORIENTED_EDGE('',*,*,#1302,.F.);
#936=ORIENTED_EDGE('',*,*,#1382,.F.);
#937=ORIENTED_EDGE('',*,*,#1362,.T.);
#938=ORIENTED_EDGE('',*,*,#1384,.T.);
#939=ORIENTED_EDGE('',*,*,#1284,.T.);
#940=ORIENTED_EDGE('',*,*,#1379,.T.);
#941=ORIENTED_EDGE('',*,*,#1341,.T.);
#942=ORIENTED_EDGE('',*,*,#1373,.T.);
#943=ORIENTED_EDGE('',*,*,#1293,.T.);
#944=ORIENTED_EDGE('',*,*,#1411,.F.);
#945=ORIENTED_EDGE('',*,*,#1412,.F.);
#946=ORIENTED_EDGE('',*,*,#1413,.T.);
#947=ORIENTED_EDGE('',*,*,#1285,.F.);
#948=ORIENTED_EDGE('',*,*,#1413,.F.);
#949=ORIENTED_EDGE('',*,*,#1414,.T.);
#950=ORIENTED_EDGE('',*,*,#1415,.T.);
#951=ORIENTED_EDGE('',*,*,#1287,.F.);
#952=ORIENTED_EDGE('',*,*,#1377,.F.);
#953=ORIENTED_EDGE('',*,*,#1343,.T.);
#954=ORIENTED_EDGE('',*,*,#1380,.T.);
#955=ORIENTED_EDGE('',*,*,#1288,.F.);
#956=ORIENTED_EDGE('',*,*,#1415,.F.);
#957=ORIENTED_EDGE('',*,*,#1416,.T.);
#958=ORIENTED_EDGE('',*,*,#1417,.T.);
#959=ORIENTED_EDGE('',*,*,#1290,.F.);
#960=ORIENTED_EDGE('',*,*,#1376,.F.);
#961=ORIENTED_EDGE('',*,*,#1349,.T.);
#962=ORIENTED_EDGE('',*,*,#1378,.T.);
#963=ORIENTED_EDGE('',*,*,#1304,.T.);
#964=ORIENTED_EDGE('',*,*,#1388,.T.);
#965=ORIENTED_EDGE('',*,*,#1360,.T.);
#966=ORIENTED_EDGE('',*,*,#1381,.T.);
#967=ORIENTED_EDGE('',*,*,#1303,.T.);
#968=ORIENTED_EDGE('',*,*,#1410,.F.);
#969=ORIENTED_EDGE('',*,*,#1418,.F.);
#970=ORIENTED_EDGE('',*,*,#1404,.T.);
#971=ORIENTED_EDGE('',*,*,#1292,.T.);
#972=ORIENTED_EDGE('',*,*,#1374,.T.);
#973=ORIENTED_EDGE('',*,*,#1346,.T.);
#974=ORIENTED_EDGE('',*,*,#1375,.T.);
#975=ORIENTED_EDGE('',*,*,#1291,.T.);
#976=ORIENTED_EDGE('',*,*,#1417,.F.);
#977=ORIENTED_EDGE('',*,*,#1419,.F.);
#978=ORIENTED_EDGE('',*,*,#1411,.T.);
#979=ORIENTED_EDGE('',*,*,#1420,.F.);
#980=ORIENTED_EDGE('',*,*,#1352,.T.);
#981=ORIENTED_EDGE('',*,*,#1324,.F.);
#982=ORIENTED_EDGE('',*,*,#1403,.F.);
#983=ORIENTED_EDGE('',*,*,#1421,.T.);
#984=ORIENTED_EDGE('',*,*,#1389,.T.);
#985=ORIENTED_EDGE('',*,*,#1420,.T.);
#986=ORIENTED_EDGE('',*,*,#1412,.T.);
#987=ORIENTED_EDGE('',*,*,#1419,.T.);
#988=ORIENTED_EDGE('',*,*,#1416,.F.);
#989=ORIENTED_EDGE('',*,*,#1414,.F.);
#990=ORIENTED_EDGE('',*,*,#1405,.T.);
#991=ORIENTED_EDGE('',*,*,#1418,.T.);
#992=ORIENTED_EDGE('',*,*,#1409,.F.);
#993=ORIENTED_EDGE('',*,*,#1407,.F.);
#994=ORIENTED_EDGE('',*,*,#1390,.F.);
#995=ORIENTED_EDGE('',*,*,#1421,.F.);
#996=ORIENTED_EDGE('',*,*,#1402,.F.);
#997=ORIENTED_EDGE('',*,*,#1400,.F.);
#998=ORIENTED_EDGE('',*,*,#1398,.T.);
#999=ORIENTED_EDGE('',*,*,#1396,.F.);
#1000=ORIENTED_EDGE('',*,*,#1394,.F.);
#1001=ORIENTED_EDGE('',*,*,#1392,.F.);
#1002=ORIENTED_EDGE('',*,*,#1422,.F.);
#1003=ORIENTED_EDGE('',*,*,#1423,.T.);
#1004=ORIENTED_EDGE('',*,*,#1424,.T.);
#1005=ORIENTED_EDGE('',*,*,#1425,.F.);
#1006=ORIENTED_EDGE('',*,*,#1422,.T.);
#1007=ORIENTED_EDGE('',*,*,#1424,.F.);
#1008=ORIENTED_EDGE('',*,*,#1426,.T.);
#1009=ORIENTED_EDGE('',*,*,#1427,.T.);
#1010=ORIENTED_EDGE('',*,*,#1428,.T.);
#1011=ORIENTED_EDGE('',*,*,#1429,.T.);
#1012=ORIENTED_EDGE('',*,*,#1430,.T.);
#1013=ORIENTED_EDGE('',*,*,#1431,.T.);
#1014=ORIENTED_EDGE('',*,*,#1432,.T.);
#1015=ORIENTED_EDGE('',*,*,#1433,.T.);
#1016=ORIENTED_EDGE('',*,*,#1425,.T.);
#1017=ORIENTED_EDGE('',*,*,#1434,.T.);
#1018=ORIENTED_EDGE('',*,*,#1435,.T.);
#1019=ORIENTED_EDGE('',*,*,#1436,.T.);
#1020=ORIENTED_EDGE('',*,*,#1437,.T.);
#1021=ORIENTED_EDGE('',*,*,#1438,.T.);
#1022=ORIENTED_EDGE('',*,*,#1439,.T.);
#1023=ORIENTED_EDGE('',*,*,#1440,.T.);
#1024=ORIENTED_EDGE('',*,*,#1441,.T.);
#1025=ORIENTED_EDGE('',*,*,#1423,.F.);
#1026=ORIENTED_EDGE('',*,*,#1442,.F.);
#1027=ORIENTED_EDGE('',*,*,#1431,.F.);
#1028=ORIENTED_EDGE('',*,*,#1443,.F.);
#1029=ORIENTED_EDGE('',*,*,#1439,.F.);
#1030=ORIENTED_EDGE('',*,*,#1443,.T.);
#1031=ORIENTED_EDGE('',*,*,#1430,.F.);
#1032=ORIENTED_EDGE('',*,*,#1444,.F.);
#1033=ORIENTED_EDGE('',*,*,#1440,.F.);
#1034=ORIENTED_EDGE('',*,*,#1442,.T.);
#1035=ORIENTED_EDGE('',*,*,#1438,.F.);
#1036=ORIENTED_EDGE('',*,*,#1445,.F.);
#1037=ORIENTED_EDGE('',*,*,#1432,.F.);
#1038=ORIENTED_EDGE('',*,*,#1444,.T.);
#1039=ORIENTED_EDGE('',*,*,#1429,.F.);
#1040=ORIENTED_EDGE('',*,*,#1446,.F.);
#1041=ORIENTED_EDGE('',*,*,#1441,.F.);
#1042=ORIENTED_EDGE('',*,*,#1445,.T.);
#1043=ORIENTED_EDGE('',*,*,#1437,.F.);
#1044=ORIENTED_EDGE('',*,*,#1447,.F.);
#1045=ORIENTED_EDGE('',*,*,#1433,.F.);
#1046=ORIENTED_EDGE('',*,*,#1446,.T.);
#1047=ORIENTED_EDGE('',*,*,#1428,.F.);
#1048=ORIENTED_EDGE('',*,*,#1448,.F.);
#1049=ORIENTED_EDGE('',*,*,#1434,.F.);
#1050=ORIENTED_EDGE('',*,*,#1447,.T.);
#1051=ORIENTED_EDGE('',*,*,#1436,.F.);
#1052=ORIENTED_EDGE('',*,*,#1449,.F.);
#1053=ORIENTED_EDGE('',*,*,#1426,.F.);
#1054=ORIENTED_EDGE('',*,*,#1435,.F.);
#1055=ORIENTED_EDGE('',*,*,#1448,.T.);
#1056=ORIENTED_EDGE('',*,*,#1427,.F.);
#1057=ORIENTED_EDGE('',*,*,#1449,.T.);
#1058=EDGE_CURVE('',#1450,#1451,#1723,.T.);
#1059=EDGE_CURVE('',#1450,#1452,#1724,.F.);
#1060=EDGE_CURVE('',#1452,#1453,#1725,.T.);
#1061=EDGE_CURVE('',#1453,#1451,#1726,.T.);
#1062=EDGE_CURVE('',#1454,#1455,#1727,.T.);
#1063=EDGE_CURVE('',#1456,#1455,#136,.T.);
#1064=EDGE_CURVE('',#1457,#1456,#1728,.T.);
#1065=EDGE_CURVE('',#1454,#1457,#137,.T.);
#1066=EDGE_CURVE('',#1458,#1459,#1729,.T.);
#1067=EDGE_CURVE('',#1458,#1460,#1730,.T.);
#1068=EDGE_CURVE('',#1461,#1460,#1731,.T.);
#1069=EDGE_CURVE('',#1459,#1461,#1732,.T.);
#1070=EDGE_CURVE('',#1462,#1463,#1733,.T.);
#1071=EDGE_CURVE('',#1462,#1464,#1734,.T.);
#1072=EDGE_CURVE('',#1465,#1464,#1735,.T.);
#1073=EDGE_CURVE('',#1463,#1465,#1736,.T.);
#1074=EDGE_CURVE('',#1466,#1467,#1737,.T.);
#1075=EDGE_CURVE('',#1468,#1467,#1738,.T.);
#1076=EDGE_CURVE('',#1469,#1468,#1739,.T.);
#1077=EDGE_CURVE('',#1469,#1466,#1740,.T.);
#1078=EDGE_CURVE('',#1470,#1471,#1741,.T.);
#1079=EDGE_CURVE('',#1470,#1472,#138,.T.);
#1080=EDGE_CURVE('',#1472,#1473,#1742,.T.);
#1081=EDGE_CURVE('',#1473,#1471,#139,.T.);
#1082=EDGE_CURVE('',#1474,#1475,#1743,.T.);
#1083=EDGE_CURVE('',#1476,#1474,#1744,.T.);
#1084=EDGE_CURVE('',#1476,#1477,#1745,.T.);
#1085=EDGE_CURVE('',#1477,#1475,#1746,.T.);
#1086=EDGE_CURVE('',#1478,#1479,#140,.T.);
#1087=EDGE_CURVE('',#1478,#1480,#1747,.T.);
#1088=EDGE_CURVE('',#1481,#1480,#141,.T.);
#1089=EDGE_CURVE('',#1481,#1482,#1748,.T.);
#1090=EDGE_CURVE('',#1483,#1482,#142,.T.);
#1091=EDGE_CURVE('',#1484,#1483,#1749,.T.);
#1092=EDGE_CURVE('',#1485,#1484,#143,.T.);
#1093=EDGE_CURVE('',#1479,#1485,#1750,.T.);
#1094=EDGE_CURVE('',#1486,#1487,#1751,.T.);
#1095=EDGE_CURVE('',#1486,#1488,#1752,.F.);
#1096=EDGE_CURVE('',#1488,#1489,#1753,.T.);
#1097=EDGE_CURVE('',#1489,#1487,#1754,.T.);
#1098=EDGE_CURVE('',#1452,#1486,#144,.F.);
#1099=EDGE_CURVE('',#1487,#1453,#145,.T.);
#1100=EDGE_CURVE('',#1490,#1491,#1755,.T.);
#1101=EDGE_CURVE('',#1490,#1450,#146,.F.);
#1102=EDGE_CURVE('',#1451,#1491,#147,.T.);
#1103=EDGE_CURVE('',#1492,#1493,#148,.T.);
#1104=EDGE_CURVE('',#1492,#1494,#1756,.T.);
#1105=EDGE_CURVE('',#1495,#1494,#149,.T.);
#1106=EDGE_CURVE('',#1496,#1495,#1757,.T.);
#1107=EDGE_CURVE('',#1497,#1496,#150,.T.);
#1108=EDGE_CURVE('',#1498,#1497,#1758,.T.);
#1109=EDGE_CURVE('',#1499,#1498,#151,.T.);
#1110=EDGE_CURVE('',#1499,#1493,#1759,.T.);
#1111=EDGE_CURVE('',#1500,#1501,#1760,.T.);
#1112=EDGE_CURVE('',#1500,#1490,#1761,.T.);
#1113=EDGE_CURVE('',#1501,#1491,#1762,.T.);
#1114=EDGE_CURVE('',#1502,#1503,#1763,.T.);
#1115=EDGE_CURVE('',#1502,#1500,#152,.F.);
#1116=EDGE_CURVE('',#1501,#1503,#153,.T.);
#1117=EDGE_CURVE('',#1504,#1505,#1764,.T.);
#1118=EDGE_CURVE('',#1504,#1506,#1765,.T.);
#1119=EDGE_CURVE('',#1507,#1506,#154,.T.);
#1120=EDGE_CURVE('',#1507,#1502,#1766,.T.);
#1121=EDGE_CURVE('',#1505,#1503,#1767,.T.);
#1122=EDGE_CURVE('',#1488,#1504,#155,.F.);
#1123=EDGE_CURVE('',#1505,#1489,#156,.T.);
#1124=EDGE_CURVE('',#1508,#1509,#157,.T.);
#1125=EDGE_CURVE('',#1509,#1510,#1768,.T.);
#1126=EDGE_CURVE('',#1510,#1511,#158,.T.);
#1127=EDGE_CURVE('',#1511,#1512,#1769,.T.);
#1128=EDGE_CURVE('',#1512,#1513,#159,.T.);
#1129=EDGE_CURVE('',#1513,#1514,#1770,.F.);
#1130=EDGE_CURVE('',#1514,#1515,#160,.T.);
#1131=EDGE_CURVE('',#1515,#1508,#1771,.F.);
#1132=EDGE_CURVE('',#1516,#1517,#1772,.F.);
#1133=EDGE_CURVE('',#1516,#1518,#161,.F.);
#1134=EDGE_CURVE('',#1518,#1519,#1773,.T.);
#1135=EDGE_CURVE('',#1519,#1466,#162,.T.);
#1136=EDGE_CURVE('',#1520,#1469,#163,.T.);
#1137=EDGE_CURVE('',#1520,#1521,#1774,.T.);
#1138=EDGE_CURVE('',#1517,#1521,#164,.F.);
#1139=EDGE_CURVE('',#1518,#1522,#1775,.T.);
#1140=EDGE_CURVE('',#1523,#1522,#1776,.T.);
#1141=EDGE_CURVE('',#1521,#1523,#1777,.T.);
#1142=EDGE_CURVE('',#1524,#1520,#1778,.T.);
#1143=EDGE_CURVE('',#1524,#1525,#1779,.T.);
#1144=EDGE_CURVE('',#1525,#1519,#1780,.T.);
#1145=EDGE_CURVE('',#1526,#1525,#165,.T.);
#1146=EDGE_CURVE('',#1527,#1524,#166,.T.);
#1147=EDGE_CURVE('',#1527,#1526,#1781,.T.);
#1148=EDGE_CURVE('',#1528,#1529,#1782,.T.);
#1149=EDGE_CURVE('',#1530,#1528,#1783,.T.);
#1150=EDGE_CURVE('',#1530,#1531,#1784,.T.);
#1151=EDGE_CURVE('',#1529,#1531,#1785,.T.);
#1152=EDGE_CURVE('',#1532,#1533,#167,.T.);
#1153=EDGE_CURVE('',#1526,#1532,#1786,.T.);
#1154=EDGE_CURVE('',#1527,#1534,#1787,.T.);
#1155=EDGE_CURVE('',#1534,#1535,#1788,.T.);
#1156=EDGE_CURVE('',#1533,#1535,#1789,.T.);
#1157=EDGE_CURVE('',#1474,#1535,#168,.T.);
#1158=EDGE_CURVE('',#1476,#1534,#169,.T.);
#1159=EDGE_CURVE('',#1467,#1475,#170,.T.);
#1160=EDGE_CURVE('',#1468,#1477,#171,.T.);
#1161=EDGE_CURVE('',#1536,#1537,#1790,.T.);
#1162=EDGE_CURVE('',#1536,#1533,#1791,.T.);
#1163=EDGE_CURVE('',#1532,#1537,#1792,.F.);
#1164=EDGE_CURVE('',#1478,#1494,#1793,.T.);
#1165=EDGE_CURVE('',#1480,#1492,#1794,.T.);
#1166=EDGE_CURVE('',#1481,#1493,#1795,.T.);
#1167=EDGE_CURVE('',#1482,#1499,#1796,.T.);
#1168=EDGE_CURVE('',#1483,#1498,#1797,.T.);
#1169=EDGE_CURVE('',#1484,#1497,#1798,.T.);
#1170=EDGE_CURVE('',#1485,#1496,#1799,.T.);
#1171=EDGE_CURVE('',#1479,#1495,#1800,.T.);
#1172=EDGE_CURVE('',#1506,#1507,#53,.T.);
#1173=EDGE_CURVE('',#1537,#1536,#172,.T.);
#1174=EDGE_CURVE('',#1471,#1455,#1801,.T.);
#1175=EDGE_CURVE('',#1470,#1454,#1802,.T.);
#1176=EDGE_CURVE('',#1472,#1457,#1803,.T.);
#1177=EDGE_CURVE('',#1473,#1456,#1804,.T.);
#1178=EDGE_CURVE('',#1490,#1513,#173,.T.);
#1179=EDGE_CURVE('',#1514,#1500,#174,.T.);
#1180=EDGE_CURVE('',#1515,#1502,#175,.T.);
#1181=EDGE_CURVE('',#1450,#1512,#176,.T.);
#1182=EDGE_CURVE('',#1508,#1504,#177,.T.);
#1183=EDGE_CURVE('',#1452,#1511,#178,.T.);
#1184=EDGE_CURVE('',#1509,#1488,#179,.T.);
#1185=EDGE_CURVE('',#1486,#1510,#180,.T.);
#1186=EDGE_CURVE('',#1538,#1539,#1805,.T.);
#1187=EDGE_CURVE('',#1540,#1539,#1806,.T.);
#1188=EDGE_CURVE('',#1541,#1540,#1807,.T.);
#1189=EDGE_CURVE('',#1541,#1538,#1808,.T.);
#1190=EDGE_CURVE('',#1539,#1542,#1809,.T.);
#1191=EDGE_CURVE('',#1543,#1542,#1810,.T.);
#1192=EDGE_CURVE('',#1540,#1543,#1811,.T.);
#1193=EDGE_CURVE('',#1544,#1542,#1812,.T.);
#1194=EDGE_CURVE('',#1545,#1544,#1813,.T.);
#1195=EDGE_CURVE('',#1545,#1543,#1814,.T.);
#1196=EDGE_CURVE('',#1546,#1544,#1815,.T.);
#1197=EDGE_CURVE('',#1547,#1546,#1816,.T.);
#1198=EDGE_CURVE('',#1547,#1545,#1817,.T.);
#1199=EDGE_CURVE('',#1530,#1546,#1818,.T.);
#1200=EDGE_CURVE('',#1528,#1547,#1819,.T.);
#1201=EDGE_CURVE('',#1548,#1529,#1820,.T.);
#1202=EDGE_CURVE('',#1549,#1531,#1821,.T.);
#1203=EDGE_CURVE('',#1548,#1549,#1822,.T.);
#1204=EDGE_CURVE('',#1549,#1538,#1823,.T.);
#1205=EDGE_CURVE('',#1548,#1541,#1824,.T.);
#1206=EDGE_CURVE('',#1458,#1550,#1825,.T.);
#1207=EDGE_CURVE('',#1459,#1551,#1826,.T.);
#1208=EDGE_CURVE('',#1550,#1551,#1827,.T.);
#1209=EDGE_CURVE('',#1517,#1461,#1828,.T.);
#1210=EDGE_CURVE('',#1516,#1460,#1829,.T.);
#1211=EDGE_CURVE('',#1552,#1523,#1830,.T.);
#1212=EDGE_CURVE('',#1553,#1522,#1831,.T.);
#1213=EDGE_CURVE('',#1553,#1552,#1832,.T.);
#1214=EDGE_CURVE('',#1554,#1554,#181,.T.);
#1215=EDGE_CURVE('',#1555,#1555,#182,.T.);
#1216=EDGE_CURVE('',#1556,#1556,#183,.T.);
#1217=EDGE_CURVE('',#1557,#1557,#184,.T.);
#1218=EDGE_CURVE('',#1558,#1558,#185,.T.);
#1219=EDGE_CURVE('',#1559,#1559,#186,.T.);
#1220=EDGE_CURVE('',#1560,#1560,#187,.T.);
#1221=EDGE_CURVE('',#1561,#1561,#188,.T.);
#1222=EDGE_CURVE('',#1562,#1562,#189,.T.);
#1223=EDGE_CURVE('',#1563,#1563,#190,.T.);
#1224=EDGE_CURVE('',#1564,#1564,#191,.T.);
#1225=EDGE_CURVE('',#1565,#1565,#192,.T.);
#1226=EDGE_CURVE('',#1566,#1566,#193,.T.);
#1227=EDGE_CURVE('',#1567,#1567,#194,.T.);
#1228=EDGE_CURVE('',#1568,#1568,#195,.T.);
#1229=EDGE_CURVE('',#1569,#1569,#196,.T.);
#1230=EDGE_CURVE('',#1570,#1570,#197,.T.);
#1231=EDGE_CURVE('',#1550,#1571,#1833,.T.);
#1232=EDGE_CURVE('',#1571,#1572,#1834,.T.);
#1233=EDGE_CURVE('',#1573,#1572,#198,.T.);
#1234=EDGE_CURVE('',#1573,#1553,#1835,.T.);
#1235=EDGE_CURVE('',#1574,#1574,#199,.T.);
#1236=EDGE_CURVE('',#1575,#1575,#200,.T.);
#1237=EDGE_CURVE('',#1576,#1576,#201,.T.);
#1238=EDGE_CURVE('',#1577,#1577,#202,.T.);
#1239=EDGE_CURVE('',#1578,#1578,#203,.T.);
#1240=EDGE_CURVE('',#1579,#1579,#204,.T.);
#1241=EDGE_CURVE('',#1580,#1580,#205,.T.);
#1242=EDGE_CURVE('',#1581,#1581,#206,.T.);
#1243=EDGE_CURVE('',#1582,#1582,#207,.T.);
#1244=EDGE_CURVE('',#1583,#1583,#208,.T.);
#1245=EDGE_CURVE('',#1584,#1584,#209,.T.);
#1246=EDGE_CURVE('',#1585,#1585,#210,.T.);
#1247=EDGE_CURVE('',#1586,#1586,#211,.T.);
#1248=EDGE_CURVE('',#1587,#1587,#212,.T.);
#1249=EDGE_CURVE('',#1588,#1588,#213,.T.);
#1250=EDGE_CURVE('',#1589,#1589,#214,.T.);
#1251=EDGE_CURVE('',#1590,#1590,#215,.T.);
#1252=EDGE_CURVE('',#1591,#1552,#1836,.T.);
#1253=EDGE_CURVE('',#1591,#1592,#216,.T.);
#1254=EDGE_CURVE('',#1593,#1592,#1837,.T.);
#1255=EDGE_CURVE('',#1551,#1593,#1838,.T.);
#1256=EDGE_CURVE('',#1571,#1593,#1839,.T.);
#1257=EDGE_CURVE('',#1572,#1592,#1840,.T.);
#1258=EDGE_CURVE('',#1573,#1591,#1841,.T.);
#1259=EDGE_CURVE('',#1594,#1465,#1842,.T.);
#1260=EDGE_CURVE('',#1595,#1464,#1843,.T.);
#1261=EDGE_CURVE('',#1595,#1594,#1844,.T.);
#1262=EDGE_CURVE('',#1462,#1596,#1845,.T.);
#1263=EDGE_CURVE('',#1463,#1597,#1846,.T.);
#1264=EDGE_CURVE('',#1596,#1597,#1847,.T.);
#1265=EDGE_CURVE('',#1598,#1598,#217,.T.);
#1266=EDGE_CURVE('',#1599,#1599,#218,.T.);
#1267=EDGE_CURVE('',#1600,#1600,#219,.T.);
#1268=EDGE_CURVE('',#1601,#1601,#220,.T.);
#1269=EDGE_CURVE('',#1602,#1602,#221,.T.);
#1270=EDGE_CURVE('',#1596,#1603,#1848,.T.);
#1271=EDGE_CURVE('',#1604,#1603,#1849,.T.);
#1272=EDGE_CURVE('',#1595,#1604,#1850,.T.);
#1273=EDGE_CURVE('',#1605,#1605,#222,.T.);
#1274=EDGE_CURVE('',#1606,#1606,#223,.T.);
#1275=EDGE_CURVE('',#1607,#1607,#224,.T.);
#1276=EDGE_CURVE('',#1608,#1608,#225,.T.);
#1277=EDGE_CURVE('',#1609,#1609,#226,.T.);
#1278=EDGE_CURVE('',#1594,#1610,#1851,.T.);
#1279=EDGE_CURVE('',#1610,#1611,#1852,.T.);
#1280=EDGE_CURVE('',#1597,#1611,#1853,.T.);
#1281=EDGE_CURVE('',#1604,#1610,#1854,.T.);
#1282=EDGE_CURVE('',#1603,#1611,#1855,.T.);
#1283=EDGE_CURVE('',#1612,#1613,#54,.T.);
#1284=EDGE_CURVE('',#1614,#1613,#1856,.T.);
#1285=EDGE_CURVE('',#1614,#1612,#1857,.T.);
#1286=EDGE_CURVE('',#1615,#1616,#55,.T.);
#1287=EDGE_CURVE('',#1616,#1617,#1858,.T.);
#1288=EDGE_CURVE('',#1617,#1615,#1859,.T.);
#1289=EDGE_CURVE('',#1618,#1619,#56,.T.);
#1290=EDGE_CURVE('',#1619,#1620,#1860,.T.);
#1291=EDGE_CURVE('',#1618,#1620,#1861,.T.);
#1292=EDGE_CURVE('',#1621,#1622,#1862,.T.);
#1293=EDGE_CURVE('',#1623,#1621,#1863,.T.);
#1294=EDGE_CURVE('',#1623,#1622,#57,.T.);
#1295=EDGE_CURVE('',#1624,#1625,#58,.T.);
#1296=EDGE_CURVE('',#1626,#1625,#1864,.T.);
#1297=EDGE_CURVE('',#1626,#1624,#1865,.T.);
#1298=EDGE_CURVE('',#1627,#1628,#59,.T.);
#1299=EDGE_CURVE('',#1628,#1629,#1866,.T.);
#1300=EDGE_CURVE('',#1629,#1627,#1867,.T.);
#1301=EDGE_CURVE('',#1630,#1631,#60,.T.);
#1302=EDGE_CURVE('',#1631,#1632,#1868,.T.);
#1303=EDGE_CURVE('',#1630,#1632,#1869,.T.);
#1304=EDGE_CURVE('',#1633,#1634,#1870,.T.);
#1305=EDGE_CURVE('',#1635,#1633,#1871,.T.);
#1306=EDGE_CURVE('',#1635,#1634,#61,.T.);
#1307=EDGE_CURVE('',#1636,#1637,#1872,.T.);
#1308=EDGE_CURVE('',#1637,#1638,#1873,.F.);
#1309=EDGE_CURVE('',#1638,#1639,#1874,.F.);
#1310=EDGE_CURVE('',#1639,#1636,#1875,.T.);
#1311=EDGE_CURVE('',#1640,#1640,#227,.F.);
#1312=EDGE_CURVE('',#1641,#1642,#1876,.T.);
#1313=EDGE_CURVE('',#1642,#1643,#1877,.F.);
#1314=EDGE_CURVE('',#1643,#1644,#1878,.F.);
#1315=EDGE_CURVE('',#1644,#1641,#1879,.T.);
#1316=EDGE_CURVE('',#1645,#1646,#1880,.F.);
#1317=EDGE_CURVE('',#1646,#1647,#228,.T.);
#1318=EDGE_CURVE('',#1647,#1648,#1881,.F.);
#1319=EDGE_CURVE('',#1648,#1649,#229,.T.);
#1320=EDGE_CURVE('',#1649,#1650,#1882,.T.);
#1321=EDGE_CURVE('',#1650,#1651,#230,.T.);
#1322=EDGE_CURVE('',#1651,#1652,#1883,.T.);
#1323=EDGE_CURVE('',#1652,#1645,#231,.T.);
#1324=EDGE_CURVE('',#1653,#1654,#232,.T.);
#1325=EDGE_CURVE('',#1654,#1655,#1884,.T.);
#1326=EDGE_CURVE('',#1655,#1656,#233,.T.);
#1327=EDGE_CURVE('',#1656,#1657,#1885,.T.);
#1328=EDGE_CURVE('',#1657,#1658,#234,.T.);
#1329=EDGE_CURVE('',#1659,#1658,#1886,.T.);
#1330=EDGE_CURVE('',#1659,#1660,#235,.T.);
#1331=EDGE_CURVE('',#1660,#1653,#1887,.T.);
#1332=EDGE_CURVE('',#1661,#1662,#1888,.T.);
#1333=EDGE_CURVE('',#1662,#1663,#236,.F.);
#1334=EDGE_CURVE('',#1663,#1664,#1889,.T.);
#1335=EDGE_CURVE('',#1664,#1665,#237,.F.);
#1336=EDGE_CURVE('',#1665,#1666,#1890,.T.);
#1337=EDGE_CURVE('',#1666,#1667,#238,.F.);
#1338=EDGE_CURVE('',#1667,#1668,#1891,.T.);
#1339=EDGE_CURVE('',#1668,#1661,#239,.F.);
#1340=EDGE_CURVE('',#1638,#1669,#23,.T.);
#1341=EDGE_CURVE('',#1670,#1669,#1892,.T.);
#1342=EDGE_CURVE('',#1670,#1639,#24,.F.);
#1343=EDGE_CURVE('',#1671,#1672,#1893,.T.);
#1344=EDGE_CURVE('',#1671,#1636,#25,.F.);
#1345=EDGE_CURVE('',#1639,#1672,#26,.T.);
#1346=EDGE_CURVE('',#1673,#1674,#1894,.T.);
#1347=EDGE_CURVE('',#1673,#1638,#27,.F.);
#1348=EDGE_CURVE('',#1637,#1674,#28,.T.);
#1349=EDGE_CURVE('',#1675,#1676,#1895,.T.);
#1350=EDGE_CURVE('',#1675,#1637,#29,.F.);
#1351=EDGE_CURVE('',#1636,#1676,#30,.T.);
#1352=EDGE_CURVE('',#1677,#1677,#240,.T.);
#1353=EDGE_CURVE('',#1678,#1679,#1896,.T.);
#1354=EDGE_CURVE('',#1678,#1644,#31,.F.);
#1355=EDGE_CURVE('',#1643,#1679,#32,.T.);
#1356=EDGE_CURVE('',#1680,#1681,#1897,.T.);
#1357=EDGE_CURVE('',#1680,#1641,#33,.F.);
#1358=EDGE_CURVE('',#1644,#1681,#34,.T.);
#1359=EDGE_CURVE('',#1642,#1682,#35,.T.);
#1360=EDGE_CURVE('',#1683,#1682,#1898,.T.);
#1361=EDGE_CURVE('',#1683,#1643,#36,.F.);
#1362=EDGE_CURVE('',#1684,#1685,#1899,.T.);
#1363=EDGE_CURVE('',#1684,#1642,#37,.F.);
#1364=EDGE_CURVE('',#1641,#1685,#38,.T.);
#1365=EDGE_CURVE('',#1651,#1666,#241,.T.);
#1366=EDGE_CURVE('',#1667,#1650,#242,.T.);
#1367=EDGE_CURVE('',#1668,#1649,#243,.T.);
#1368=EDGE_CURVE('',#1652,#1665,#244,.T.);
#1369=EDGE_CURVE('',#1661,#1648,#245,.T.);
#1370=EDGE_CURVE('',#1645,#1664,#246,.T.);
#1371=EDGE_CURVE('',#1662,#1647,#247,.T.);
#1372=EDGE_CURVE('',#1646,#1663,#248,.T.);
#1373=EDGE_CURVE('',#1669,#1623,#62,.T.);
#1374=EDGE_CURVE('',#1622,#1673,#1900,.T.);
#1375=EDGE_CURVE('',#1674,#1618,#63,.T.);
#1376=EDGE_CURVE('',#1675,#1619,#1901,.T.);
#1377=EDGE_CURVE('',#1671,#1616,#1902,.T.);
#1378=EDGE_CURVE('',#1676,#1615,#64,.T.);
#1379=EDGE_CURVE('',#1613,#1670,#1903,.T.);
#1380=EDGE_CURVE('',#1672,#1612,#65,.T.);
#1381=EDGE_CURVE('',#1682,#1630,#66,.T.);
#1382=EDGE_CURVE('',#1684,#1631,#1904,.T.);
#1383=EDGE_CURVE('',#1680,#1628,#1905,.T.);
#1384=EDGE_CURVE('',#1685,#1627,#67,.T.);
#1385=EDGE_CURVE('',#1625,#1678,#1906,.T.);
#1386=EDGE_CURVE('',#1681,#1624,#68,.T.);
#1387=EDGE_CURVE('',#1679,#1635,#69,.T.);
#1388=EDGE_CURVE('',#1634,#1683,#70,.T.);
#1389=EDGE_CURVE('',#1686,#1654,#1907,.T.);
#1390=EDGE_CURVE('',#1686,#1687,#1908,.T.);
#1391=EDGE_CURVE('',#1687,#1655,#1909,.T.);
#1392=EDGE_CURVE('',#1687,#1688,#249,.T.);
#1393=EDGE_CURVE('',#1688,#1656,#1910,.T.);
#1394=EDGE_CURVE('',#1688,#1689,#1911,.T.);
#1395=EDGE_CURVE('',#1689,#1657,#1912,.T.);
#1396=EDGE_CURVE('',#1689,#1690,#250,.T.);
#1397=EDGE_CURVE('',#1690,#1658,#1913,.T.);
#1398=EDGE_CURVE('',#1691,#1690,#1914,.T.);
#1399=EDGE_CURVE('',#1691,#1659,#1915,.T.);
#1400=EDGE_CURVE('',#1691,#1692,#251,.T.);
#1401=EDGE_CURVE('',#1692,#1660,#1916,.T.);
#1402=EDGE_CURVE('',#1692,#1693,#1917,.T.);
#1403=EDGE_CURVE('',#1693,#1653,#1918,.T.);
#1404=EDGE_CURVE('',#1694,#1633,#1919,.T.);
#1405=EDGE_CURVE('',#1695,#1694,#1920,.T.);
#1406=EDGE_CURVE('',#1695,#1626,#1921,.T.);
#1407=EDGE_CURVE('',#1695,#1696,#1922,.T.);
#1408=EDGE_CURVE('',#1696,#1629,#1923,.T.);
#1409=EDGE_CURVE('',#1696,#1697,#1924,.T.);
#1410=EDGE_CURVE('',#1697,#1632,#1925,.T.);
#1411=EDGE_CURVE('',#1698,#1621,#1926,.T.);
#1412=EDGE_CURVE('',#1699,#1698,#1927,.T.);
#1413=EDGE_CURVE('',#1699,#1614,#1928,.T.);
#1414=EDGE_CURVE('',#1699,#1700,#1929,.T.);
#1415=EDGE_CURVE('',#1700,#1617,#1930,.T.);
#1416=EDGE_CURVE('',#1700,#1701,#1931,.T.);
#1417=EDGE_CURVE('',#1701,#1620,#1932,.T.);
#1418=EDGE_CURVE('',#1694,#1697,#1933,.T.);
#1419=EDGE_CURVE('',#1698,#1701,#1934,.T.);
#1420=EDGE_CURVE('',#1702,#1702,#252,.T.);
#1421=EDGE_CURVE('',#1693,#1686,#253,.T.);
#1422=EDGE_CURVE('',#1703,#1703,#254,.T.);
#1423=EDGE_CURVE('',#1704,#1704,#255,.T.);
#1424=EDGE_CURVE('',#1705,#1705,#256,.T.);
#1425=EDGE_CURVE('',#1706,#1706,#257,.T.);
#1426=EDGE_CURVE('',#1707,#1708,#1935,.T.);
#1427=EDGE_CURVE('',#1708,#1709,#258,.F.);
#1428=EDGE_CURVE('',#1709,#1710,#1936,.T.);
#1429=EDGE_CURVE('',#1710,#1711,#259,.F.);
#1430=EDGE_CURVE('',#1711,#1712,#1937,.T.);
#1431=EDGE_CURVE('',#1712,#1713,#260,.F.);
#1432=EDGE_CURVE('',#1713,#1714,#1938,.T.);
#1433=EDGE_CURVE('',#1714,#1707,#261,.F.);
#1434=EDGE_CURVE('',#1715,#1716,#1939,.F.);
#1435=EDGE_CURVE('',#1716,#1717,#262,.T.);
#1436=EDGE_CURVE('',#1717,#1718,#1940,.T.);
#1437=EDGE_CURVE('',#1718,#1719,#263,.T.);
#1438=EDGE_CURVE('',#1719,#1720,#1941,.T.);
#1439=EDGE_CURVE('',#1720,#1721,#264,.T.);
#1440=EDGE_CURVE('',#1721,#1722,#1942,.F.);
#1441=EDGE_CURVE('',#1722,#1715,#265,.T.);
#1442=EDGE_CURVE('',#1713,#1720,#266,.T.);
#1443=EDGE_CURVE('',#1721,#1712,#267,.T.);
#1444=EDGE_CURVE('',#1722,#1711,#268,.T.);
#1445=EDGE_CURVE('',#1714,#1719,#269,.T.);
#1446=EDGE_CURVE('',#1715,#1710,#270,.T.);
#1447=EDGE_CURVE('',#1707,#1718,#271,.T.);
#1448=EDGE_CURVE('',#1716,#1709,#272,.T.);
#1449=EDGE_CURVE('',#1708,#1717,#273,.T.);
#1450=VERTEX_POINT('',#4043);
#1451=VERTEX_POINT('',#4044);
#1452=VERTEX_POINT('',#4046);
#1453=VERTEX_POINT('',#4048);
#1454=VERTEX_POINT('',#4051);
#1455=VERTEX_POINT('',#4052);
#1456=VERTEX_POINT('',#4054);
#1457=VERTEX_POINT('',#4056);
#1458=VERTEX_POINT('',#4060);
#1459=VERTEX_POINT('',#4061);
#1460=VERTEX_POINT('',#4063);
#1461=VERTEX_POINT('',#4065);
#1462=VERTEX_POINT('',#4068);
#1463=VERTEX_POINT('',#4069);
#1464=VERTEX_POINT('',#4071);
#1465=VERTEX_POINT('',#4073);
#1466=VERTEX_POINT('',#4076);
#1467=VERTEX_POINT('',#4077);
#1468=VERTEX_POINT('',#4079);
#1469=VERTEX_POINT('',#4081);
#1470=VERTEX_POINT('',#4084);
#1471=VERTEX_POINT('',#4085);
#1472=VERTEX_POINT('',#4087);
#1473=VERTEX_POINT('',#4089);
#1474=VERTEX_POINT('',#4093);
#1475=VERTEX_POINT('',#4094);
#1476=VERTEX_POINT('',#4096);
#1477=VERTEX_POINT('',#4098);
#1478=VERTEX_POINT('',#4101);
#1479=VERTEX_POINT('',#4102);
#1480=VERTEX_POINT('',#4104);
#1481=VERTEX_POINT('',#4106);
#1482=VERTEX_POINT('',#4108);
#1483=VERTEX_POINT('',#4110);
#1484=VERTEX_POINT('',#4112);
#1485=VERTEX_POINT('',#4114);
#1486=VERTEX_POINT('',#4118);
#1487=VERTEX_POINT('',#4119);
#1488=VERTEX_POINT('',#4121);
#1489=VERTEX_POINT('',#4123);
#1490=VERTEX_POINT('',#4130);
#1491=VERTEX_POINT('',#4131);
#1492=VERTEX_POINT('',#4136);
#1493=VERTEX_POINT('',#4137);
#1494=VERTEX_POINT('',#4139);
#1495=VERTEX_POINT('',#4141);
#1496=VERTEX_POINT('',#4143);
#1497=VERTEX_POINT('',#4145);
#1498=VERTEX_POINT('',#4147);
#1499=VERTEX_POINT('',#4149);
#1500=VERTEX_POINT('',#4152);
#1501=VERTEX_POINT('',#4153);
#1502=VERTEX_POINT('',#4158);
#1503=VERTEX_POINT('',#4159);
#1504=VERTEX_POINT('',#4164);
#1505=VERTEX_POINT('',#4165);
#1506=VERTEX_POINT('',#4167);
#1507=VERTEX_POINT('',#4169);
#1508=VERTEX_POINT('',#4177);
#1509=VERTEX_POINT('',#4178);
#1510=VERTEX_POINT('',#4180);
#1511=VERTEX_POINT('',#4182);
#1512=VERTEX_POINT('',#4184);
#1513=VERTEX_POINT('',#4186);
#1514=VERTEX_POINT('',#4188);
#1515=VERTEX_POINT('',#4190);
#1516=VERTEX_POINT('',#4194);
#1517=VERTEX_POINT('',#4195);
#1518=VERTEX_POINT('',#4197);
#1519=VERTEX_POINT('',#4199);
#1520=VERTEX_POINT('',#4202);
#1521=VERTEX_POINT('',#4204);
#1522=VERTEX_POINT('',#4208);
#1523=VERTEX_POINT('',#4210);
#1524=VERTEX_POINT('',#4213);
#1525=VERTEX_POINT('',#4215);
#1526=VERTEX_POINT('',#4219);
#1527=VERTEX_POINT('',#4221);
#1528=VERTEX_POINT('',#4225);
#1529=VERTEX_POINT('',#4226);
#1530=VERTEX_POINT('',#4228);
#1531=VERTEX_POINT('',#4230);
#1532=VERTEX_POINT('',#4233);
#1533=VERTEX_POINT('',#4234);
#1534=VERTEX_POINT('',#4237);
#1535=VERTEX_POINT('',#4239);
#1536=VERTEX_POINT('',#4250);
#1537=VERTEX_POINT('',#4251);
#1538=VERTEX_POINT('',#4304);
#1539=VERTEX_POINT('',#4305);
#1540=VERTEX_POINT('',#4307);
#1541=VERTEX_POINT('',#4309);
#1542=VERTEX_POINT('',#4313);
#1543=VERTEX_POINT('',#4315);
#1544=VERTEX_POINT('',#4319);
#1545=VERTEX_POINT('',#4321);
#1546=VERTEX_POINT('',#4325);
#1547=VERTEX_POINT('',#4327);
#1548=VERTEX_POINT('',#4334);
#1549=VERTEX_POINT('',#4336);
#1550=VERTEX_POINT('',#4345);
#1551=VERTEX_POINT('',#4347);
#1552=VERTEX_POINT('',#4354);
#1553=VERTEX_POINT('',#4356);
#1554=VERTEX_POINT('',#4360);
#1555=VERTEX_POINT('',#4362);
#1556=VERTEX_POINT('',#4364);
#1557=VERTEX_POINT('',#4366);
#1558=VERTEX_POINT('',#4368);
#1559=VERTEX_POINT('',#4370);
#1560=VERTEX_POINT('',#4372);
#1561=VERTEX_POINT('',#4374);
#1562=VERTEX_POINT('',#4376);
#1563=VERTEX_POINT('',#4378);
#1564=VERTEX_POINT('',#4380);
#1565=VERTEX_POINT('',#4382);
#1566=VERTEX_POINT('',#4384);
#1567=VERTEX_POINT('',#4386);
#1568=VERTEX_POINT('',#4388);
#1569=VERTEX_POINT('',#4390);
#1570=VERTEX_POINT('',#4392);
#1571=VERTEX_POINT('',#4394);
#1572=VERTEX_POINT('',#4396);
#1573=VERTEX_POINT('',#4398);
#1574=VERTEX_POINT('',#4402);
#1575=VERTEX_POINT('',#4404);
#1576=VERTEX_POINT('',#4406);
#1577=VERTEX_POINT('',#4408);
#1578=VERTEX_POINT('',#4410);
#1579=VERTEX_POINT('',#4412);
#1580=VERTEX_POINT('',#4414);
#1581=VERTEX_POINT('',#4416);
#1582=VERTEX_POINT('',#4418);
#1583=VERTEX_POINT('',#4420);
#1584=VERTEX_POINT('',#4422);
#1585=VERTEX_POINT('',#4424);
#1586=VERTEX_POINT('',#4426);
#1587=VERTEX_POINT('',#4428);
#1588=VERTEX_POINT('',#4430);
#1589=VERTEX_POINT('',#4432);
#1590=VERTEX_POINT('',#4434);
#1591=VERTEX_POINT('',#4436);
#1592=VERTEX_POINT('',#4438);
#1593=VERTEX_POINT('',#4440);
#1594=VERTEX_POINT('',#4468);
#1595=VERTEX_POINT('',#4470);
#1596=VERTEX_POINT('',#4474);
#1597=VERTEX_POINT('',#4476);
#1598=VERTEX_POINT('',#4480);
#1599=VERTEX_POINT('',#4482);
#1600=VERTEX_POINT('',#4484);
#1601=VERTEX_POINT('',#4486);
#1602=VERTEX_POINT('',#4488);
#1603=VERTEX_POINT('',#4490);
#1604=VERTEX_POINT('',#4492);
#1605=VERTEX_POINT('',#4496);
#1606=VERTEX_POINT('',#4498);
#1607=VERTEX_POINT('',#4500);
#1608=VERTEX_POINT('',#4502);
#1609=VERTEX_POINT('',#4504);
#1610=VERTEX_POINT('',#4506);
#1611=VERTEX_POINT('',#4508);
#1612=VERTEX_POINT('',#4527);
#1613=VERTEX_POINT('',#4528);
#1614=VERTEX_POINT('',#4530);
#1615=VERTEX_POINT('',#4538);
#1616=VERTEX_POINT('',#4539);
#1617=VERTEX_POINT('',#4541);
#1618=VERTEX_POINT('',#4549);
#1619=VERTEX_POINT('',#4550);
#1620=VERTEX_POINT('',#4552);
#1621=VERTEX_POINT('',#4556);
#1622=VERTEX_POINT('',#4557);
#1623=VERTEX_POINT('',#4559);
#1624=VERTEX_POINT('',#4571);
#1625=VERTEX_POINT('',#4572);
#1626=VERTEX_POINT('',#4574);
#1627=VERTEX_POINT('',#4582);
#1628=VERTEX_POINT('',#4583);
#1629=VERTEX_POINT('',#4585);
#1630=VERTEX_POINT('',#4593);
#1631=VERTEX_POINT('',#4594);
#1632=VERTEX_POINT('',#4596);
#1633=VERTEX_POINT('',#4600);
#1634=VERTEX_POINT('',#4601);
#1635=VERTEX_POINT('',#4603);
#1636=VERTEX_POINT('',#4611);
#1637=VERTEX_POINT('',#4612);
#1638=VERTEX_POINT('',#4614);
#1639=VERTEX_POINT('',#4616);
#1640=VERTEX_POINT('',#4619);
#1641=VERTEX_POINT('',#4621);
#1642=VERTEX_POINT('',#4622);
#1643=VERTEX_POINT('',#4624);
#1644=VERTEX_POINT('',#4626);
#1645=VERTEX_POINT('',#4629);
#1646=VERTEX_POINT('',#4630);
#1647=VERTEX_POINT('',#4632);
#1648=VERTEX_POINT('',#4634);
#1649=VERTEX_POINT('',#4636);
#1650=VERTEX_POINT('',#4638);
#1651=VERTEX_POINT('',#4640);
#1652=VERTEX_POINT('',#4642);
#1653=VERTEX_POINT('',#4646);
#1654=VERTEX_POINT('',#4647);
#1655=VERTEX_POINT('',#4649);
#1656=VERTEX_POINT('',#4651);
#1657=VERTEX_POINT('',#4653);
#1658=VERTEX_POINT('',#4655);
#1659=VERTEX_POINT('',#4657);
#1660=VERTEX_POINT('',#4659);
#1661=VERTEX_POINT('',#4662);
#1662=VERTEX_POINT('',#4663);
#1663=VERTEX_POINT('',#4665);
#1664=VERTEX_POINT('',#4667);
#1665=VERTEX_POINT('',#4669);
#1666=VERTEX_POINT('',#4671);
#1667=VERTEX_POINT('',#4673);
#1668=VERTEX_POINT('',#4675);
#1669=VERTEX_POINT('',#4679);
#1670=VERTEX_POINT('',#4681);
#1671=VERTEX_POINT('',#4685);
#1672=VERTEX_POINT('',#4686);
#1673=VERTEX_POINT('',#4691);
#1674=VERTEX_POINT('',#4692);
#1675=VERTEX_POINT('',#4697);
#1676=VERTEX_POINT('',#4698);
#1677=VERTEX_POINT('',#4703);
#1678=VERTEX_POINT('',#4706);
#1679=VERTEX_POINT('',#4707);
#1680=VERTEX_POINT('',#4712);
#1681=VERTEX_POINT('',#4713);
#1682=VERTEX_POINT('',#4718);
#1683=VERTEX_POINT('',#4720);
#1684=VERTEX_POINT('',#4724);
#1685=VERTEX_POINT('',#4725);
#1686=VERTEX_POINT('',#4957);
#1687=VERTEX_POINT('',#4959);
#1688=VERTEX_POINT('',#4963);
#1689=VERTEX_POINT('',#4967);
#1690=VERTEX_POINT('',#4971);
#1691=VERTEX_POINT('',#4975);
#1692=VERTEX_POINT('',#4979);
#1693=VERTEX_POINT('',#4983);
#1694=VERTEX_POINT('',#4987);
#1695=VERTEX_POINT('',#4989);
#1696=VERTEX_POINT('',#4993);
#1697=VERTEX_POINT('',#4997);
#1698=VERTEX_POINT('',#5001);
#1699=VERTEX_POINT('',#5003);
#1700=VERTEX_POINT('',#5007);
#1701=VERTEX_POINT('',#5011);
#1702=VERTEX_POINT('',#5019);
#1703=VERTEX_POINT('',#5026);
#1704=VERTEX_POINT('',#5028);
#1705=VERTEX_POINT('',#5031);
#1706=VERTEX_POINT('',#5033);
#1707=VERTEX_POINT('',#5037);
#1708=VERTEX_POINT('',#5038);
#1709=VERTEX_POINT('',#5040);
#1710=VERTEX_POINT('',#5042);
#1711=VERTEX_POINT('',#5044);
#1712=VERTEX_POINT('',#5046);
#1713=VERTEX_POINT('',#5048);
#1714=VERTEX_POINT('',#5050);
#1715=VERTEX_POINT('',#5054);
#1716=VERTEX_POINT('',#5055);
#1717=VERTEX_POINT('',#5057);
#1718=VERTEX_POINT('',#5059);
#1719=VERTEX_POINT('',#5061);
#1720=VERTEX_POINT('',#5063);
#1721=VERTEX_POINT('',#5065);
#1722=VERTEX_POINT('',#5067);
#1723=LINE('',#4042,#1943);
#1724=LINE('',#4045,#1944);
#1725=LINE('',#4047,#1945);
#1726=LINE('',#4049,#1946);
#1727=LINE('',#4050,#1947);
#1728=LINE('',#4055,#1948);
#1729=LINE('',#4059,#1949);
#1730=LINE('',#4062,#1950);
#1731=LINE('',#4064,#1951);
#1732=LINE('',#4066,#1952);
#1733=LINE('',#4067,#1953);
#1734=LINE('',#4070,#1954);
#1735=LINE('',#4072,#1955);
#1736=LINE('',#4074,#1956);
#1737=LINE('',#4075,#1957);
#1738=LINE('',#4078,#1958);
#1739=LINE('',#4080,#1959);
#1740=LINE('',#4082,#1960);
#1741=LINE('',#4083,#1961);
#1742=LINE('',#4088,#1962);
#1743=LINE('',#4092,#1963);
#1744=LINE('',#4095,#1964);
#1745=LINE('',#4097,#1965);
#1746=LINE('',#4099,#1966);
#1747=LINE('',#4103,#1967);
#1748=LINE('',#4107,#1968);
#1749=LINE('',#4111,#1969);
#1750=LINE('',#4115,#1970);
#1751=LINE('',#4117,#1971);
#1752=LINE('',#4120,#1972);
#1753=LINE('',#4122,#1973);
#1754=LINE('',#4124,#1974);
#1755=LINE('',#4129,#1975);
#1756=LINE('',#4138,#1976);
#1757=LINE('',#4142,#1977);
#1758=LINE('',#4146,#1978);
#1759=LINE('',#4150,#1979);
#1760=LINE('',#4151,#1980);
#1761=LINE('',#4154,#1981);
#1762=LINE('',#4155,#1982);
#1763=LINE('',#4157,#1983);
#1764=LINE('',#4163,#1984);
#1765=LINE('',#4166,#1985);
#1766=LINE('',#4170,#1986);
#1767=LINE('',#4171,#1987);
#1768=LINE('',#4179,#1988);
#1769=LINE('',#4183,#1989);
#1770=LINE('',#4187,#1990);
#1771=LINE('',#4191,#1991);
#1772=LINE('',#4193,#1992);
#1773=LINE('',#4198,#1993);
#1774=LINE('',#4203,#1994);
#1775=LINE('',#4207,#1995);
#1776=LINE('',#4209,#1996);
#1777=LINE('',#4211,#1997);
#1778=LINE('',#4212,#1998);
#1779=LINE('',#4214,#1999);
#1780=LINE('',#4216,#2000);
#1781=LINE('',#4222,#2001);
#1782=LINE('',#4224,#2002);
#1783=LINE('',#4227,#2003);
#1784=LINE('',#4229,#2004);
#1785=LINE('',#4231,#2005);
#1786=LINE('',#4235,#2006);
#1787=LINE('',#4236,#2007);
#1788=LINE('',#4238,#2008);
#1789=LINE('',#4240,#2009);
#1790=LINE('',#4249,#2010);
#1791=LINE('',#4252,#2011);
#1792=LINE('',#4253,#2012);
#1793=LINE('',#4255,#2013);
#1794=LINE('',#4256,#2014);
#1795=LINE('',#4258,#2015);
#1796=LINE('',#4260,#2016);
#1797=LINE('',#4262,#2017);
#1798=LINE('',#4264,#2018);
#1799=LINE('',#4266,#2019);
#1800=LINE('',#4268,#2020);
#1801=LINE('',#4279,#2021);
#1802=LINE('',#4280,#2022);
#1803=LINE('',#4282,#2023);
#1804=LINE('',#4284,#2024);
#1805=LINE('',#4303,#2025);
#1806=LINE('',#4306,#2026);
#1807=LINE('',#4308,#2027);
#1808=LINE('',#4310,#2028);
#1809=LINE('',#4312,#2029);
#1810=LINE('',#4314,#2030);
#1811=LINE('',#4316,#2031);
#1812=LINE('',#4318,#2032);
#1813=LINE('',#4320,#2033);
#1814=LINE('',#4322,#2034);
#1815=LINE('',#4324,#2035);
#1816=LINE('',#4326,#2036);
#1817=LINE('',#4328,#2037);
#1818=LINE('',#4330,#2038);
#1819=LINE('',#4331,#2039);
#1820=LINE('',#4333,#2040);
#1821=LINE('',#4335,#2041);
#1822=LINE('',#4337,#2042);
#1823=LINE('',#4339,#2043);
#1824=LINE('',#4340,#2044);
#1825=LINE('',#4344,#2045);
#1826=LINE('',#4346,#2046);
#1827=LINE('',#4348,#2047);
#1828=LINE('',#4350,#2048);
#1829=LINE('',#4351,#2049);
#1830=LINE('',#4353,#2050);
#1831=LINE('',#4355,#2051);
#1832=LINE('',#4357,#2052);
#1833=LINE('',#4393,#2053);
#1834=LINE('',#4395,#2054);
#1835=LINE('',#4399,#2055);
#1836=LINE('',#4435,#2056);
#1837=LINE('',#4439,#2057);
#1838=LINE('',#4441,#2058);
#1839=LINE('',#4443,#2059);
#1840=LINE('',#4445,#2060);
#1841=LINE('',#4447,#2061);
#1842=LINE('',#4467,#2062);
#1843=LINE('',#4469,#2063);
#1844=LINE('',#4471,#2064);
#1845=LINE('',#4473,#2065);
#1846=LINE('',#4475,#2066);
#1847=LINE('',#4477,#2067);
#1848=LINE('',#4489,#2068);
#1849=LINE('',#4491,#2069);
#1850=LINE('',#4493,#2070);
#1851=LINE('',#4505,#2071);
#1852=LINE('',#4507,#2072);
#1853=LINE('',#4509,#2073);
#1854=LINE('',#4511,#2074);
#1855=LINE('',#4513,#2075);
#1856=LINE('',#4529,#2076);
#1857=LINE('',#4531,#2077);
#1858=LINE('',#4540,#2078);
#1859=LINE('',#4542,#2079);
#1860=LINE('',#4551,#2080);
#1861=LINE('',#4553,#2081);
#1862=LINE('',#4555,#2082);
#1863=LINE('',#4558,#2083);
#1864=LINE('',#4573,#2084);
#1865=LINE('',#4575,#2085);
#1866=LINE('',#4584,#2086);
#1867=LINE('',#4586,#2087);
#1868=LINE('',#4595,#2088);
#1869=LINE('',#4597,#2089);
#1870=LINE('',#4599,#2090);
#1871=LINE('',#4602,#2091);
#1872=LINE('',#4610,#2092);
#1873=LINE('',#4613,#2093);
#1874=LINE('',#4615,#2094);
#1875=LINE('',#4617,#2095);
#1876=LINE('',#4620,#2096);
#1877=LINE('',#4623,#2097);
#1878=LINE('',#4625,#2098);
#1879=LINE('',#4627,#2099);
#1880=LINE('',#4628,#2100);
#1881=LINE('',#4633,#2101);
#1882=LINE('',#4637,#2102);
#1883=LINE('',#4641,#2103);
#1884=LINE('',#4648,#2104);
#1885=LINE('',#4652,#2105);
#1886=LINE('',#4656,#2106);
#1887=LINE('',#4660,#2107);
#1888=LINE('',#4661,#2108);
#1889=LINE('',#4666,#2109);
#1890=LINE('',#4670,#2110);
#1891=LINE('',#4674,#2111);
#1892=LINE('',#4680,#2112);
#1893=LINE('',#4684,#2113);
#1894=LINE('',#4690,#2114);
#1895=LINE('',#4696,#2115);
#1896=LINE('',#4705,#2116);
#1897=LINE('',#4711,#2117);
#1898=LINE('',#4719,#2118);
#1899=LINE('',#4723,#2119);
#1900=LINE('',#4769,#2120);
#1901=LINE('',#4795,#2121);
#1902=LINE('',#4817,#2122);
#1903=LINE('',#4843,#2123);
#1904=LINE('',#4873,#2124);
#1905=LINE('',#4895,#2125);
#1906=LINE('',#4921,#2126);
#1907=LINE('',#4956,#2127);
#1908=LINE('',#4958,#2128);
#1909=LINE('',#4960,#2129);
#1910=LINE('',#4964,#2130);
#1911=LINE('',#4966,#2131);
#1912=LINE('',#4968,#2132);
#1913=LINE('',#4972,#2133);
#1914=LINE('',#4974,#2134);
#1915=LINE('',#4976,#2135);
#1916=LINE('',#4980,#2136);
#1917=LINE('',#4982,#2137);
#1918=LINE('',#4984,#2138);
#1919=LINE('',#4986,#2139);
#1920=LINE('',#4988,#2140);
#1921=LINE('',#4990,#2141);
#1922=LINE('',#4992,#2142);
#1923=LINE('',#4994,#2143);
#1924=LINE('',#4996,#2144);
#1925=LINE('',#4998,#2145);
#1926=LINE('',#5000,#2146);
#1927=LINE('',#5002,#2147);
#1928=LINE('',#5004,#2148);
#1929=LINE('',#5006,#2149);
#1930=LINE('',#5008,#2150);
#1931=LINE('',#5010,#2151);
#1932=LINE('',#5012,#2152);
#1933=LINE('',#5014,#2153);
#1934=LINE('',#5016,#2154);
#1935=LINE('',#5036,#2155);
#1936=LINE('',#5041,#2156);
#1937=LINE('',#5045,#2157);
#1938=LINE('',#5049,#2158);
#1939=LINE('',#5053,#2159);
#1940=LINE('',#5058,#2160);
#1941=LINE('',#5062,#2161);
#1942=LINE('',#5066,#2162);
#1943=VECTOR('',#3216,1.);
#1944=VECTOR('',#3217,1.);
#1945=VECTOR('',#3218,1.);
#1946=VECTOR('',#3219,1.);
#1947=VECTOR('',#3220,1.);
#1948=VECTOR('',#3223,1.);
#1949=VECTOR('',#3228,1.);
#1950=VECTOR('',#3229,1.);
#1951=VECTOR('',#3230,1.);
#1952=VECTOR('',#3231,1.);
#1953=VECTOR('',#3232,1.);
#1954=VECTOR('',#3233,1.);
#1955=VECTOR('',#3234,1.);
#1956=VECTOR('',#3235,1.);
#1957=VECTOR('',#3236,1.);
#1958=VECTOR('',#3237,1.);
#1959=VECTOR('',#3238,1.);
#1960=VECTOR('',#3239,1.);
#1961=VECTOR('',#3240,1.);
#1962=VECTOR('',#3243,1.);
#1963=VECTOR('',#3248,1.);
#1964=VECTOR('',#3249,1.);
#1965=VECTOR('',#3250,1.);
#1966=VECTOR('',#3251,1.);
#1967=VECTOR('',#3254,1.);
#1968=VECTOR('',#3257,1.);
#1969=VECTOR('',#3260,1.);
#1970=VECTOR('',#3263,1.);
#1971=VECTOR('',#3266,1.);
#1972=VECTOR('',#3267,1.);
#1973=VECTOR('',#3268,1.);
#1974=VECTOR('',#3269,1.);
#1975=VECTOR('',#3278,1.);
#1976=VECTOR('',#3287,1.);
#1977=VECTOR('',#3290,1.);
#1978=VECTOR('',#3293,1.);
#1979=VECTOR('',#3296,1.);
#1980=VECTOR('',#3297,1.);
#1981=VECTOR('',#3298,1.);
#1982=VECTOR('',#3299,1.);
#1983=VECTOR('',#3302,1.);
#1984=VECTOR('',#3309,1.);
#1985=VECTOR('',#3310,1.);
#1986=VECTOR('',#3313,1.);
#1987=VECTOR('',#3314,1.);
#1988=VECTOR('',#3325,1.);
#1989=VECTOR('',#3328,1.);
#1990=VECTOR('',#3331,1.);
#1991=VECTOR('',#3334,1.);
#1992=VECTOR('',#3337,1.);
#1993=VECTOR('',#3340,1.);
#1994=VECTOR('',#3345,1.);
#1995=VECTOR('',#3350,1.);
#1996=VECTOR('',#3351,1.);
#1997=VECTOR('',#3352,1.);
#1998=VECTOR('',#3353,1.);
#1999=VECTOR('',#3354,1.);
#2000=VECTOR('',#3355,1.);
#2001=VECTOR('',#3362,1.);
#2002=VECTOR('',#3365,1.);
#2003=VECTOR('',#3366,1.);
#2004=VECTOR('',#3367,1.);
#2005=VECTOR('',#3368,1.);
#2006=VECTOR('',#3371,1.);
#2007=VECTOR('',#3372,1.);
#2008=VECTOR('',#3373,1.);
#2009=VECTOR('',#3374,1.);
#2010=VECTOR('',#3391,1.);
#2011=VECTOR('',#3392,1.);
#2012=VECTOR('',#3393,1.);
#2013=VECTOR('',#3396,1.);
#2014=VECTOR('',#3397,1.);
#2015=VECTOR('',#3400,1.);
#2016=VECTOR('',#3403,1.);
#2017=VECTOR('',#3406,1.);
#2018=VECTOR('',#3409,1.);
#2019=VECTOR('',#3412,1.);
#2020=VECTOR('',#3415,1.);
#2021=VECTOR('',#3426,1.);
#2022=VECTOR('',#3427,1.);
#2023=VECTOR('',#3430,1.);
#2024=VECTOR('',#3433,1.);
#2025=VECTOR('',#3470,1.);
#2026=VECTOR('',#3471,1.);
#2027=VECTOR('',#3472,1.);
#2028=VECTOR('',#3473,1.);
#2029=VECTOR('',#3476,1.);
#2030=VECTOR('',#3477,1.);
#2031=VECTOR('',#3478,1.);
#2032=VECTOR('',#3481,1.);
#2033=VECTOR('',#3482,1.);
#2034=VECTOR('',#3483,1.);
#2035=VECTOR('',#3486,1.);
#2036=VECTOR('',#3487,1.);
#2037=VECTOR('',#3488,1.);
#2038=VECTOR('',#3491,1.);
#2039=VECTOR('',#3492,1.);
#2040=VECTOR('',#3495,1.);
#2041=VECTOR('',#3496,1.);
#2042=VECTOR('',#3497,1.);
#2043=VECTOR('',#3500,1.);
#2044=VECTOR('',#3501,1.);
#2045=VECTOR('',#3508,1.);
#2046=VECTOR('',#3509,1.);
#2047=VECTOR('',#3510,1.);
#2048=VECTOR('',#3513,1.);
#2049=VECTOR('',#3514,1.);
#2050=VECTOR('',#3517,1.);
#2051=VECTOR('',#3518,1.);
#2052=VECTOR('',#3519,1.);
#2053=VECTOR('',#3556,1.);
#2054=VECTOR('',#3557,1.);
#2055=VECTOR('',#3560,1.);
#2056=VECTOR('',#3597,1.);
#2057=VECTOR('',#3600,1.);
#2058=VECTOR('',#3601,1.);
#2059=VECTOR('',#3604,1.);
#2060=VECTOR('',#3607,1.);
#2061=VECTOR('',#3610,1.);
#2062=VECTOR('',#3649,1.);
#2063=VECTOR('',#3650,1.);
#2064=VECTOR('',#3651,1.);
#2065=VECTOR('',#3654,1.);
#2066=VECTOR('',#3655,1.);
#2067=VECTOR('',#3656,1.);
#2068=VECTOR('',#3669,1.);
#2069=VECTOR('',#3670,1.);
#2070=VECTOR('',#3671,1.);
#2071=VECTOR('',#3684,1.);
#2072=VECTOR('',#3685,1.);
#2073=VECTOR('',#3686,1.);
#2074=VECTOR('',#3689,1.);
#2075=VECTOR('',#3692,1.);
#2076=VECTOR('',#3709,1.);
#2077=VECTOR('',#3710,1.);
#2078=VECTOR('',#3713,1.);
#2079=VECTOR('',#3714,1.);
#2080=VECTOR('',#3717,1.);
#2081=VECTOR('',#3718,1.);
#2082=VECTOR('',#3721,1.);
#2083=VECTOR('',#3722,1.);
#2084=VECTOR('',#3725,1.);
#2085=VECTOR('',#3726,1.);
#2086=VECTOR('',#3729,1.);
#2087=VECTOR('',#3730,1.);
#2088=VECTOR('',#3733,1.);
#2089=VECTOR('',#3734,1.);
#2090=VECTOR('',#3737,1.);
#2091=VECTOR('',#3738,1.);
#2092=VECTOR('',#3741,1.);
#2093=VECTOR('',#3742,1.);
#2094=VECTOR('',#3743,1.);
#2095=VECTOR('',#3744,1.);
#2096=VECTOR('',#3747,1.);
#2097=VECTOR('',#3748,1.);
#2098=VECTOR('',#3749,1.);
#2099=VECTOR('',#3750,1.);
#2100=VECTOR('',#3751,1.);
#2101=VECTOR('',#3754,1.);
#2102=VECTOR('',#3757,1.);
#2103=VECTOR('',#3760,1.);
#2104=VECTOR('',#3767,1.);
#2105=VECTOR('',#3770,1.);
#2106=VECTOR('',#3773,1.);
#2107=VECTOR('',#3776,1.);
#2108=VECTOR('',#3777,1.);
#2109=VECTOR('',#3780,1.);
#2110=VECTOR('',#3783,1.);
#2111=VECTOR('',#3786,1.);
#2112=VECTOR('',#3793,1.);
#2113=VECTOR('',#3798,1.);
#2114=VECTOR('',#3805,1.);
#2115=VECTOR('',#3812,1.);
#2116=VECTOR('',#3823,1.);
#2117=VECTOR('',#3830,1.);
#2118=VECTOR('',#3839,1.);
#2119=VECTOR('',#3844,1.);
#2120=VECTOR('',#3881,1.);
#2121=VECTOR('',#3882,1.);
#2122=VECTOR('',#3883,1.);
#2123=VECTOR('',#3884,1.);
#2124=VECTOR('',#3885,1.);
#2125=VECTOR('',#3886,1.);
#2126=VECTOR('',#3887,1.);
#2127=VECTOR('',#3890,1.);
#2128=VECTOR('',#3891,1.);
#2129=VECTOR('',#3892,1.);
#2130=VECTOR('',#3897,1.);
#2131=VECTOR('',#3900,1.);
#2132=VECTOR('',#3901,1.);
#2133=VECTOR('',#3906,1.);
#2134=VECTOR('',#3909,1.);
#2135=VECTOR('',#3910,1.);
#2136=VECTOR('',#3915,1.);
#2137=VECTOR('',#3918,1.);
#2138=VECTOR('',#3919,1.);
#2139=VECTOR('',#3922,1.);
#2140=VECTOR('',#3923,1.);
#2141=VECTOR('',#3924,1.);
#2142=VECTOR('',#3927,1.);
#2143=VECTOR('',#3928,1.);
#2144=VECTOR('',#3931,1.);
#2145=VECTOR('',#3932,1.);
#2146=VECTOR('',#3935,1.);
#2147=VECTOR('',#3936,1.);
#2148=VECTOR('',#3937,1.);
#2149=VECTOR('',#3940,1.);
#2150=VECTOR('',#3941,1.);
#2151=VECTOR('',#3944,1.);
#2152=VECTOR('',#3945,1.);
#2153=VECTOR('',#3948,1.);
#2154=VECTOR('',#3951,1.);
#2155=VECTOR('',#3980,1.);
#2156=VECTOR('',#3983,1.);
#2157=VECTOR('',#3986,1.);
#2158=VECTOR('',#3989,1.);
#2159=VECTOR('',#3994,1.);
#2160=VECTOR('',#3997,1.);
#2161=VECTOR('',#4000,1.);
#2162=VECTOR('',#4003,1.);
#2163=EDGE_LOOP('',(#274,#275,#276,#277));
#2164=EDGE_LOOP('',(#278,#279,#280,#281));
#2165=EDGE_LOOP('',(#282,#283,#284,#285));
#2166=EDGE_LOOP('',(#286,#287,#288,#289));
#2167=EDGE_LOOP('',(#290,#291,#292,#293));
#2168=EDGE_LOOP('',(#294,#295,#296,#297));
#2169=EDGE_LOOP('',(#298,#299,#300,#301));
#2170=EDGE_LOOP('',(#302,#303,#304,#305,#306,#307,#308,#309));
#2171=EDGE_LOOP('',(#310,#311,#312,#313));
#2172=EDGE_LOOP('',(#314,#315,#316,#317));
#2173=EDGE_LOOP('',(#318,#319,#320,#321));
#2174=EDGE_LOOP('',(#322,#323,#324,#325,#326,#327,#328,#329));
#2175=EDGE_LOOP('',(#330,#331,#332,#333));
#2176=EDGE_LOOP('',(#334,#335,#336,#337));
#2177=EDGE_LOOP('',(#338,#339,#340,#341,#342,#343));
#2178=EDGE_LOOP('',(#344,#345,#346,#347));
#2179=EDGE_LOOP('',(#348,#349,#350,#351,#352,#353,#354,#355));
#2180=EDGE_LOOP('',(#356,#357,#358,#359,#360,#361,#362,#363));
#2181=EDGE_LOOP('',(#364,#365,#366,#367,#368,#369,#370,#371));
#2182=EDGE_LOOP('',(#372,#373,#374,#375));
#2183=EDGE_LOOP('',(#376,#377,#378,#379));
#2184=EDGE_LOOP('',(#380,#381,#382,#383,#384,#385));
#2185=EDGE_LOOP('',(#386,#387,#388,#389));
#2186=EDGE_LOOP('',(#390,#391,#392,#393));
#2187=EDGE_LOOP('',(#394,#395,#396,#397,#398,#399,#400,#401));
#2188=EDGE_LOOP('',(#402,#403,#404,#405,#406,#407,#408,#409));
#2189=EDGE_LOOP('',(#410,#411,#412,#413,#414,#415,#416,#417,#418,#419,#420,
#421));
#2190=EDGE_LOOP('',(#422,#423,#424,#425));
#2191=EDGE_LOOP('',(#426,#427,#428,#429));
#2192=EDGE_LOOP('',(#430,#431,#432,#433));
#2193=EDGE_LOOP('',(#434,#435,#436,#437));
#2194=EDGE_LOOP('',(#438,#439,#440,#441));
#2195=EDGE_LOOP('',(#442,#443,#444,#445));
#2196=EDGE_LOOP('',(#446,#447,#448,#449));
#2197=EDGE_LOOP('',(#450,#451,#452,#453));
#2198=EDGE_LOOP('',(#454,#455));
#2199=EDGE_LOOP('',(#456,#457,#458,#459));
#2200=EDGE_LOOP('',(#460,#461));
#2201=EDGE_LOOP('',(#462,#463,#464,#465));
#2202=EDGE_LOOP('',(#466,#467,#468,#469));
#2203=EDGE_LOOP('',(#470,#471,#472,#473));
#2204=EDGE_LOOP('',(#474,#475,#476,#477));
#2205=EDGE_LOOP('',(#478,#479,#480,#481));
#2206=EDGE_LOOP('',(#482,#483,#484,#485));
#2207=EDGE_LOOP('',(#486,#487,#488,#489));
#2208=EDGE_LOOP('',(#490,#491,#492,#493,#494,#495));
#2209=EDGE_LOOP('',(#496,#497,#498,#499));
#2210=EDGE_LOOP('',(#500,#501,#502,#503));
#2211=EDGE_LOOP('',(#504,#505,#506,#507));
#2212=EDGE_LOOP('',(#508,#509,#510,#511));
#2213=EDGE_LOOP('',(#512,#513,#514,#515));
#2214=EDGE_LOOP('',(#516,#517,#518,#519));
#2215=EDGE_LOOP('',(#520,#521,#522,#523));
#2216=EDGE_LOOP('',(#524,#525,#526,#527));
#2217=EDGE_LOOP('',(#528,#529,#530,#531));
#2218=EDGE_LOOP('',(#532,#533,#534,#535));
#2219=EDGE_LOOP('',(#536,#537,#538,#539));
#2220=EDGE_LOOP('',(#540,#541,#542,#543,#544,#545,#546,#547));
#2221=EDGE_LOOP('',(#548,#549,#550,#551,#552,#553,#554,#555));
#2222=EDGE_LOOP('',(#556,#557,#558,#559));
#2223=EDGE_LOOP('',(#560,#561,#562,#563));
#2224=EDGE_LOOP('',(#564,#565,#566,#567));
#2225=EDGE_LOOP('',(#568));
#2226=EDGE_LOOP('',(#569));
#2227=EDGE_LOOP('',(#570));
#2228=EDGE_LOOP('',(#571));
#2229=EDGE_LOOP('',(#572));
#2230=EDGE_LOOP('',(#573));
#2231=EDGE_LOOP('',(#574));
#2232=EDGE_LOOP('',(#575));
#2233=EDGE_LOOP('',(#576));
#2234=EDGE_LOOP('',(#577));
#2235=EDGE_LOOP('',(#578));
#2236=EDGE_LOOP('',(#579));
#2237=EDGE_LOOP('',(#580));
#2238=EDGE_LOOP('',(#581));
#2239=EDGE_LOOP('',(#582));
#2240=EDGE_LOOP('',(#583));
#2241=EDGE_LOOP('',(#584));
#2242=EDGE_LOOP('',(#585,#586,#587,#588,#589,#590,#591,#592,#593,#594));
#2243=EDGE_LOOP('',(#595));
#2244=EDGE_LOOP('',(#596));
#2245=EDGE_LOOP('',(#597));
#2246=EDGE_LOOP('',(#598));
#2247=EDGE_LOOP('',(#599));
#2248=EDGE_LOOP('',(#600));
#2249=EDGE_LOOP('',(#601));
#2250=EDGE_LOOP('',(#602));
#2251=EDGE_LOOP('',(#603));
#2252=EDGE_LOOP('',(#604));
#2253=EDGE_LOOP('',(#605));
#2254=EDGE_LOOP('',(#606));
#2255=EDGE_LOOP('',(#607));
#2256=EDGE_LOOP('',(#608));
#2257=EDGE_LOOP('',(#609));
#2258=EDGE_LOOP('',(#610));
#2259=EDGE_LOOP('',(#611));
#2260=EDGE_LOOP('',(#612,#613,#614,#615,#616,#617,#618,#619,#620,#621));
#2261=EDGE_LOOP('',(#622,#623,#624,#625));
#2262=EDGE_LOOP('',(#626,#627,#628,#629));
#2263=EDGE_LOOP('',(#630,#631,#632,#633));
#2264=EDGE_LOOP('',(#634,#635,#636,#637));
#2265=EDGE_LOOP('',(#638));
#2266=EDGE_LOOP('',(#639));
#2267=EDGE_LOOP('',(#640));
#2268=EDGE_LOOP('',(#641));
#2269=EDGE_LOOP('',(#642));
#2270=EDGE_LOOP('',(#643));
#2271=EDGE_LOOP('',(#644));
#2272=EDGE_LOOP('',(#645));
#2273=EDGE_LOOP('',(#646));
#2274=EDGE_LOOP('',(#647));
#2275=EDGE_LOOP('',(#648));
#2276=EDGE_LOOP('',(#649));
#2277=EDGE_LOOP('',(#650));
#2278=EDGE_LOOP('',(#651));
#2279=EDGE_LOOP('',(#652));
#2280=EDGE_LOOP('',(#653));
#2281=EDGE_LOOP('',(#654));
#2282=EDGE_LOOP('',(#655));
#2283=EDGE_LOOP('',(#656));
#2284=EDGE_LOOP('',(#657));
#2285=EDGE_LOOP('',(#658));
#2286=EDGE_LOOP('',(#659));
#2287=EDGE_LOOP('',(#660));
#2288=EDGE_LOOP('',(#661));
#2289=EDGE_LOOP('',(#662));
#2290=EDGE_LOOP('',(#663));
#2291=EDGE_LOOP('',(#664));
#2292=EDGE_LOOP('',(#665));
#2293=EDGE_LOOP('',(#666));
#2294=EDGE_LOOP('',(#667));
#2295=EDGE_LOOP('',(#668));
#2296=EDGE_LOOP('',(#669));
#2297=EDGE_LOOP('',(#670));
#2298=EDGE_LOOP('',(#671));
#2299=EDGE_LOOP('',(#672,#673,#674,#675));
#2300=EDGE_LOOP('',(#676,#677,#678,#679));
#2301=EDGE_LOOP('',(#680));
#2302=EDGE_LOOP('',(#681));
#2303=EDGE_LOOP('',(#682));
#2304=EDGE_LOOP('',(#683));
#2305=EDGE_LOOP('',(#684));
#2306=EDGE_LOOP('',(#685,#686,#687,#688,#689,#690));
#2307=EDGE_LOOP('',(#691));
#2308=EDGE_LOOP('',(#692));
#2309=EDGE_LOOP('',(#693));
#2310=EDGE_LOOP('',(#694));
#2311=EDGE_LOOP('',(#695));
#2312=EDGE_LOOP('',(#696,#697,#698,#699,#700,#701));
#2313=EDGE_LOOP('',(#702,#703,#704,#705));
#2314=EDGE_LOOP('',(#706,#707,#708,#709));
#2315=EDGE_LOOP('',(#710));
#2316=EDGE_LOOP('',(#711));
#2317=EDGE_LOOP('',(#712));
#2318=EDGE_LOOP('',(#713));
#2319=EDGE_LOOP('',(#714));
#2320=EDGE_LOOP('',(#715));
#2321=EDGE_LOOP('',(#716));
#2322=EDGE_LOOP('',(#717));
#2323=EDGE_LOOP('',(#718,#719,#720,#721));
#2324=EDGE_LOOP('',(#722));
#2325=EDGE_LOOP('',(#723));
#2326=EDGE_LOOP('',(#724,#725,#726));
#2327=EDGE_LOOP('',(#727,#728,#729));
#2328=EDGE_LOOP('',(#730,#731,#732));
#2329=EDGE_LOOP('',(#733,#734,#735));
#2330=EDGE_LOOP('',(#736,#737,#738));
#2331=EDGE_LOOP('',(#739,#740,#741));
#2332=EDGE_LOOP('',(#742,#743,#744));
#2333=EDGE_LOOP('',(#745,#746,#747));
#2334=EDGE_LOOP('',(#748,#749,#750,#751));
#2335=EDGE_LOOP('',(#752));
#2336=EDGE_LOOP('',(#753,#754,#755,#756));
#2337=EDGE_LOOP('',(#757,#758,#759,#760,#761,#762,#763,#764));
#2338=EDGE_LOOP('',(#765,#766,#767,#768,#769,#770,#771,#772));
#2339=EDGE_LOOP('',(#773,#774,#775,#776,#777,#778,#779,#780));
#2340=EDGE_LOOP('',(#781,#782,#783,#784));
#2341=EDGE_LOOP('',(#785,#786,#787,#788));
#2342=EDGE_LOOP('',(#789,#790,#791,#792));
#2343=EDGE_LOOP('',(#793,#794,#795,#796));
#2344=EDGE_LOOP('',(#797));
#2345=EDGE_LOOP('',(#798));
#2346=EDGE_LOOP('',(#799,#800,#801,#802));
#2347=EDGE_LOOP('',(#803,#804,#805,#806));
#2348=EDGE_LOOP('',(#807,#808,#809,#810));
#2349=EDGE_LOOP('',(#811,#812,#813,#814));
#2350=EDGE_LOOP('',(#815,#816,#817,#818));
#2351=EDGE_LOOP('',(#819,#820,#821,#822));
#2352=EDGE_LOOP('',(#823,#824,#825,#826));
#2353=EDGE_LOOP('',(#827,#828,#829,#830));
#2354=EDGE_LOOP('',(#831,#832,#833,#834));
#2355=EDGE_LOOP('',(#835,#836,#837,#838));
#2356=EDGE_LOOP('',(#839,#840,#841,#842));
#2357=EDGE_LOOP('',(#843,#844,#845,#846));
#2358=EDGE_LOOP('',(#847,#848,#849,#850,#851));
#2359=EDGE_LOOP('',(#852,#853,#854,#855,#856));
#2360=EDGE_LOOP('',(#857,#858,#859,#860,#861));
#2361=EDGE_LOOP('',(#862,#863,#864,#865,#866));
#2362=EDGE_LOOP('',(#867,#868,#869,#870,#871));
#2363=EDGE_LOOP('',(#872,#873,#874,#875,#876));
#2364=EDGE_LOOP('',(#877,#878,#879,#880,#881));
#2365=EDGE_LOOP('',(#882,#883,#884,#885,#886));
#2366=EDGE_LOOP('',(#887,#888,#889,#890));
#2367=EDGE_LOOP('',(#891,#892,#893,#894));
#2368=EDGE_LOOP('',(#895,#896,#897,#898));
#2369=EDGE_LOOP('',(#899,#900,#901,#902));
#2370=EDGE_LOOP('',(#903,#904,#905,#906));
#2371=EDGE_LOOP('',(#907,#908,#909,#910));
#2372=EDGE_LOOP('',(#911,#912,#913,#914));
#2373=EDGE_LOOP('',(#915,#916,#917,#918,#919,#920,#921,#922));
#2374=EDGE_LOOP('',(#923,#924,#925,#926,#927,#928,#929,#930));
#2375=EDGE_LOOP('',(#931,#932,#933,#934,#935,#936,#937,#938));
#2376=EDGE_LOOP('',(#939,#940,#941,#942,#943,#944,#945,#946));
#2377=EDGE_LOOP('',(#947,#948,#949,#950,#951,#952,#953,#954));
#2378=EDGE_LOOP('',(#955,#956,#957,#958,#959,#960,#961,#962));
#2379=EDGE_LOOP('',(#963,#964,#965,#966,#967,#968,#969,#970));
#2380=EDGE_LOOP('',(#971,#972,#973,#974,#975,#976,#977,#978));
#2381=EDGE_LOOP('',(#979));
#2382=EDGE_LOOP('',(#980));
#2383=EDGE_LOOP('',(#981,#982,#983,#984));
#2384=EDGE_LOOP('',(#985));
#2385=EDGE_LOOP('',(#986,#987,#988,#989));
#2386=EDGE_LOOP('',(#990,#991,#992,#993));
#2387=EDGE_LOOP('',(#994,#995,#996,#997,#998,#999,#1000,#1001));
#2388=EDGE_LOOP('',(#1002));
#2389=EDGE_LOOP('',(#1003));
#2390=EDGE_LOOP('',(#1004));
#2391=EDGE_LOOP('',(#1005));
#2392=EDGE_LOOP('',(#1006));
#2393=EDGE_LOOP('',(#1007));
#2394=EDGE_LOOP('',(#1008,#1009,#1010,#1011,#1012,#1013,#1014,#1015));
#2395=EDGE_LOOP('',(#1016));
#2396=EDGE_LOOP('',(#1017,#1018,#1019,#1020,#1021,#1022,#1023,#1024));
#2397=EDGE_LOOP('',(#1025));
#2398=EDGE_LOOP('',(#1026,#1027,#1028,#1029));
#2399=EDGE_LOOP('',(#1030,#1031,#1032,#1033));
#2400=EDGE_LOOP('',(#1034,#1035,#1036,#1037));
#2401=EDGE_LOOP('',(#1038,#1039,#1040,#1041));
#2402=EDGE_LOOP('',(#1042,#1043,#1044,#1045));
#2403=EDGE_LOOP('',(#1046,#1047,#1048,#1049));
#2404=EDGE_LOOP('',(#1050,#1051,#1052,#1053));
#2405=EDGE_LOOP('',(#1054,#1055,#1056,#1057));
#2406=FACE_BOUND('',#2163,.T.);
#2407=FACE_BOUND('',#2164,.T.);
#2408=FACE_BOUND('',#2165,.T.);
#2409=FACE_BOUND('',#2166,.T.);
#2410=FACE_BOUND('',#2167,.T.);
#2411=FACE_BOUND('',#2168,.T.);
#2412=FACE_BOUND('',#2169,.T.);
#2413=FACE_BOUND('',#2170,.T.);
#2414=FACE_BOUND('',#2171,.T.);
#2415=FACE_BOUND('',#2172,.T.);
#2416=FACE_BOUND('',#2173,.T.);
#2417=FACE_BOUND('',#2174,.T.);
#2418=FACE_BOUND('',#2175,.T.);
#2419=FACE_BOUND('',#2176,.T.);
#2420=FACE_BOUND('',#2177,.T.);
#2421=FACE_BOUND('',#2178,.T.);
#2422=FACE_BOUND('',#2179,.T.);
#2423=FACE_BOUND('',#2180,.T.);
#2424=FACE_BOUND('',#2181,.T.);
#2425=FACE_BOUND('',#2182,.T.);
#2426=FACE_BOUND('',#2183,.T.);
#2427=FACE_BOUND('',#2184,.T.);
#2428=FACE_BOUND('',#2185,.T.);
#2429=FACE_BOUND('',#2186,.T.);
#2430=FACE_BOUND('',#2187,.T.);
#2431=FACE_BOUND('',#2188,.T.);
#2432=FACE_BOUND('',#2189,.T.);
#2433=FACE_BOUND('',#2190,.T.);
#2434=FACE_BOUND('',#2191,.T.);
#2435=FACE_BOUND('',#2192,.T.);
#2436=FACE_BOUND('',#2193,.T.);
#2437=FACE_BOUND('',#2194,.T.);
#2438=FACE_BOUND('',#2195,.T.);
#2439=FACE_BOUND('',#2196,.T.);
#2440=FACE_BOUND('',#2197,.T.);
#2441=FACE_BOUND('',#2198,.T.);
#2442=FACE_BOUND('',#2199,.T.);
#2443=FACE_BOUND('',#2200,.T.);
#2444=FACE_BOUND('',#2201,.T.);
#2445=FACE_BOUND('',#2202,.T.);
#2446=FACE_BOUND('',#2203,.T.);
#2447=FACE_BOUND('',#2204,.T.);
#2448=FACE_BOUND('',#2205,.T.);
#2449=FACE_BOUND('',#2206,.T.);
#2450=FACE_BOUND('',#2207,.T.);
#2451=FACE_BOUND('',#2208,.T.);
#2452=FACE_BOUND('',#2209,.T.);
#2453=FACE_BOUND('',#2210,.T.);
#2454=FACE_BOUND('',#2211,.T.);
#2455=FACE_BOUND('',#2212,.T.);
#2456=FACE_BOUND('',#2213,.T.);
#2457=FACE_BOUND('',#2214,.T.);
#2458=FACE_BOUND('',#2215,.T.);
#2459=FACE_BOUND('',#2216,.T.);
#2460=FACE_BOUND('',#2217,.T.);
#2461=FACE_BOUND('',#2218,.T.);
#2462=FACE_BOUND('',#2219,.T.);
#2463=FACE_BOUND('',#2220,.T.);
#2464=FACE_BOUND('',#2221,.T.);
#2465=FACE_BOUND('',#2222,.T.);
#2466=FACE_BOUND('',#2223,.T.);
#2467=FACE_BOUND('',#2224,.T.);
#2468=FACE_BOUND('',#2225,.T.);
#2469=FACE_BOUND('',#2226,.T.);
#2470=FACE_BOUND('',#2227,.T.);
#2471=FACE_BOUND('',#2228,.T.);
#2472=FACE_BOUND('',#2229,.T.);
#2473=FACE_BOUND('',#2230,.T.);
#2474=FACE_BOUND('',#2231,.T.);
#2475=FACE_BOUND('',#2232,.T.);
#2476=FACE_BOUND('',#2233,.T.);
#2477=FACE_BOUND('',#2234,.T.);
#2478=FACE_BOUND('',#2235,.T.);
#2479=FACE_BOUND('',#2236,.T.);
#2480=FACE_BOUND('',#2237,.T.);
#2481=FACE_BOUND('',#2238,.T.);
#2482=FACE_BOUND('',#2239,.T.);
#2483=FACE_BOUND('',#2240,.T.);
#2484=FACE_BOUND('',#2241,.T.);
#2485=FACE_BOUND('',#2242,.T.);
#2486=FACE_BOUND('',#2243,.T.);
#2487=FACE_BOUND('',#2244,.T.);
#2488=FACE_BOUND('',#2245,.T.);
#2489=FACE_BOUND('',#2246,.T.);
#2490=FACE_BOUND('',#2247,.T.);
#2491=FACE_BOUND('',#2248,.T.);
#2492=FACE_BOUND('',#2249,.T.);
#2493=FACE_BOUND('',#2250,.T.);
#2494=FACE_BOUND('',#2251,.T.);
#2495=FACE_BOUND('',#2252,.T.);
#2496=FACE_BOUND('',#2253,.T.);
#2497=FACE_BOUND('',#2254,.T.);
#2498=FACE_BOUND('',#2255,.T.);
#2499=FACE_BOUND('',#2256,.T.);
#2500=FACE_BOUND('',#2257,.T.);
#2501=FACE_BOUND('',#2258,.T.);
#2502=FACE_BOUND('',#2259,.T.);
#2503=FACE_BOUND('',#2260,.T.);
#2504=FACE_BOUND('',#2261,.T.);
#2505=FACE_BOUND('',#2262,.T.);
#2506=FACE_BOUND('',#2263,.T.);
#2507=FACE_BOUND('',#2264,.T.);
#2508=FACE_BOUND('',#2265,.T.);
#2509=FACE_BOUND('',#2266,.T.);
#2510=FACE_BOUND('',#2267,.T.);
#2511=FACE_BOUND('',#2268,.T.);
#2512=FACE_BOUND('',#2269,.T.);
#2513=FACE_BOUND('',#2270,.T.);
#2514=FACE_BOUND('',#2271,.T.);
#2515=FACE_BOUND('',#2272,.T.);
#2516=FACE_BOUND('',#2273,.T.);
#2517=FACE_BOUND('',#2274,.T.);
#2518=FACE_BOUND('',#2275,.T.);
#2519=FACE_BOUND('',#2276,.T.);
#2520=FACE_BOUND('',#2277,.T.);
#2521=FACE_BOUND('',#2278,.T.);
#2522=FACE_BOUND('',#2279,.T.);
#2523=FACE_BOUND('',#2280,.T.);
#2524=FACE_BOUND('',#2281,.T.);
#2525=FACE_BOUND('',#2282,.T.);
#2526=FACE_BOUND('',#2283,.T.);
#2527=FACE_BOUND('',#2284,.T.);
#2528=FACE_BOUND('',#2285,.T.);
#2529=FACE_BOUND('',#2286,.T.);
#2530=FACE_BOUND('',#2287,.T.);
#2531=FACE_BOUND('',#2288,.T.);
#2532=FACE_BOUND('',#2289,.T.);
#2533=FACE_BOUND('',#2290,.T.);
#2534=FACE_BOUND('',#2291,.T.);
#2535=FACE_BOUND('',#2292,.T.);
#2536=FACE_BOUND('',#2293,.T.);
#2537=FACE_BOUND('',#2294,.T.);
#2538=FACE_BOUND('',#2295,.T.);
#2539=FACE_BOUND('',#2296,.T.);
#2540=FACE_BOUND('',#2297,.T.);
#2541=FACE_BOUND('',#2298,.T.);
#2542=FACE_BOUND('',#2299,.T.);
#2543=FACE_BOUND('',#2300,.T.);
#2544=FACE_BOUND('',#2301,.T.);
#2545=FACE_BOUND('',#2302,.T.);
#2546=FACE_BOUND('',#2303,.T.);
#2547=FACE_BOUND('',#2304,.T.);
#2548=FACE_BOUND('',#2305,.T.);
#2549=FACE_BOUND('',#2306,.T.);
#2550=FACE_BOUND('',#2307,.T.);
#2551=FACE_BOUND('',#2308,.T.);
#2552=FACE_BOUND('',#2309,.T.);
#2553=FACE_BOUND('',#2310,.T.);
#2554=FACE_BOUND('',#2311,.T.);
#2555=FACE_BOUND('',#2312,.T.);
#2556=FACE_BOUND('',#2313,.T.);
#2557=FACE_BOUND('',#2314,.T.);
#2558=FACE_BOUND('',#2315,.T.);
#2559=FACE_BOUND('',#2316,.T.);
#2560=FACE_BOUND('',#2317,.T.);
#2561=FACE_BOUND('',#2318,.T.);
#2562=FACE_BOUND('',#2319,.T.);
#2563=FACE_BOUND('',#2320,.T.);
#2564=FACE_BOUND('',#2321,.T.);
#2565=FACE_BOUND('',#2322,.T.);
#2566=FACE_BOUND('',#2323,.T.);
#2567=FACE_BOUND('',#2324,.T.);
#2568=FACE_BOUND('',#2325,.T.);
#2569=FACE_BOUND('',#2326,.T.);
#2570=FACE_BOUND('',#2327,.T.);
#2571=FACE_BOUND('',#2328,.T.);
#2572=FACE_BOUND('',#2329,.T.);
#2573=FACE_BOUND('',#2330,.T.);
#2574=FACE_BOUND('',#2331,.T.);
#2575=FACE_BOUND('',#2332,.T.);
#2576=FACE_BOUND('',#2333,.T.);
#2577=FACE_BOUND('',#2334,.T.);
#2578=FACE_BOUND('',#2335,.T.);
#2579=FACE_BOUND('',#2336,.T.);
#2580=FACE_BOUND('',#2337,.T.);
#2581=FACE_BOUND('',#2338,.T.);
#2582=FACE_BOUND('',#2339,.T.);
#2583=FACE_BOUND('',#2340,.T.);
#2584=FACE_BOUND('',#2341,.T.);
#2585=FACE_BOUND('',#2342,.T.);
#2586=FACE_BOUND('',#2343,.T.);
#2587=FACE_BOUND('',#2344,.T.);
#2588=FACE_BOUND('',#2345,.T.);
#2589=FACE_BOUND('',#2346,.T.);
#2590=FACE_BOUND('',#2347,.T.);
#2591=FACE_BOUND('',#2348,.T.);
#2592=FACE_BOUND('',#2349,.T.);
#2593=FACE_BOUND('',#2350,.T.);
#2594=FACE_BOUND('',#2351,.T.);
#2595=FACE_BOUND('',#2352,.T.);
#2596=FACE_BOUND('',#2353,.T.);
#2597=FACE_BOUND('',#2354,.T.);
#2598=FACE_BOUND('',#2355,.T.);
#2599=FACE_BOUND('',#2356,.T.);
#2600=FACE_BOUND('',#2357,.T.);
#2601=FACE_BOUND('',#2358,.T.);
#2602=FACE_BOUND('',#2359,.T.);
#2603=FACE_BOUND('',#2360,.T.);
#2604=FACE_BOUND('',#2361,.T.);
#2605=FACE_BOUND('',#2362,.T.);
#2606=FACE_BOUND('',#2363,.T.);
#2607=FACE_BOUND('',#2364,.T.);
#2608=FACE_BOUND('',#2365,.T.);
#2609=FACE_BOUND('',#2366,.T.);
#2610=FACE_BOUND('',#2367,.T.);
#2611=FACE_BOUND('',#2368,.T.);
#2612=FACE_BOUND('',#2369,.T.);
#2613=FACE_BOUND('',#2370,.T.);
#2614=FACE_BOUND('',#2371,.T.);
#2615=FACE_BOUND('',#2372,.T.);
#2616=FACE_BOUND('',#2373,.T.);
#2617=FACE_BOUND('',#2374,.T.);
#2618=FACE_BOUND('',#2375,.T.);
#2619=FACE_BOUND('',#2376,.T.);
#2620=FACE_BOUND('',#2377,.T.);
#2621=FACE_BOUND('',#2378,.T.);
#2622=FACE_BOUND('',#2379,.T.);
#2623=FACE_BOUND('',#2380,.T.);
#2624=FACE_BOUND('',#2381,.T.);
#2625=FACE_BOUND('',#2382,.T.);
#2626=FACE_BOUND('',#2383,.T.);
#2627=FACE_BOUND('',#2384,.T.);
#2628=FACE_BOUND('',#2385,.T.);
#2629=FACE_BOUND('',#2386,.T.);
#2630=FACE_BOUND('',#2387,.T.);
#2631=FACE_BOUND('',#2388,.T.);
#2632=FACE_BOUND('',#2389,.T.);
#2633=FACE_BOUND('',#2390,.T.);
#2634=FACE_BOUND('',#2391,.T.);
#2635=FACE_BOUND('',#2392,.T.);
#2636=FACE_BOUND('',#2393,.T.);
#2637=FACE_BOUND('',#2394,.T.);
#2638=FACE_BOUND('',#2395,.T.);
#2639=FACE_BOUND('',#2396,.T.);
#2640=FACE_BOUND('',#2397,.T.);
#2641=FACE_BOUND('',#2398,.T.);
#2642=FACE_BOUND('',#2399,.T.);
#2643=FACE_BOUND('',#2400,.T.);
#2644=FACE_BOUND('',#2401,.T.);
#2645=FACE_BOUND('',#2402,.T.);
#2646=FACE_BOUND('',#2403,.T.);
#2647=FACE_BOUND('',#2404,.T.);
#2648=FACE_BOUND('',#2405,.T.);
#2649=PLANE('',#2909);
#2650=PLANE('',#2912);
#2651=PLANE('',#2915);
#2652=PLANE('',#2920);
#2653=PLANE('',#2927);
#2654=PLANE('',#2935);
#2655=PLANE('',#2940);
#2656=PLANE('',#2950);
#2657=PLANE('',#2954);
#2658=PLANE('',#2962);
#2659=PLANE('',#2963);
#2660=PLANE('',#2964);
#2661=PLANE('',#2966);
#2662=PLANE('',#2968);
#2663=PLANE('',#2970);
#2664=PLANE('',#2974);
#2665=PLANE('',#2975);
#2666=PLANE('',#2977);
#2667=PLANE('',#2995);
#2668=PLANE('',#2996);
#2669=PLANE('',#2997);
#2670=PLANE('',#2998);
#2671=PLANE('',#2999);
#2672=PLANE('',#3000);
#2673=PLANE('',#3001);
#2674=PLANE('',#3002);
#2675=PLANE('',#3003);
#2676=PLANE('',#3004);
#2677=PLANE('',#3005);
#2678=PLANE('',#3006);
#2679=PLANE('',#3007);
#2680=PLANE('',#3026);
#2681=PLANE('',#3045);
#2682=PLANE('',#3046);
#2683=PLANE('',#3048);
#2684=PLANE('',#3066);
#2685=PLANE('',#3067);
#2686=PLANE('',#3068);
#2687=PLANE('',#3074);
#2688=PLANE('',#3080);
#2689=PLANE('',#3081);
#2690=PLANE('',#3086);
#2691=PLANE('',#3089);
#2692=PLANE('',#3090);
#2693=PLANE('',#3091);
#2694=PLANE('',#3092);
#2695=PLANE('',#3093);
#2696=PLANE('',#3094);
#2697=PLANE('',#3095);
#2698=PLANE('',#3096);
#2699=PLANE('',#3097);
#2700=PLANE('',#3103);
#2701=PLANE('',#3154);
#2702=PLANE('',#3157);
#2703=PLANE('',#3160);
#2704=PLANE('',#3163);
#2705=PLANE('',#3164);
#2706=PLANE('',#3165);
#2707=PLANE('',#3166);
#2708=PLANE('',#3167);
#2709=PLANE('',#3168);
#2710=PLANE('',#3169);
#2711=PLANE('',#3170);
#2712=PLANE('',#3171);
#2713=PLANE('',#3176);
#2714=PLANE('',#3184);
#2715=PLANE('',#3185);
#2716=PLANE('',#3190);
#2717=PLANE('',#3195);
#2718=ADVANCED_FACE('',(#2406,#2407),#2649,.F.);
#2719=ADVANCED_FACE('',(#2408,#2409,#2410,#2411),#2650,.F.);
#2720=ADVANCED_FACE('',(#2412,#2413),#2651,.T.);
#2721=ADVANCED_FACE('',(#2414),#2652,.F.);
#2722=ADVANCED_FACE('',(#2415),#71,.T.);
#2723=ADVANCED_FACE('',(#2416),#72,.T.);
#2724=ADVANCED_FACE('',(#2417,#2418),#2653,.T.);
#2725=ADVANCED_FACE('',(#2419),#73,.T.);
#2726=ADVANCED_FACE('',(#2420),#2654,.T.);
#2727=ADVANCED_FACE('',(#2421),#74,.T.);
#2728=ADVANCED_FACE('',(#2422),#2655,.T.);
#2729=ADVANCED_FACE('',(#2423),#75,.F.);
#2730=ADVANCED_FACE('',(#2424),#2656,.F.);
#2731=ADVANCED_FACE('',(#2425),#76,.F.);
#2732=ADVANCED_FACE('',(#2426,#2427),#2657,.T.);
#2733=ADVANCED_FACE('',(#2428),#77,.F.);
#2734=ADVANCED_FACE('',(#2429),#78,.F.);
#2735=ADVANCED_FACE('',(#2430,#2431),#2658,.F.);
#2736=ADVANCED_FACE('',(#2432),#2659,.F.);
#2737=ADVANCED_FACE('',(#2433),#2660,.T.);
#2738=ADVANCED_FACE('',(#2434),#79,.F.);
#2739=ADVANCED_FACE('',(#2435),#2661,.T.);
#2740=ADVANCED_FACE('',(#2436),#80,.F.);
#2741=ADVANCED_FACE('',(#2437),#2662,.F.);
#2742=ADVANCED_FACE('',(#2438),#81,.F.);
#2743=ADVANCED_FACE('',(#2439),#2663,.F.);
#2744=ADVANCED_FACE('',(#2440),#82,.F.);
#2745=ADVANCED_FACE('',(#2441,#2442),#83,.F.);
#2746=ADVANCED_FACE('',(#2443),#2664,.T.);
#2747=ADVANCED_FACE('',(#2444),#2665,.T.);
#2748=ADVANCED_FACE('',(#2445),#84,.F.);
#2749=ADVANCED_FACE('',(#2446),#2666,.F.);
#2750=ADVANCED_FACE('',(#2447),#85,.F.);
#2751=ADVANCED_FACE('',(#2448),#86,.T.);
#2752=ADVANCED_FACE('',(#2449),#45,.T.);
#2753=ADVANCED_FACE('',(#2450),#46,.T.);
#2754=ADVANCED_FACE('',(#2451),#87,.T.);
#2755=ADVANCED_FACE('',(#2452),#88,.T.);
#2756=ADVANCED_FACE('',(#2453),#47,.T.);
#2757=ADVANCED_FACE('',(#2454),#48,.T.);
#2758=ADVANCED_FACE('',(#2455),#89,.T.);
#2759=ADVANCED_FACE('',(#2456),#2667,.F.);
#2760=ADVANCED_FACE('',(#2457),#2668,.F.);
#2761=ADVANCED_FACE('',(#2458),#2669,.T.);
#2762=ADVANCED_FACE('',(#2459),#2670,.T.);
#2763=ADVANCED_FACE('',(#2460),#2671,.T.);
#2764=ADVANCED_FACE('',(#2461),#2672,.T.);
#2765=ADVANCED_FACE('',(#2462),#2673,.F.);
#2766=ADVANCED_FACE('',(#2463),#2674,.T.);
#2767=ADVANCED_FACE('',(#2464),#2675,.F.);
#2768=ADVANCED_FACE('',(#2465),#2676,.F.);
#2769=ADVANCED_FACE('',(#2466),#2677,.F.);
#2770=ADVANCED_FACE('',(#2467),#2678,.F.);
#2771=ADVANCED_FACE('',(#2468,#2469,#2470,#2471,#2472,#2473,#2474,#2475,
#2476,#2477,#2478,#2479,#2480,#2481,#2482,#2483,#2484,#2485),#2679,.T.);
#2772=ADVANCED_FACE('',(#2486,#2487,#2488,#2489,#2490,#2491,#2492,#2493,
#2494,#2495,#2496,#2497,#2498,#2499,#2500,#2501,#2502,#2503),#2680,.F.);
#2773=ADVANCED_FACE('',(#2504),#2681,.F.);
#2774=ADVANCED_FACE('',(#2505),#2682,.F.);
#2775=ADVANCED_FACE('',(#2506),#90,.F.);
#2776=ADVANCED_FACE('',(#2507),#2683,.F.);
#2777=ADVANCED_FACE('',(#2508,#2509),#91,.F.);
#2778=ADVANCED_FACE('',(#2510,#2511),#92,.F.);
#2779=ADVANCED_FACE('',(#2512,#2513),#93,.F.);
#2780=ADVANCED_FACE('',(#2514,#2515),#94,.F.);
#2781=ADVANCED_FACE('',(#2516,#2517),#95,.F.);
#2782=ADVANCED_FACE('',(#2518,#2519),#96,.F.);
#2783=ADVANCED_FACE('',(#2520,#2521),#97,.F.);
#2784=ADVANCED_FACE('',(#2522,#2523),#98,.F.);
#2785=ADVANCED_FACE('',(#2524,#2525),#99,.F.);
#2786=ADVANCED_FACE('',(#2526,#2527),#100,.F.);
#2787=ADVANCED_FACE('',(#2528,#2529),#101,.F.);
#2788=ADVANCED_FACE('',(#2530,#2531),#102,.F.);
#2789=ADVANCED_FACE('',(#2532,#2533),#103,.F.);
#2790=ADVANCED_FACE('',(#2534,#2535),#104,.F.);
#2791=ADVANCED_FACE('',(#2536,#2537),#105,.F.);
#2792=ADVANCED_FACE('',(#2538,#2539),#106,.F.);
#2793=ADVANCED_FACE('',(#2540,#2541),#107,.F.);
#2794=ADVANCED_FACE('',(#2542),#2684,.F.);
#2795=ADVANCED_FACE('',(#2543),#2685,.F.);
#2796=ADVANCED_FACE('',(#2544,#2545,#2546,#2547,#2548,#2549),#2686,.T.);
#2797=ADVANCED_FACE('',(#2550,#2551,#2552,#2553,#2554,#2555),#2687,.F.);
#2798=ADVANCED_FACE('',(#2556),#2688,.T.);
#2799=ADVANCED_FACE('',(#2557),#2689,.F.);
#2800=ADVANCED_FACE('',(#2558,#2559),#108,.F.);
#2801=ADVANCED_FACE('',(#2560,#2561),#109,.F.);
#2802=ADVANCED_FACE('',(#2562,#2563),#110,.F.);
#2803=ADVANCED_FACE('',(#2564,#2565),#111,.F.);
#2804=ADVANCED_FACE('',(#2566),#2690,.T.);
#2805=ADVANCED_FACE('',(#2567,#2568),#112,.F.);
#2806=ADVANCED_FACE('',(#2569),#2691,.F.);
#2807=ADVANCED_FACE('',(#2570),#2692,.F.);
#2808=ADVANCED_FACE('',(#2571),#2693,.F.);
#2809=ADVANCED_FACE('',(#2572),#2694,.F.);
#2810=ADVANCED_FACE('',(#2573),#2695,.F.);
#2811=ADVANCED_FACE('',(#2574),#2696,.F.);
#2812=ADVANCED_FACE('',(#2575),#2697,.F.);
#2813=ADVANCED_FACE('',(#2576),#2698,.F.);
#2814=ADVANCED_FACE('',(#2577,#2578,#2579,#2580),#2699,.T.);
#2815=ADVANCED_FACE('',(#2581,#2582),#2700,.F.);
#2816=ADVANCED_FACE('',(#2583),#113,.T.);
#2817=ADVANCED_FACE('',(#2584),#114,.T.);
#2818=ADVANCED_FACE('',(#2585),#115,.T.);
#2819=ADVANCED_FACE('',(#2586),#116,.T.);
#2820=ADVANCED_FACE('',(#2587,#2588),#18,.T.);
#2821=ADVANCED_FACE('',(#2589),#117,.T.);
#2822=ADVANCED_FACE('',(#2590),#118,.T.);
#2823=ADVANCED_FACE('',(#2591),#119,.T.);
#2824=ADVANCED_FACE('',(#2592),#120,.T.);
#2825=ADVANCED_FACE('',(#2593),#49,.T.);
#2826=ADVANCED_FACE('',(#2594),#121,.T.);
#2827=ADVANCED_FACE('',(#2595),#122,.T.);
#2828=ADVANCED_FACE('',(#2596),#50,.T.);
#2829=ADVANCED_FACE('',(#2597),#51,.T.);
#2830=ADVANCED_FACE('',(#2598),#123,.T.);
#2831=ADVANCED_FACE('',(#2599),#124,.T.);
#2832=ADVANCED_FACE('',(#2600),#52,.T.);
#2833=ADVANCED_FACE('',(#2601),#10,.F.);
#2834=ADVANCED_FACE('',(#2602),#11,.F.);
#2835=ADVANCED_FACE('',(#2603),#12,.F.);
#2836=ADVANCED_FACE('',(#2604),#13,.F.);
#2837=ADVANCED_FACE('',(#2605),#14,.F.);
#2838=ADVANCED_FACE('',(#2606),#15,.F.);
#2839=ADVANCED_FACE('',(#2607),#16,.F.);
#2840=ADVANCED_FACE('',(#2608),#17,.F.);
#2841=ADVANCED_FACE('',(#2609),#2701,.T.);
#2842=ADVANCED_FACE('',(#2610),#125,.T.);
#2843=ADVANCED_FACE('',(#2611),#2702,.T.);
#2844=ADVANCED_FACE('',(#2612),#126,.T.);
#2845=ADVANCED_FACE('',(#2613),#2703,.F.);
#2846=ADVANCED_FACE('',(#2614),#127,.T.);
#2847=ADVANCED_FACE('',(#2615),#2704,.T.);
#2848=ADVANCED_FACE('',(#2616),#2705,.F.);
#2849=ADVANCED_FACE('',(#2617),#2706,.T.);
#2850=ADVANCED_FACE('',(#2618),#2707,.T.);
#2851=ADVANCED_FACE('',(#2619),#2708,.F.);
#2852=ADVANCED_FACE('',(#2620),#2709,.T.);
#2853=ADVANCED_FACE('',(#2621),#2710,.T.);
#2854=ADVANCED_FACE('',(#2622),#2711,.F.);
#2855=ADVANCED_FACE('',(#2623),#2712,.F.);
#2856=ADVANCED_FACE('',(#2624,#2625),#128,.F.);
#2857=ADVANCED_FACE('',(#2626),#129,.T.);
#2858=ADVANCED_FACE('',(#2627,#2628,#2629,#2630),#2713,.F.);
#2859=ADVANCED_FACE('',(#2631,#2632),#130,.F.);
#2860=ADVANCED_FACE('',(#2633,#2634),#131,.T.);
#2861=ADVANCED_FACE('',(#2635,#2636),#2714,.F.);
#2862=ADVANCED_FACE('',(#2637,#2638),#2715,.F.);
#2863=ADVANCED_FACE('',(#2639),#2716,.T.);
#2864=ADVANCED_FACE('',(#2640),#2717,.F.);
#2865=ADVANCED_FACE('',(#2641),#19,.T.);
#2866=ADVANCED_FACE('',(#2642),#132,.T.);
#2867=ADVANCED_FACE('',(#2643),#133,.T.);
#2868=ADVANCED_FACE('',(#2644),#20,.T.);
#2869=ADVANCED_FACE('',(#2645),#21,.T.);
#2870=ADVANCED_FACE('',(#2646),#134,.T.);
#2871=ADVANCED_FACE('',(#2647),#135,.T.);
#2872=ADVANCED_FACE('',(#2648),#22,.T.);
#2873=CLOSED_SHELL('',(#2718,#2719,#2720,#2721,#2722,#2723,#2724,#2725,
#2726,#2727,#2728,#2729,#2730,#2731,#2732,#2733,#2734,#2735,#2736,#2737,
#2738,#2739,#2740,#2741,#2742,#2743,#2744,#2745,#2746,#2747,#2748,#2749,
#2750,#2751,#2752,#2753,#2754,#2755,#2756,#2757,#2758,#2759,#2760,#2761,
#2762,#2763,#2764,#2765,#2766,#2767,#2768,#2769,#2770,#2771,#2772,#2773,
#2774,#2775,#2776,#2777,#2778,#2779,#2780,#2781,#2782,#2783,#2784,#2785,
#2786,#2787,#2788,#2789,#2790,#2791,#2792,#2793,#2794,#2795,#2796,#2797,
#2798,#2799,#2800,#2801,#2802,#2803,#2804,#2805));
#2874=CLOSED_SHELL('',(#2806,#2807,#2808,#2809,#2810,#2811,#2812,#2813,
#2814,#2815,#2816,#2817,#2818,#2819,#2820,#2821,#2822,#2823,#2824,#2825,
#2826,#2827,#2828,#2829,#2830,#2831,#2832,#2833,#2834,#2835,#2836,#2837,
#2838,#2839,#2840,#2841,#2842,#2843,#2844,#2845,#2846,#2847,#2848,#2849,
#2850,#2851,#2852,#2853,#2854,#2855,#2856,#2857,#2858));
#2875=CLOSED_SHELL('',(#2859,#2860,#2861,#2862,#2863,#2864,#2865,#2866,
#2867,#2868,#2869,#2870,#2871,#2872));
#2876=STYLED_ITEM('',(#2879),#2899);
#2877=STYLED_ITEM('',(#2880),#2900);
#2878=STYLED_ITEM('',(#2881),#2901);
#2879=PRESENTATION_STYLE_ASSIGNMENT((#2882));
#2880=PRESENTATION_STYLE_ASSIGNMENT((#2883));
#2881=PRESENTATION_STYLE_ASSIGNMENT((#2884));
#2882=SURFACE_STYLE_USAGE(.BOTH.,#2885);
#2883=SURFACE_STYLE_USAGE(.BOTH.,#2886);
#2884=SURFACE_STYLE_USAGE(.BOTH.,#2887);
#2885=SURFACE_SIDE_STYLE('',(#2888));
#2886=SURFACE_SIDE_STYLE('',(#2889));
#2887=SURFACE_SIDE_STYLE('',(#2890));
#2888=SURFACE_STYLE_FILL_AREA(#2891);
#2889=SURFACE_STYLE_FILL_AREA(#2892);
#2890=SURFACE_STYLE_FILL_AREA(#2893);
#2891=FILL_AREA_STYLE('',(#2894));
#2892=FILL_AREA_STYLE('',(#2895));
#2893=FILL_AREA_STYLE('',(#2896));
#2894=FILL_AREA_STYLE_COLOUR('',#2897);
#2895=FILL_AREA_STYLE_COLOUR('',#2897);
#2896=FILL_AREA_STYLE_COLOUR('',#2898);
#2897=COLOUR_RGB('',0.0980392156862745,0.0941176470588235,0.0941176470588235);
#2898=COLOUR_RGB('',0.262745098039216,0.282352941176471,0.301960784313725);
#2899=MANIFOLD_SOLID_BREP('Part 92',#2873);
#2900=MANIFOLD_SOLID_BREP('Part 111',#2874);
#2901=MANIFOLD_SOLID_BREP('Part 112',#2875);
#2902=SHAPE_DEFINITION_REPRESENTATION(#5104,#2905);
#2903=SHAPE_DEFINITION_REPRESENTATION(#5105,#2906);
#2904=SHAPE_DEFINITION_REPRESENTATION(#5106,#2907);
#2905=SHAPE_REPRESENTATION('Part 92',(#2908),#5089);
#2906=SHAPE_REPRESENTATION('Part 111',(#3088),#5090);
#2907=SHAPE_REPRESENTATION('Part 112',(#3177),#5091);
#2908=AXIS2_PLACEMENT_3D('',#4040,#3212,#3213);
#2909=AXIS2_PLACEMENT_3D('',#4041,#3214,#3215);
#2910=AXIS2_PLACEMENT_3D('',#4053,#3221,#3222);
#2911=AXIS2_PLACEMENT_3D('',#4057,#3224,#3225);
#2912=AXIS2_PLACEMENT_3D('',#4058,#3226,#3227);
#2913=AXIS2_PLACEMENT_3D('',#4086,#3241,#3242);
#2914=AXIS2_PLACEMENT_3D('',#4090,#3244,#3245);
#2915=AXIS2_PLACEMENT_3D('',#4091,#3246,#3247);
#2916=AXIS2_PLACEMENT_3D('',#4100,#3252,#3253);
#2917=AXIS2_PLACEMENT_3D('',#4105,#3255,#3256);
#2918=AXIS2_PLACEMENT_3D('',#4109,#3258,#3259);
#2919=AXIS2_PLACEMENT_3D('',#4113,#3261,#3262);
#2920=AXIS2_PLACEMENT_3D('',#4116,#3264,#3265);
#2921=AXIS2_PLACEMENT_3D('',#4125,#3270,#3271);
#2922=AXIS2_PLACEMENT_3D('',#4126,#3272,#3273);
#2923=AXIS2_PLACEMENT_3D('',#4127,#3274,#3275);
#2924=AXIS2_PLACEMENT_3D('',#4128,#3276,#3277);
#2925=AXIS2_PLACEMENT_3D('',#4132,#3279,#3280);
#2926=AXIS2_PLACEMENT_3D('',#4133,#3281,#3282);
#2927=AXIS2_PLACEMENT_3D('',#4134,#3283,#3284);
#2928=AXIS2_PLACEMENT_3D('',#4135,#3285,#3286);
#2929=AXIS2_PLACEMENT_3D('',#4140,#3288,#3289);
#2930=AXIS2_PLACEMENT_3D('',#4144,#3291,#3292);
#2931=AXIS2_PLACEMENT_3D('',#4148,#3294,#3295);
#2932=AXIS2_PLACEMENT_3D('',#4156,#3300,#3301);
#2933=AXIS2_PLACEMENT_3D('',#4160,#3303,#3304);
#2934=AXIS2_PLACEMENT_3D('',#4161,#3305,#3306);
#2935=AXIS2_PLACEMENT_3D('',#4162,#3307,#3308);
#2936=AXIS2_PLACEMENT_3D('',#4168,#3311,#3312);
#2937=AXIS2_PLACEMENT_3D('',#4172,#3315,#3316);
#2938=AXIS2_PLACEMENT_3D('',#4173,#3317,#3318);
#2939=AXIS2_PLACEMENT_3D('',#4174,#3319,#3320);
#2940=AXIS2_PLACEMENT_3D('',#4175,#3321,#3322);
#2941=AXIS2_PLACEMENT_3D('',#4176,#3323,#3324);
#2942=AXIS2_PLACEMENT_3D('',#4181,#3326,#3327);
#2943=AXIS2_PLACEMENT_3D('',#4185,#3329,#3330);
#2944=AXIS2_PLACEMENT_3D('',#4189,#3332,#3333);
#2945=AXIS2_PLACEMENT_3D('',#4192,#3335,#3336);
#2946=AXIS2_PLACEMENT_3D('',#4196,#3338,#3339);
#2947=AXIS2_PLACEMENT_3D('',#4200,#3341,#3342);
#2948=AXIS2_PLACEMENT_3D('',#4201,#3343,#3344);
#2949=AXIS2_PLACEMENT_3D('',#4205,#3346,#3347);
#2950=AXIS2_PLACEMENT_3D('',#4206,#3348,#3349);
#2951=AXIS2_PLACEMENT_3D('',#4217,#3356,#3357);
#2952=AXIS2_PLACEMENT_3D('',#4218,#3358,#3359);
#2953=AXIS2_PLACEMENT_3D('',#4220,#3360,#3361);
#2954=AXIS2_PLACEMENT_3D('',#4223,#3363,#3364);
#2955=AXIS2_PLACEMENT_3D('',#4232,#3369,#3370);
#2956=AXIS2_PLACEMENT_3D('',#4241,#3375,#3376);
#2957=AXIS2_PLACEMENT_3D('',#4242,#3377,#3378);
#2958=AXIS2_PLACEMENT_3D('',#4243,#3379,#3380);
#2959=AXIS2_PLACEMENT_3D('',#4244,#3381,#3382);
#2960=AXIS2_PLACEMENT_3D('',#4245,#3383,#3384);
#2961=AXIS2_PLACEMENT_3D('',#4246,#3385,#3386);
#2962=AXIS2_PLACEMENT_3D('',#4247,#3387,#3388);
#2963=AXIS2_PLACEMENT_3D('',#4248,#3389,#3390);
#2964=AXIS2_PLACEMENT_3D('',#4254,#3394,#3395);
#2965=AXIS2_PLACEMENT_3D('',#4257,#3398,#3399);
#2966=AXIS2_PLACEMENT_3D('',#4259,#3401,#3402);
#2967=AXIS2_PLACEMENT_3D('',#4261,#3404,#3405);
#2968=AXIS2_PLACEMENT_3D('',#4263,#3407,#3408);
#2969=AXIS2_PLACEMENT_3D('',#4265,#3410,#3411);
#2970=AXIS2_PLACEMENT_3D('',#4267,#3413,#3414);
#2971=AXIS2_PLACEMENT_3D('',#4269,#3416,#3417);
#2972=AXIS2_PLACEMENT_3D('',#4270,#3418,#3419);
#2973=AXIS2_PLACEMENT_3D('',#4276,#3420,#3421);
#2974=AXIS2_PLACEMENT_3D('',#4277,#3422,#3423);
#2975=AXIS2_PLACEMENT_3D('',#4278,#3424,#3425);
#2976=AXIS2_PLACEMENT_3D('',#4281,#3428,#3429);
#2977=AXIS2_PLACEMENT_3D('',#4283,#3431,#3432);
#2978=AXIS2_PLACEMENT_3D('',#4285,#3434,#3435);
#2979=AXIS2_PLACEMENT_3D('',#4286,#3436,#3437);
#2980=AXIS2_PLACEMENT_3D('',#4287,#3438,#3439);
#2981=AXIS2_PLACEMENT_3D('',#4288,#3440,#3441);
#2982=AXIS2_PLACEMENT_3D('',#4289,#3442,#3443);
#2983=AXIS2_PLACEMENT_3D('',#4290,#3444,#3445);
#2984=AXIS2_PLACEMENT_3D('',#4291,#3446,#3447);
#2985=AXIS2_PLACEMENT_3D('',#4292,#3448,#3449);
#2986=AXIS2_PLACEMENT_3D('',#4293,#3450,#3451);
#2987=AXIS2_PLACEMENT_3D('',#4294,#3452,#3453);
#2988=AXIS2_PLACEMENT_3D('',#4295,#3454,#3455);
#2989=AXIS2_PLACEMENT_3D('',#4296,#3456,#3457);
#2990=AXIS2_PLACEMENT_3D('',#4297,#3458,#3459);
#2991=AXIS2_PLACEMENT_3D('',#4298,#3460,#3461);
#2992=AXIS2_PLACEMENT_3D('',#4299,#3462,#3463);
#2993=AXIS2_PLACEMENT_3D('',#4300,#3464,#3465);
#2994=AXIS2_PLACEMENT_3D('',#4301,#3466,#3467);
#2995=AXIS2_PLACEMENT_3D('',#4302,#3468,#3469);
#2996=AXIS2_PLACEMENT_3D('',#4311,#3474,#3475);
#2997=AXIS2_PLACEMENT_3D('',#4317,#3479,#3480);
#2998=AXIS2_PLACEMENT_3D('',#4323,#3484,#3485);
#2999=AXIS2_PLACEMENT_3D('',#4329,#3489,#3490);
#3000=AXIS2_PLACEMENT_3D('',#4332,#3493,#3494);
#3001=AXIS2_PLACEMENT_3D('',#4338,#3498,#3499);
#3002=AXIS2_PLACEMENT_3D('',#4341,#3502,#3503);
#3003=AXIS2_PLACEMENT_3D('',#4342,#3504,#3505);
#3004=AXIS2_PLACEMENT_3D('',#4343,#3506,#3507);
#3005=AXIS2_PLACEMENT_3D('',#4349,#3511,#3512);
#3006=AXIS2_PLACEMENT_3D('',#4352,#3515,#3516);
#3007=AXIS2_PLACEMENT_3D('',#4358,#3520,#3521);
#3008=AXIS2_PLACEMENT_3D('',#4359,#3522,#3523);
#3009=AXIS2_PLACEMENT_3D('',#4361,#3524,#3525);
#3010=AXIS2_PLACEMENT_3D('',#4363,#3526,#3527);
#3011=AXIS2_PLACEMENT_3D('',#4365,#3528,#3529);
#3012=AXIS2_PLACEMENT_3D('',#4367,#3530,#3531);
#3013=AXIS2_PLACEMENT_3D('',#4369,#3532,#3533);
#3014=AXIS2_PLACEMENT_3D('',#4371,#3534,#3535);
#3015=AXIS2_PLACEMENT_3D('',#4373,#3536,#3537);
#3016=AXIS2_PLACEMENT_3D('',#4375,#3538,#3539);
#3017=AXIS2_PLACEMENT_3D('',#4377,#3540,#3541);
#3018=AXIS2_PLACEMENT_3D('',#4379,#3542,#3543);
#3019=AXIS2_PLACEMENT_3D('',#4381,#3544,#3545);
#3020=AXIS2_PLACEMENT_3D('',#4383,#3546,#3547);
#3021=AXIS2_PLACEMENT_3D('',#4385,#3548,#3549);
#3022=AXIS2_PLACEMENT_3D('',#4387,#3550,#3551);
#3023=AXIS2_PLACEMENT_3D('',#4389,#3552,#3553);
#3024=AXIS2_PLACEMENT_3D('',#4391,#3554,#3555);
#3025=AXIS2_PLACEMENT_3D('',#4397,#3558,#3559);
#3026=AXIS2_PLACEMENT_3D('',#4400,#3561,#3562);
#3027=AXIS2_PLACEMENT_3D('',#4401,#3563,#3564);
#3028=AXIS2_PLACEMENT_3D('',#4403,#3565,#3566);
#3029=AXIS2_PLACEMENT_3D('',#4405,#3567,#3568);
#3030=AXIS2_PLACEMENT_3D('',#4407,#3569,#3570);
#3031=AXIS2_PLACEMENT_3D('',#4409,#3571,#3572);
#3032=AXIS2_PLACEMENT_3D('',#4411,#3573,#3574);
#3033=AXIS2_PLACEMENT_3D('',#4413,#3575,#3576);
#3034=AXIS2_PLACEMENT_3D('',#4415,#3577,#3578);
#3035=AXIS2_PLACEMENT_3D('',#4417,#3579,#3580);
#3036=AXIS2_PLACEMENT_3D('',#4419,#3581,#3582);
#3037=AXIS2_PLACEMENT_3D('',#4421,#3583,#3584);
#3038=AXIS2_PLACEMENT_3D('',#4423,#3585,#3586);
#3039=AXIS2_PLACEMENT_3D('',#4425,#3587,#3588);
#3040=AXIS2_PLACEMENT_3D('',#4427,#3589,#3590);
#3041=AXIS2_PLACEMENT_3D('',#4429,#3591,#3592);
#3042=AXIS2_PLACEMENT_3D('',#4431,#3593,#3594);
#3043=AXIS2_PLACEMENT_3D('',#4433,#3595,#3596);
#3044=AXIS2_PLACEMENT_3D('',#4437,#3598,#3599);
#3045=AXIS2_PLACEMENT_3D('',#4442,#3602,#3603);
#3046=AXIS2_PLACEMENT_3D('',#4444,#3605,#3606);
#3047=AXIS2_PLACEMENT_3D('',#4446,#3608,#3609);
#3048=AXIS2_PLACEMENT_3D('',#4448,#3611,#3612);
#3049=AXIS2_PLACEMENT_3D('',#4449,#3613,#3614);
#3050=AXIS2_PLACEMENT_3D('',#4450,#3615,#3616);
#3051=AXIS2_PLACEMENT_3D('',#4451,#3617,#3618);
#3052=AXIS2_PLACEMENT_3D('',#4452,#3619,#3620);
#3053=AXIS2_PLACEMENT_3D('',#4453,#3621,#3622);
#3054=AXIS2_PLACEMENT_3D('',#4454,#3623,#3624);
#3055=AXIS2_PLACEMENT_3D('',#4455,#3625,#3626);
#3056=AXIS2_PLACEMENT_3D('',#4456,#3627,#3628);
#3057=AXIS2_PLACEMENT_3D('',#4457,#3629,#3630);
#3058=AXIS2_PLACEMENT_3D('',#4458,#3631,#3632);
#3059=AXIS2_PLACEMENT_3D('',#4459,#3633,#3634);
#3060=AXIS2_PLACEMENT_3D('',#4460,#3635,#3636);
#3061=AXIS2_PLACEMENT_3D('',#4461,#3637,#3638);
#3062=AXIS2_PLACEMENT_3D('',#4462,#3639,#3640);
#3063=AXIS2_PLACEMENT_3D('',#4463,#3641,#3642);
#3064=AXIS2_PLACEMENT_3D('',#4464,#3643,#3644);
#3065=AXIS2_PLACEMENT_3D('',#4465,#3645,#3646);
#3066=AXIS2_PLACEMENT_3D('',#4466,#3647,#3648);
#3067=AXIS2_PLACEMENT_3D('',#4472,#3652,#3653);
#3068=AXIS2_PLACEMENT_3D('',#4478,#3657,#3658);
#3069=AXIS2_PLACEMENT_3D('',#4479,#3659,#3660);
#3070=AXIS2_PLACEMENT_3D('',#4481,#3661,#3662);
#3071=AXIS2_PLACEMENT_3D('',#4483,#3663,#3664);
#3072=AXIS2_PLACEMENT_3D('',#4485,#3665,#3666);
#3073=AXIS2_PLACEMENT_3D('',#4487,#3667,#3668);
#3074=AXIS2_PLACEMENT_3D('',#4494,#3672,#3673);
#3075=AXIS2_PLACEMENT_3D('',#4495,#3674,#3675);
#3076=AXIS2_PLACEMENT_3D('',#4497,#3676,#3677);
#3077=AXIS2_PLACEMENT_3D('',#4499,#3678,#3679);
#3078=AXIS2_PLACEMENT_3D('',#4501,#3680,#3681);
#3079=AXIS2_PLACEMENT_3D('',#4503,#3682,#3683);
#3080=AXIS2_PLACEMENT_3D('',#4510,#3687,#3688);
#3081=AXIS2_PLACEMENT_3D('',#4512,#3690,#3691);
#3082=AXIS2_PLACEMENT_3D('',#4514,#3693,#3694);
#3083=AXIS2_PLACEMENT_3D('',#4515,#3695,#3696);
#3084=AXIS2_PLACEMENT_3D('',#4516,#3697,#3698);
#3085=AXIS2_PLACEMENT_3D('',#4517,#3699,#3700);
#3086=AXIS2_PLACEMENT_3D('',#4518,#3701,#3702);
#3087=AXIS2_PLACEMENT_3D('',#4519,#3703,#3704);
#3088=AXIS2_PLACEMENT_3D('',#4520,#3705,#3706);
#3089=AXIS2_PLACEMENT_3D('',#4521,#3707,#3708);
#3090=AXIS2_PLACEMENT_3D('',#4532,#3711,#3712);
#3091=AXIS2_PLACEMENT_3D('',#4543,#3715,#3716);
#3092=AXIS2_PLACEMENT_3D('',#4554,#3719,#3720);
#3093=AXIS2_PLACEMENT_3D('',#4565,#3723,#3724);
#3094=AXIS2_PLACEMENT_3D('',#4576,#3727,#3728);
#3095=AXIS2_PLACEMENT_3D('',#4587,#3731,#3732);
#3096=AXIS2_PLACEMENT_3D('',#4598,#3735,#3736);
#3097=AXIS2_PLACEMENT_3D('',#4609,#3739,#3740);
#3098=AXIS2_PLACEMENT_3D('',#4618,#3745,#3746);
#3099=AXIS2_PLACEMENT_3D('',#4631,#3752,#3753);
#3100=AXIS2_PLACEMENT_3D('',#4635,#3755,#3756);
#3101=AXIS2_PLACEMENT_3D('',#4639,#3758,#3759);
#3102=AXIS2_PLACEMENT_3D('',#4643,#3761,#3762);
#3103=AXIS2_PLACEMENT_3D('',#4644,#3763,#3764);
#3104=AXIS2_PLACEMENT_3D('',#4645,#3765,#3766);
#3105=AXIS2_PLACEMENT_3D('',#4650,#3768,#3769);
#3106=AXIS2_PLACEMENT_3D('',#4654,#3771,#3772);
#3107=AXIS2_PLACEMENT_3D('',#4658,#3774,#3775);
#3108=AXIS2_PLACEMENT_3D('',#4664,#3778,#3779);
#3109=AXIS2_PLACEMENT_3D('',#4668,#3781,#3782);
#3110=AXIS2_PLACEMENT_3D('',#4672,#3784,#3785);
#3111=AXIS2_PLACEMENT_3D('',#4676,#3787,#3788);
#3112=AXIS2_PLACEMENT_3D('',#4677,#3789,#3790);
#3113=AXIS2_PLACEMENT_3D('',#4678,#3791,#3792);
#3114=AXIS2_PLACEMENT_3D('',#4682,#3794,#3795);
#3115=AXIS2_PLACEMENT_3D('',#4683,#3796,#3797);
#3116=AXIS2_PLACEMENT_3D('',#4687,#3799,#3800);
#3117=AXIS2_PLACEMENT_3D('',#4688,#3801,#3802);
#3118=AXIS2_PLACEMENT_3D('',#4689,#3803,#3804);
#3119=AXIS2_PLACEMENT_3D('',#4693,#3806,#3807);
#3120=AXIS2_PLACEMENT_3D('',#4694,#3808,#3809);
#3121=AXIS2_PLACEMENT_3D('',#4695,#3810,#3811);
#3122=AXIS2_PLACEMENT_3D('',#4699,#3813,#3814);
#3123=AXIS2_PLACEMENT_3D('',#4700,#3815,#3816);
#3124=AXIS2_PLACEMENT_3D('',#4701,#3817,#3818);
#3125=AXIS2_PLACEMENT_3D('',#4702,#3819,#3820);
#3126=AXIS2_PLACEMENT_3D('',#4704,#3821,#3822);
#3127=AXIS2_PLACEMENT_3D('',#4708,#3824,#3825);
#3128=AXIS2_PLACEMENT_3D('',#4709,#3826,#3827);
#3129=AXIS2_PLACEMENT_3D('',#4710,#3828,#3829);
#3130=AXIS2_PLACEMENT_3D('',#4714,#3831,#3832);
#3131=AXIS2_PLACEMENT_3D('',#4715,#3833,#3834);
#3132=AXIS2_PLACEMENT_3D('',#4716,#3835,#3836);
#3133=AXIS2_PLACEMENT_3D('',#4717,#3837,#3838);
#3134=AXIS2_PLACEMENT_3D('',#4721,#3840,#3841);
#3135=AXIS2_PLACEMENT_3D('',#4722,#3842,#3843);
#3136=AXIS2_PLACEMENT_3D('',#4726,#3845,#3846);
#3137=AXIS2_PLACEMENT_3D('',#4727,#3847,#3848);
#3138=AXIS2_PLACEMENT_3D('',#4728,#3849,#3850);
#3139=AXIS2_PLACEMENT_3D('',#4729,#3851,#3852);
#3140=AXIS2_PLACEMENT_3D('',#4730,#3853,#3854);
#3141=AXIS2_PLACEMENT_3D('',#4731,#3855,#3856);
#3142=AXIS2_PLACEMENT_3D('',#4732,#3857,#3858);
#3143=AXIS2_PLACEMENT_3D('',#4733,#3859,#3860);
#3144=AXIS2_PLACEMENT_3D('',#4734,#3861,#3862);
#3145=AXIS2_PLACEMENT_3D('',#4735,#3863,#3864);
#3146=AXIS2_PLACEMENT_3D('',#4736,#3865,#3866);
#3147=AXIS2_PLACEMENT_3D('',#4737,#3867,#3868);
#3148=AXIS2_PLACEMENT_3D('',#4738,#3869,#3870);
#3149=AXIS2_PLACEMENT_3D('',#4739,#3871,#3872);
#3150=AXIS2_PLACEMENT_3D('',#4740,#3873,#3874);
#3151=AXIS2_PLACEMENT_3D('',#4741,#3875,#3876);
#3152=AXIS2_PLACEMENT_3D('',#4742,#3877,#3878);
#3153=AXIS2_PLACEMENT_3D('',#4743,#3879,#3880);
#3154=AXIS2_PLACEMENT_3D('',#4955,#3888,#3889);
#3155=AXIS2_PLACEMENT_3D('',#4961,#3893,#3894);
#3156=AXIS2_PLACEMENT_3D('',#4962,#3895,#3896);
#3157=AXIS2_PLACEMENT_3D('',#4965,#3898,#3899);
#3158=AXIS2_PLACEMENT_3D('',#4969,#3902,#3903);
#3159=AXIS2_PLACEMENT_3D('',#4970,#3904,#3905);
#3160=AXIS2_PLACEMENT_3D('',#4973,#3907,#3908);
#3161=AXIS2_PLACEMENT_3D('',#4977,#3911,#3912);
#3162=AXIS2_PLACEMENT_3D('',#4978,#3913,#3914);
#3163=AXIS2_PLACEMENT_3D('',#4981,#3916,#3917);
#3164=AXIS2_PLACEMENT_3D('',#4985,#3920,#3921);
#3165=AXIS2_PLACEMENT_3D('',#4991,#3925,#3926);
#3166=AXIS2_PLACEMENT_3D('',#4995,#3929,#3930);
#3167=AXIS2_PLACEMENT_3D('',#4999,#3933,#3934);
#3168=AXIS2_PLACEMENT_3D('',#5005,#3938,#3939);
#3169=AXIS2_PLACEMENT_3D('',#5009,#3942,#3943);
#3170=AXIS2_PLACEMENT_3D('',#5013,#3946,#3947);
#3171=AXIS2_PLACEMENT_3D('',#5015,#3949,#3950);
#3172=AXIS2_PLACEMENT_3D('',#5017,#3952,#3953);
#3173=AXIS2_PLACEMENT_3D('',#5018,#3954,#3955);
#3174=AXIS2_PLACEMENT_3D('',#5020,#3956,#3957);
#3175=AXIS2_PLACEMENT_3D('',#5021,#3958,#3959);
#3176=AXIS2_PLACEMENT_3D('',#5022,#3960,#3961);
#3177=AXIS2_PLACEMENT_3D('',#5023,#3962,#3963);
#3178=AXIS2_PLACEMENT_3D('',#5024,#3964,#3965);
#3179=AXIS2_PLACEMENT_3D('',#5025,#3966,#3967);
#3180=AXIS2_PLACEMENT_3D('',#5027,#3968,#3969);
#3181=AXIS2_PLACEMENT_3D('',#5029,#3970,#3971);
#3182=AXIS2_PLACEMENT_3D('',#5030,#3972,#3973);
#3183=AXIS2_PLACEMENT_3D('',#5032,#3974,#3975);
#3184=AXIS2_PLACEMENT_3D('',#5034,#3976,#3977);
#3185=AXIS2_PLACEMENT_3D('',#5035,#3978,#3979);
#3186=AXIS2_PLACEMENT_3D('',#5039,#3981,#3982);
#3187=AXIS2_PLACEMENT_3D('',#5043,#3984,#3985);
#3188=AXIS2_PLACEMENT_3D('',#5047,#3987,#3988);
#3189=AXIS2_PLACEMENT_3D('',#5051,#3990,#3991);
#3190=AXIS2_PLACEMENT_3D('',#5052,#3992,#3993);
#3191=AXIS2_PLACEMENT_3D('',#5056,#3995,#3996);
#3192=AXIS2_PLACEMENT_3D('',#5060,#3998,#3999);
#3193=AXIS2_PLACEMENT_3D('',#5064,#4001,#4002);
#3194=AXIS2_PLACEMENT_3D('',#5068,#4004,#4005);
#3195=AXIS2_PLACEMENT_3D('',#5069,#4006,#4007);
#3196=AXIS2_PLACEMENT_3D('',#5070,#4008,#4009);
#3197=AXIS2_PLACEMENT_3D('',#5071,#4010,#4011);
#3198=AXIS2_PLACEMENT_3D('',#5072,#4012,#4013);
#3199=AXIS2_PLACEMENT_3D('',#5073,#4014,#4015);
#3200=AXIS2_PLACEMENT_3D('',#5074,#4016,#4017);
#3201=AXIS2_PLACEMENT_3D('',#5075,#4018,#4019);
#3202=AXIS2_PLACEMENT_3D('',#5076,#4020,#4021);
#3203=AXIS2_PLACEMENT_3D('',#5077,#4022,#4023);
#3204=AXIS2_PLACEMENT_3D('',#5078,#4024,#4025);
#3205=AXIS2_PLACEMENT_3D('',#5079,#4026,#4027);
#3206=AXIS2_PLACEMENT_3D('',#5080,#4028,#4029);
#3207=AXIS2_PLACEMENT_3D('',#5081,#4030,#4031);
#3208=AXIS2_PLACEMENT_3D('',#5082,#4032,#4033);
#3209=AXIS2_PLACEMENT_3D('',#5083,#4034,#4035);
#3210=AXIS2_PLACEMENT_3D('',#5084,#4036,#4037);
#3211=AXIS2_PLACEMENT_3D('',#5085,#4038,#4039);
#3212=DIRECTION('',(0.,0.,1.));
#3213=DIRECTION('',(1.,0.,0.));
#3214=DIRECTION('',(5.58298409987757E-32,-2.39272203583E-16,1.));
#3215=DIRECTION('',(0.,-1.,-2.39272203583E-16));
#3216=DIRECTION('',(-2.334869823773E-16,1.,2.39272203583E-16));
#3217=DIRECTION('',(1.,2.334869823773E-16,3.71037825860104E-35));
#3218=DIRECTION('',(-2.334869823773E-16,1.,2.39272203583E-16));
#3219=DIRECTION('',(1.,2.334869823773E-16,3.71037825860069E-35));
#3220=DIRECTION('',(-1.,-2.39974442842858E-16,-1.58937274383782E-33));
#3221=DIRECTION('',(-5.58298409987757E-32,2.39272203583E-16,-1.));
#3222=DIRECTION('',(0.,1.,2.39272203583E-16));
#3223=DIRECTION('',(-1.,-1.19987221421429E-15,-2.31266227714292E-31));
#3224=DIRECTION('',(-5.58298409987757E-32,2.39272203583E-16,-1.));
#3225=DIRECTION('',(0.,1.,2.39272203583E-16));
#3226=DIRECTION('',(-5.58298409987757E-32,2.39272203583E-16,-1.));
#3227=DIRECTION('',(0.,1.,2.39272203583E-16));
#3228=DIRECTION('',(2.75435297394391E-16,1.,2.39272203583E-16));
#3229=DIRECTION('',(-1.,0.,5.58298409987757E-32));
#3230=DIRECTION('',(5.54103543782923E-16,-1.,-2.39272203583E-16));
#3231=DIRECTION('',(-1.,0.,5.58298409987757E-32));
#3232=DIRECTION('',(1.50669441271306E-16,1.,2.39272203583E-16));
#3233=DIRECTION('',(-1.,0.,5.58298409987757E-32));
#3234=DIRECTION('',(1.60465932123251E-16,-1.,-2.39272203583E-16));
#3235=DIRECTION('',(-1.,0.,5.58298409987757E-32));
#3236=DIRECTION('',(1.,2.334869823773E-16,3.71037825860069E-35));
#3237=DIRECTION('',(2.334869823773E-16,-1.,-2.39272203583E-16));
#3238=DIRECTION('',(1.,2.334869823773E-16,3.71037825860069E-35));
#3239=DIRECTION('',(2.334869823773E-16,-1.,-2.39272203583E-16));
#3240=DIRECTION('',(-1.,-2.39974442842858E-16,-1.58937274383782E-33));
#3241=DIRECTION('',(-5.58298409987757E-32,2.39272203583E-16,-1.));
#3242=DIRECTION('',(0.,1.,2.39272203583E-16));
#3243=DIRECTION('',(-1.,-1.19987221421429E-15,-2.31266227714292E-31));
#3244=DIRECTION('',(-5.58298409987757E-32,2.39272203583E-16,-1.));
#3245=DIRECTION('',(0.,1.,2.39272203583E-16));
#3246=DIRECTION('',(-1.,-2.334869823773E-16,-5.23400733828064E-32));
#3247=DIRECTION('',(-2.334869823773E-16,1.,0.));
#3248=DIRECTION('',(-3.52687139855526E-33,2.39272203583E-16,-1.));
#3249=DIRECTION('',(2.334869823773E-16,-1.,-2.39272203583E-16));
#3250=DIRECTION('',(-3.52687139855526E-33,2.39272203583E-16,-1.));
#3251=DIRECTION('',(2.334869823773E-16,-1.,-2.39272203583E-16));
#3252=DIRECTION('',(-1.,-2.334869823773E-16,-5.23400733828064E-32));
#3253=DIRECTION('',(-2.334869823773E-16,1.,0.));
#3254=DIRECTION('',(-2.334869823773E-16,1.,-1.22207257915579E-47));
#3255=DIRECTION('',(-1.,-2.334869823773E-16,-5.23400733828064E-32));
#3256=DIRECTION('',(-2.334869823773E-16,1.,0.));
#3257=DIRECTION('',(-5.23400733828064E-32,-1.22207257915579E-47,1.));
#3258=DIRECTION('',(-1.,-2.334869823773E-16,-5.23400733828064E-32));
#3259=DIRECTION('',(-2.334869823773E-16,1.,0.));
#3260=DIRECTION('',(-2.334869823773E-16,1.,-1.22207257915579E-47));
#3261=DIRECTION('',(-1.,-2.334869823773E-16,-5.23400733828064E-32));
#3262=DIRECTION('',(-2.334869823773E-16,1.,0.));
#3263=DIRECTION('',(-5.23400733828064E-32,-1.22207257915579E-47,1.));
#3264=DIRECTION('',(1.,2.334869823773E-16,5.23400733828064E-32));
#3265=DIRECTION('',(2.334869823773E-16,-1.,0.));
#3266=DIRECTION('',(-2.334869823773E-16,1.,2.39272203583E-16));
#3267=DIRECTION('',(-3.52687139855524E-33,2.39272203583E-16,-1.));
#3268=DIRECTION('',(-2.334869823773E-16,1.,2.39272203583E-16));
#3269=DIRECTION('',(-3.52687139855524E-33,2.39272203583E-16,-1.));
#3270=DIRECTION('',(-2.334869823773E-16,1.,2.39272203583E-16));
#3271=DIRECTION('',(0.,-2.39272203583E-16,1.));
#3272=DIRECTION('',(2.334869823773E-16,-1.,-2.39272203583E-16));
#3273=DIRECTION('',(0.,2.39272203583E-16,-1.));
#3274=DIRECTION('',(2.334869823773E-16,-1.,-2.39272203583E-16));
#3275=DIRECTION('',(0.,2.39272203583E-16,-1.));
#3276=DIRECTION('',(-2.334869823773E-16,1.,2.39272203583E-16));
#3277=DIRECTION('',(0.,-2.39272203583E-16,1.));
#3278=DIRECTION('',(-2.334869823773E-16,1.,2.39272203583E-16));
#3279=DIRECTION('',(2.334869823773E-16,-1.,-2.39272203583E-16));
#3280=DIRECTION('',(0.,2.39272203583E-16,-1.));
#3281=DIRECTION('',(2.334869823773E-16,-1.,-2.39272203583E-16));
#3282=DIRECTION('',(0.,2.39272203583E-16,-1.));
#3283=DIRECTION('',(1.,2.334869823773E-16,5.23400733828064E-32));
#3284=DIRECTION('',(2.334869823773E-16,-1.,0.));
#3285=DIRECTION('',(1.,2.334869823773E-16,5.23400733828064E-32));
#3286=DIRECTION('',(2.334869823773E-16,-1.,0.));
#3287=DIRECTION('',(2.334869823773E-16,-1.,1.22207257915579E-47));
#3288=DIRECTION('',(1.,2.334869823773E-16,5.23400733828064E-32));
#3289=DIRECTION('',(2.334869823773E-16,-1.,0.));
#3290=DIRECTION('',(5.23400733828064E-32,1.22207257915579E-47,-1.));
#3291=DIRECTION('',(1.,2.334869823773E-16,5.23400733828064E-32));
#3292=DIRECTION('',(2.334869823773E-16,-1.,0.));
#3293=DIRECTION('',(2.334869823773E-16,-1.,1.22207257915579E-47));
#3294=DIRECTION('',(1.,2.334869823773E-16,5.23400733828064E-32));
#3295=DIRECTION('',(2.334869823773E-16,-1.,0.));
#3296=DIRECTION('',(5.23400733828064E-32,1.22207257915579E-47,-1.));
#3297=DIRECTION('',(-2.334869823773E-16,1.,2.39272203583E-16));
#3298=DIRECTION('',(-3.52687139855526E-33,2.39272203583E-16,-1.));
#3299=DIRECTION('',(-3.52687139855526E-33,2.39272203583E-16,-1.));
#3300=DIRECTION('',(-2.334869823773E-16,1.,2.39272203583E-16));
#3301=DIRECTION('',(0.,-2.39272203583E-16,1.));
#3302=DIRECTION('',(-2.334869823773E-16,1.,2.39272203583E-16));
#3303=DIRECTION('',(2.334869823773E-16,-1.,-2.39272203583E-16));
#3304=DIRECTION('',(0.,2.39272203583E-16,-1.));
#3305=DIRECTION('',(2.334869823773E-16,-1.,-2.39272203583E-16));
#3306=DIRECTION('',(0.,2.39272203583E-16,-1.));
#3307=DIRECTION('',(5.58298409987757E-32,-2.39272203583E-16,1.));
#3308=DIRECTION('',(0.,-1.,-2.39272203583E-16));
#3309=DIRECTION('',(-2.334869823773E-16,1.,2.39272203583E-16));
#3310=DIRECTION('',(1.,2.334869823773E-16,3.71037825860104E-35));
#3311=DIRECTION('',(5.58298409987757E-32,-2.39272203583E-16,1.));
#3312=DIRECTION('',(0.,-1.,-2.39272203583E-16));
#3313=DIRECTION('',(1.,2.334869823773E-16,3.71037825860104E-35));
#3314=DIRECTION('',(1.,2.334869823773E-16,3.71037825860069E-35));
#3315=DIRECTION('',(-2.334869823773E-16,1.,2.39272203583E-16));
#3316=DIRECTION('',(0.,-2.39272203583E-16,1.));
#3317=DIRECTION('',(2.334869823773E-16,-1.,-2.39272203583E-16));
#3318=DIRECTION('',(0.,2.39272203583E-16,-1.));
#3319=DIRECTION('',(2.334869823773E-16,-1.,-2.39272203583E-16));
#3320=DIRECTION('',(0.,2.39272203583E-16,-1.));
#3321=DIRECTION('',(2.334869823773E-16,-1.,-2.39272203583E-16));
#3322=DIRECTION('',(1.,2.334869823773E-16,5.58669447813617E-32));
#3323=DIRECTION('',(2.334869823773E-16,-1.,-2.39272203583E-16));
#3324=DIRECTION('',(0.,2.39272203583E-16,-1.));
#3325=DIRECTION('',(-3.52687139855524E-33,2.39272203583E-16,-1.));
#3326=DIRECTION('',(2.334869823773E-16,-1.,-2.39272203583E-16));
#3327=DIRECTION('',(0.,2.39272203583E-16,-1.));
#3328=DIRECTION('',(1.,2.334869823773E-16,3.71037825860104E-35));
#3329=DIRECTION('',(2.334869823773E-16,-1.,-2.39272203583E-16));
#3330=DIRECTION('',(0.,2.39272203583E-16,-1.));
#3331=DIRECTION('',(-3.52687139855526E-33,2.39272203583E-16,-1.));
#3332=DIRECTION('',(2.334869823773E-16,-1.,-2.39272203583E-16));
#3333=DIRECTION('',(0.,2.39272203583E-16,-1.));
#3334=DIRECTION('',(1.,2.334869823773E-16,3.71037825860104E-35));
#3335=DIRECTION('',(2.334869823773E-16,-1.,-2.39272203583E-16));
#3336=DIRECTION('',(0.,2.39272203583E-16,-1.));
#3337=DIRECTION('',(2.334869823773E-16,-1.,-2.39272203583E-16));
#3338=DIRECTION('',(0.,-1.,0.));
#3339=DIRECTION('',(-1.,0.,0.));
#3340=DIRECTION('',(2.334869823773E-16,-1.,-2.39272203583E-16));
#3341=DIRECTION('',(2.334869823773E-16,-1.,-2.39272203583E-16));
#3342=DIRECTION('',(0.,2.39272203583E-16,-1.));
#3343=DIRECTION('',(2.334869823773E-16,-1.,-2.39272203583E-16));
#3344=DIRECTION('',(0.,2.39272203583E-16,-1.));
#3345=DIRECTION('',(2.334869823773E-16,-1.,-2.39272203583E-16));
#3346=DIRECTION('',(0.,-1.,0.));
#3347=DIRECTION('',(-1.,0.,0.));
#3348=DIRECTION('',(-1.,-2.334869823773E-16,-5.23400733828064E-32));
#3349=DIRECTION('',(-2.334869823773E-16,1.,0.));
#3350=DIRECTION('',(-5.23400733828064E-32,0.,1.));
#3351=DIRECTION('',(2.334869823773E-16,-1.,1.15228677816376E-15));
#3352=DIRECTION('',(-5.23400733828064E-32,0.,1.));
#3353=DIRECTION('',(-3.52687139855526E-33,2.39272203583E-16,-1.));
#3354=DIRECTION('',(2.334869823773E-16,-1.,-2.39272203583E-16));
#3355=DIRECTION('',(-3.52687139855526E-33,2.39272203583E-16,-1.));
#3356=DIRECTION('',(2.334869823773E-16,-1.,-2.39272203583E-16));
#3357=DIRECTION('',(0.,2.39272203583E-16,-1.));
#3358=DIRECTION('',(2.334869823773E-16,-1.,-2.39272203583E-16));
#3359=DIRECTION('',(0.,2.39272203583E-16,-1.));
#3360=DIRECTION('',(2.334869823773E-16,-1.,-2.39272203583E-16));
#3361=DIRECTION('',(0.,2.39272203583E-16,-1.));
#3362=DIRECTION('',(2.334869823773E-16,-1.,-2.39272203583E-16));
#3363=DIRECTION('',(-5.58298409987757E-32,2.39272203583E-16,-1.));
#3364=DIRECTION('',(0.,1.,2.39272203583E-16));
#3365=DIRECTION('',(-1.,0.,5.58298409987757E-32));
#3366=DIRECTION('',(1.90502544498522E-16,-1.,-2.39272203583E-16));
#3367=DIRECTION('',(-1.,0.,5.58298409987757E-32));
#3368=DIRECTION('',(4.92287793403789E-16,1.,2.39272203583E-16));
#3369=DIRECTION('',(-5.58298409987757E-32,2.39272203583E-16,-1.));
#3370=DIRECTION('',(0.,1.,2.39272203583E-16));
#3371=DIRECTION('',(1.,2.334869823773E-16,3.71037825860069E-35));
#3372=DIRECTION('',(1.,2.334869823773E-16,3.71037825860069E-35));
#3373=DIRECTION('',(2.334869823773E-16,-1.,-2.39272203583E-16));
#3374=DIRECTION('',(1.,2.334869823773E-16,3.71037825860069E-35));
#3375=DIRECTION('',(2.334869823773E-16,-1.,-2.39272203583E-16));
#3376=DIRECTION('',(0.,2.39272203583E-16,-1.));
#3377=DIRECTION('',(2.334869823773E-16,-1.,-2.39272203583E-16));
#3378=DIRECTION('',(0.,2.39272203583E-16,-1.));
#3379=DIRECTION('',(2.334869823773E-16,-1.,-2.39272203583E-16));
#3380=DIRECTION('',(0.,2.39272203583E-16,-1.));
#3381=DIRECTION('',(2.334869823773E-16,-1.,-2.39272203583E-16));
#3382=DIRECTION('',(0.,2.39272203583E-16,-1.));
#3383=DIRECTION('',(2.334869823773E-16,-1.,-2.39272203583E-16));
#3384=DIRECTION('',(0.,2.39272203583E-16,-1.));
#3385=DIRECTION('',(2.334869823773E-16,-1.,-2.39272203583E-16));
#3386=DIRECTION('',(0.,2.39272203583E-16,-1.));
#3387=DIRECTION('',(2.334869823773E-16,-1.,-2.39272203583E-16));
#3388=DIRECTION('',(1.,2.334869823773E-16,5.58669447813617E-32));
#3389=DIRECTION('',(2.334869823773E-16,-1.,-2.39272203583E-16));
#3390=DIRECTION('',(1.,2.334869823773E-16,5.58669447813617E-32));
#3391=DIRECTION('',(-1.,-2.334869823773E-16,-3.71037825860104E-35));
#3392=DIRECTION('',(5.58298409987757E-32,-2.39272203583E-16,1.));
#3393=DIRECTION('',(5.58298409987757E-32,-2.39272203583E-16,1.));
#3394=DIRECTION('',(-5.23400733828064E-32,0.,1.));
#3395=DIRECTION('',(1.,0.,5.23400733828064E-32));
#3396=DIRECTION('',(1.,2.334869823773E-16,5.23400733828064E-32));
#3397=DIRECTION('',(1.,2.334869823773E-16,5.23400733828064E-32));
#3398=DIRECTION('',(1.,2.334869823773E-16,5.23400733828064E-32));
#3399=DIRECTION('',(2.334869823773E-16,-1.,0.));
#3400=DIRECTION('',(1.,2.334869823773E-16,5.23400733828064E-32));
#3401=DIRECTION('',(2.334869823773E-16,-1.,0.));
#3402=DIRECTION('',(-1.,-2.334869823773E-16,0.));
#3403=DIRECTION('',(1.,2.334869823773E-16,5.23400733828064E-32));
#3404=DIRECTION('',(1.,2.334869823773E-16,5.23400733828064E-32));
#3405=DIRECTION('',(2.334869823773E-16,-1.,0.));
#3406=DIRECTION('',(1.,2.334869823773E-16,5.23400733828064E-32));
#3407=DIRECTION('',(-5.23400733828064E-32,0.,1.));
#3408=DIRECTION('',(1.,0.,5.23400733828064E-32));
#3409=DIRECTION('',(1.,2.334869823773E-16,5.23400733828064E-32));
#3410=DIRECTION('',(1.,2.334869823773E-16,5.23400733828064E-32));
#3411=DIRECTION('',(2.334869823773E-16,-1.,0.));
#3412=DIRECTION('',(1.,2.334869823773E-16,5.23400733828064E-32));
#3413=DIRECTION('',(2.334869823773E-16,-1.,0.));
#3414=DIRECTION('',(-1.,-2.334869823773E-16,0.));
#3415=DIRECTION('',(1.,2.334869823773E-16,5.23400733828064E-32));
#3416=DIRECTION('',(1.,2.334869823773E-16,5.23400733828064E-32));
#3417=DIRECTION('',(2.334869823773E-16,-1.,0.));
#3418=DIRECTION('',(5.58298409987757E-32,-2.39272203583E-16,1.));
#3419=DIRECTION('',(0.,-1.,-2.39272203583E-16));
#3420=DIRECTION('',(5.58298409987757E-32,-2.39272203583E-16,1.));
#3421=DIRECTION('',(0.,-1.,-2.39272203583E-16));
#3422=DIRECTION('',(5.58298409987757E-32,-2.39272203583E-16,1.));
#3423=DIRECTION('',(1.,1.33585290814656E-47,-5.58298409987757E-32));
#3424=DIRECTION('',(2.39974442842858E-16,-1.,-2.39272203583E-16));
#3425=DIRECTION('',(-1.,-2.39974442842858E-16,0.));
#3426=DIRECTION('',(-5.58298409987757E-32,2.39272203583E-16,-1.));
#3427=DIRECTION('',(-5.58298409987757E-32,2.39272203583E-16,-1.));
#3428=DIRECTION('',(-5.58298409987757E-32,2.39272203583E-16,-1.));
#3429=DIRECTION('',(0.,1.,2.39272203583E-16));
#3430=DIRECTION('',(-5.58298409987757E-32,2.39272203583E-16,-1.));
#3431=DIRECTION('',(1.19987221421429E-15,-1.,-2.39272203583E-16));
#3432=DIRECTION('',(-1.,-1.19987221421429E-15,0.));
#3433=DIRECTION('',(-5.58298409987757E-32,2.39272203583E-16,-1.));
#3434=DIRECTION('',(-5.58298409987757E-32,2.39272203583E-16,-1.));
#3435=DIRECTION('',(0.,1.,2.39272203583E-16));
#3436=DIRECTION('',(-3.52687139855526E-33,2.39272203583E-16,-1.));
#3437=DIRECTION('',(0.,1.,2.39272203583E-16));
#3438=DIRECTION('',(0.,0.,-1.));
#3439=DIRECTION('',(0.,1.,0.));
#3440=DIRECTION('',(0.,0.,1.));
#3441=DIRECTION('',(0.,-1.,0.));
#3442=DIRECTION('',(2.334869823773E-16,-1.,-2.39272203583E-16));
#3443=DIRECTION('',(0.,2.39272203583E-16,-1.));
#3444=DIRECTION('',(-1.,0.,0.));
#3445=DIRECTION('',(0.,1.,0.));
#3446=DIRECTION('',(2.334869823773E-16,-1.,-2.39272203583E-16));
#3447=DIRECTION('',(0.,2.39272203583E-16,-1.));
#3448=DIRECTION('',(-1.,0.,0.));
#3449=DIRECTION('',(0.,1.,0.));
#3450=DIRECTION('',(1.,2.334869823773E-16,3.71037825860104E-35));
#3451=DIRECTION('',(2.334869823773E-16,-1.,0.));
#3452=DIRECTION('',(-1.,0.,1.27741639162684E-14));
#3453=DIRECTION('',(1.27741639162684E-14,0.,1.));
#3454=DIRECTION('',(-1.,-2.334869823773E-16,-3.71037825860104E-35));
#3455=DIRECTION('',(-2.334869823773E-16,1.,0.));
#3456=DIRECTION('',(-1.,0.,0.));
#3457=DIRECTION('',(0.,1.,0.));
#3458=DIRECTION('',(2.334869823773E-16,-1.,-2.39272203583E-16));
#3459=DIRECTION('',(0.,2.39272203583E-16,-1.));
#3460=DIRECTION('',(0.,0.,-1.));
#3461=DIRECTION('',(0.,1.,0.));
#3462=DIRECTION('',(2.334869823773E-16,-1.,-2.39272203583E-16));
#3463=DIRECTION('',(0.,2.39272203583E-16,-1.));
#3464=DIRECTION('',(0.,0.,1.));
#3465=DIRECTION('',(0.,-1.,0.));
#3466=DIRECTION('',(3.52687139855524E-33,-2.39272203583E-16,1.));
#3467=DIRECTION('',(0.,-1.,-2.39272203583E-16));
#3468=DIRECTION('',(0.,0.,1.));
#3469=DIRECTION('',(0.,-1.,0.));
#3470=DIRECTION('',(1.,0.,0.));
#3471=DIRECTION('',(0.,1.,0.));
#3472=DIRECTION('',(1.,0.,0.));
#3473=DIRECTION('',(0.,1.,0.));
#3474=DIRECTION('',(1.,0.,0.));
#3475=DIRECTION('',(0.,-1.,0.));
#3476=DIRECTION('',(0.,0.,-1.));
#3477=DIRECTION('',(0.,1.,0.));
#3478=DIRECTION('',(0.,0.,-1.));
#3479=DIRECTION('',(0.,0.,-1.));
#3480=DIRECTION('',(0.,1.,0.));
#3481=DIRECTION('',(-1.,0.,0.));
#3482=DIRECTION('',(0.,1.,0.));
#3483=DIRECTION('',(-1.,0.,0.));
#3484=DIRECTION('',(1.,0.,0.));
#3485=DIRECTION('',(0.,-1.,0.));
#3486=DIRECTION('',(0.,0.,-1.));
#3487=DIRECTION('',(0.,1.,0.));
#3488=DIRECTION('',(0.,0.,-1.));
#3489=DIRECTION('',(0.782326387690775,0.,0.622868704561967));
#3490=DIRECTION('',(0.622868704561967,0.,-0.782326387690775));
#3491=DIRECTION('',(0.622868704561967,0.,-0.782326387690775));
#3492=DIRECTION('',(0.622868704561967,0.,-0.782326387690775));
#3493=DIRECTION('',(-0.437141926298854,0.,0.899392537367154));
#3494=DIRECTION('',(0.899392537367154,0.,0.437141926298854));
#3495=DIRECTION('',(0.899392537367154,0.,0.437141926298854));
#3496=DIRECTION('',(0.899392537367154,0.,0.437141926298854));
#3497=DIRECTION('',(0.,1.,0.));
#3498=DIRECTION('',(1.,0.,0.));
#3499=DIRECTION('',(0.,-1.,0.));
#3500=DIRECTION('',(0.,0.,-1.));
#3501=DIRECTION('',(0.,0.,-1.));
#3502=DIRECTION('',(0.,-1.,0.));
#3503=DIRECTION('',(1.,0.,0.));
#3504=DIRECTION('',(0.,-1.,0.));
#3505=DIRECTION('',(1.,0.,0.));
#3506=DIRECTION('',(-0.655809134600239,0.,0.754926737488404));
#3507=DIRECTION('',(0.754926737488404,0.,0.655809134600239));
#3508=DIRECTION('',(0.754926737488404,0.,0.655809134600239));
#3509=DIRECTION('',(0.754926737488404,0.,0.655809134600239));
#3510=DIRECTION('',(0.,1.,0.));
#3511=DIRECTION('',(0.396436321797887,0.,0.918062221616467));
#3512=DIRECTION('',(0.918062221616467,0.,-0.396436321797887));
#3513=DIRECTION('',(0.918062221616467,0.,-0.396436321797887));
#3514=DIRECTION('',(0.918062221616467,0.,-0.396436321797887));
#3515=DIRECTION('',(0.980081995117899,0.,-0.198593259819458));
#3516=DIRECTION('',(-0.198593259819458,0.,-0.980081995117899));
#3517=DIRECTION('',(-0.198593259819458,0.,-0.980081995117899));
#3518=DIRECTION('',(-0.198593259819458,0.,-0.980081995117899));
#3519=DIRECTION('',(0.,1.,0.));
#3520=DIRECTION('',(0.,-1.,0.));
#3521=DIRECTION('',(1.,0.,0.));
#3522=DIRECTION('',(0.,-1.,0.));
#3523=DIRECTION('',(-1.,0.,0.));
#3524=DIRECTION('',(0.,-1.,0.));
#3525=DIRECTION('',(-1.,0.,0.));
#3526=DIRECTION('',(0.,-1.,0.));
#3527=DIRECTION('',(-1.,0.,0.));
#3528=DIRECTION('',(0.,-1.,0.));
#3529=DIRECTION('',(-1.,0.,0.));
#3530=DIRECTION('',(0.,-1.,0.));
#3531=DIRECTION('',(-1.,0.,0.));
#3532=DIRECTION('',(0.,-1.,0.));
#3533=DIRECTION('',(-1.,0.,0.));
#3534=DIRECTION('',(0.,-1.,0.));
#3535=DIRECTION('',(-1.,0.,0.));
#3536=DIRECTION('',(0.,-1.,0.));
#3537=DIRECTION('',(-1.,0.,0.));
#3538=DIRECTION('',(0.,-1.,0.));
#3539=DIRECTION('',(-1.,0.,0.));
#3540=DIRECTION('',(0.,-1.,0.));
#3541=DIRECTION('',(-1.,0.,0.));
#3542=DIRECTION('',(0.,-1.,0.));
#3543=DIRECTION('',(-1.,0.,0.));
#3544=DIRECTION('',(0.,-1.,0.));
#3545=DIRECTION('',(-1.,0.,0.));
#3546=DIRECTION('',(0.,-1.,0.));
#3547=DIRECTION('',(-1.,0.,0.));
#3548=DIRECTION('',(0.,-1.,0.));
#3549=DIRECTION('',(-1.,0.,0.));
#3550=DIRECTION('',(0.,-1.,0.));
#3551=DIRECTION('',(-1.,0.,0.));
#3552=DIRECTION('',(0.,-1.,0.));
#3553=DIRECTION('',(-1.,0.,0.));
#3554=DIRECTION('',(0.,-1.,0.));
#3555=DIRECTION('',(-1.,0.,0.));
#3556=DIRECTION('',(0.,0.,1.));
#3557=DIRECTION('',(-1.,0.,0.));
#3558=DIRECTION('',(0.,-1.,0.));
#3559=DIRECTION('',(-1.,0.,0.));
#3560=DIRECTION('',(-1.,0.,0.));
#3561=DIRECTION('',(0.,-1.,0.));
#3562=DIRECTION('',(1.,0.,0.));
#3563=DIRECTION('',(0.,-1.,0.));
#3564=DIRECTION('',(-1.,0.,0.));
#3565=DIRECTION('',(0.,-1.,0.));
#3566=DIRECTION('',(-1.,0.,0.));
#3567=DIRECTION('',(0.,-1.,0.));
#3568=DIRECTION('',(-1.,0.,0.));
#3569=DIRECTION('',(0.,-1.,0.));
#3570=DIRECTION('',(-1.,0.,0.));
#3571=DIRECTION('',(0.,-1.,0.));
#3572=DIRECTION('',(-1.,0.,0.));
#3573=DIRECTION('',(0.,-1.,0.));
#3574=DIRECTION('',(-1.,0.,0.));
#3575=DIRECTION('',(0.,-1.,0.));
#3576=DIRECTION('',(-1.,0.,0.));
#3577=DIRECTION('',(0.,-1.,0.));
#3578=DIRECTION('',(-1.,0.,0.));
#3579=DIRECTION('',(0.,-1.,0.));
#3580=DIRECTION('',(-1.,0.,0.));
#3581=DIRECTION('',(0.,-1.,0.));
#3582=DIRECTION('',(-1.,0.,0.));
#3583=DIRECTION('',(0.,-1.,0.));
#3584=DIRECTION('',(-1.,0.,0.));
#3585=DIRECTION('',(0.,-1.,0.));
#3586=DIRECTION('',(-1.,0.,0.));
#3587=DIRECTION('',(0.,-1.,0.));
#3588=DIRECTION('',(-1.,0.,0.));
#3589=DIRECTION('',(0.,-1.,0.));
#3590=DIRECTION('',(-1.,0.,0.));
#3591=DIRECTION('',(0.,-1.,0.));
#3592=DIRECTION('',(-1.,0.,0.));
#3593=DIRECTION('',(0.,-1.,0.));
#3594=DIRECTION('',(-1.,0.,0.));
#3595=DIRECTION('',(0.,-1.,0.));
#3596=DIRECTION('',(-1.,0.,0.));
#3597=DIRECTION('',(-1.,0.,0.));
#3598=DIRECTION('',(0.,-1.,0.));
#3599=DIRECTION('',(-1.,0.,0.));
#3600=DIRECTION('',(-1.,0.,0.));
#3601=DIRECTION('',(0.,0.,1.));
#3602=DIRECTION('',(-1.,0.,0.));
#3603=DIRECTION('',(0.,1.,0.));
#3604=DIRECTION('',(0.,1.,0.));
#3605=DIRECTION('',(0.,0.,-1.));
#3606=DIRECTION('',(0.,1.,0.));
#3607=DIRECTION('',(0.,1.,0.));
#3608=DIRECTION('',(0.,1.,0.));
#3609=DIRECTION('',(1.,0.,0.));
#3610=DIRECTION('',(0.,1.,0.));
#3611=DIRECTION('',(0.,0.,-1.));
#3612=DIRECTION('',(0.,1.,0.));
#3613=DIRECTION('',(0.,1.,0.));
#3614=DIRECTION('',(1.,0.,0.));
#3615=DIRECTION('',(0.,1.,0.));
#3616=DIRECTION('',(1.,0.,0.));
#3617=DIRECTION('',(0.,1.,0.));
#3618=DIRECTION('',(1.,0.,0.));
#3619=DIRECTION('',(0.,1.,0.));
#3620=DIRECTION('',(1.,0.,0.));
#3621=DIRECTION('',(0.,1.,0.));
#3622=DIRECTION('',(1.,0.,0.));
#3623=DIRECTION('',(0.,1.,0.));
#3624=DIRECTION('',(1.,0.,0.));
#3625=DIRECTION('',(0.,1.,0.));
#3626=DIRECTION('',(1.,0.,0.));
#3627=DIRECTION('',(0.,1.,0.));
#3628=DIRECTION('',(1.,0.,0.));
#3629=DIRECTION('',(0.,1.,0.));
#3630=DIRECTION('',(1.,0.,0.));
#3631=DIRECTION('',(0.,1.,0.));
#3632=DIRECTION('',(1.,0.,0.));
#3633=DIRECTION('',(0.,1.,0.));
#3634=DIRECTION('',(1.,0.,0.));
#3635=DIRECTION('',(0.,1.,0.));
#3636=DIRECTION('',(1.,0.,0.));
#3637=DIRECTION('',(0.,1.,0.));
#3638=DIRECTION('',(1.,0.,0.));
#3639=DIRECTION('',(0.,1.,0.));
#3640=DIRECTION('',(1.,0.,0.));
#3641=DIRECTION('',(0.,1.,0.));
#3642=DIRECTION('',(1.,0.,0.));
#3643=DIRECTION('',(0.,1.,0.));
#3644=DIRECTION('',(1.,0.,0.));
#3645=DIRECTION('',(0.,1.,0.));
#3646=DIRECTION('',(1.,0.,0.));
#3647=DIRECTION('',(0.830523427678288,0.,0.556983694624454));
#3648=DIRECTION('',(0.556983694624454,0.,-0.830523427678288));
#3649=DIRECTION('',(0.556983694624454,0.,-0.830523427678288));
#3650=DIRECTION('',(0.556983694624454,0.,-0.830523427678288));
#3651=DIRECTION('',(0.,1.,0.));
#3652=DIRECTION('',(-0.846206412951448,0.,0.532855239891514));
#3653=DIRECTION('',(0.532855239891514,0.,0.846206412951448));
#3654=DIRECTION('',(0.532855239891514,0.,0.846206412951448));
#3655=DIRECTION('',(0.532855239891514,0.,0.846206412951448));
#3656=DIRECTION('',(0.,1.,0.));
#3657=DIRECTION('',(0.,-1.,0.));
#3658=DIRECTION('',(1.,0.,0.));
#3659=DIRECTION('',(0.,-1.,0.));
#3660=DIRECTION('',(-1.,0.,0.));
#3661=DIRECTION('',(0.,-1.,0.));
#3662=DIRECTION('',(-1.,0.,0.));
#3663=DIRECTION('',(0.,-1.,0.));
#3664=DIRECTION('',(-1.,0.,0.));
#3665=DIRECTION('',(0.,-1.,0.));
#3666=DIRECTION('',(-1.,0.,0.));
#3667=DIRECTION('',(0.,-1.,0.));
#3668=DIRECTION('',(-1.,0.,0.));
#3669=DIRECTION('',(0.,0.,1.));
#3670=DIRECTION('',(1.,0.,0.));
#3671=DIRECTION('',(0.,0.,1.));
#3672=DIRECTION('',(0.,-1.,0.));
#3673=DIRECTION('',(1.,0.,0.));
#3674=DIRECTION('',(0.,-1.,0.));
#3675=DIRECTION('',(-1.,0.,0.));
#3676=DIRECTION('',(0.,-1.,0.));
#3677=DIRECTION('',(-1.,0.,0.));
#3678=DIRECTION('',(0.,-1.,0.));
#3679=DIRECTION('',(-1.,0.,0.));
#3680=DIRECTION('',(0.,-1.,0.));
#3681=DIRECTION('',(-1.,0.,0.));
#3682=DIRECTION('',(0.,-1.,0.));
#3683=DIRECTION('',(-1.,0.,0.));
#3684=DIRECTION('',(0.,0.,1.));
#3685=DIRECTION('',(1.,0.,0.));
#3686=DIRECTION('',(0.,0.,1.));
#3687=DIRECTION('',(-1.,0.,0.));
#3688=DIRECTION('',(0.,1.,0.));
#3689=DIRECTION('',(0.,1.,0.));
#3690=DIRECTION('',(-1.,0.,0.));
#3691=DIRECTION('',(0.,1.,0.));
#3692=DIRECTION('',(0.,1.,0.));
#3693=DIRECTION('',(0.,1.,0.));
#3694=DIRECTION('',(1.,0.,0.));
#3695=DIRECTION('',(0.,1.,0.));
#3696=DIRECTION('',(1.,0.,0.));
#3697=DIRECTION('',(0.,1.,0.));
#3698=DIRECTION('',(1.,0.,0.));
#3699=DIRECTION('',(0.,1.,0.));
#3700=DIRECTION('',(1.,0.,0.));
#3701=DIRECTION('',(0.,0.,1.));
#3702=DIRECTION('',(0.,-1.,0.));
#3703=DIRECTION('',(0.,1.,0.));
#3704=DIRECTION('',(1.,0.,0.));
#3705=DIRECTION('',(0.,0.,1.));
#3706=DIRECTION('',(1.,0.,0.));
#3707=DIRECTION('',(-2.334869823773E-16,1.,2.39272203583E-16));
#3708=DIRECTION('',(1.,2.334869823773E-16,5.58669447813617E-32));
#3709=DIRECTION('',(-7.00129850855046E-33,-2.39272203583E-16,1.));
#3710=DIRECTION('',(1.,2.334869823773E-16,-8.20321529508289E-33));
#3711=DIRECTION('',(-2.334869823773E-16,1.,2.39272203583E-16));
#3712=DIRECTION('',(1.,2.334869823773E-16,5.58669447813617E-32));
#3713=DIRECTION('',(1.,2.334869823773E-16,-8.20321529508289E-33));
#3714=DIRECTION('',(-7.00129850855046E-33,-2.39272203583E-16,1.));
#3715=DIRECTION('',(-2.334869823773E-16,1.,2.39272203583E-16));
#3716=DIRECTION('',(1.,2.334869823773E-16,5.58669447813617E-32));
#3717=DIRECTION('',(-7.00129850855046E-33,-2.39272203583E-16,1.));
#3718=DIRECTION('',(1.,2.334869823773E-16,-8.20321529508289E-33));
#3719=DIRECTION('',(-2.334869823773E-16,1.,2.39272203583E-16));
#3720=DIRECTION('',(1.,2.334869823773E-16,5.58669447813617E-32));
#3721=DIRECTION('',(1.,2.334869823773E-16,-8.20321529508289E-33));
#3722=DIRECTION('',(-7.00129850855046E-33,-2.39272203583E-16,1.));
#3723=DIRECTION('',(-2.334869823773E-16,1.,2.39272203583E-16));
#3724=DIRECTION('',(1.,2.334869823773E-16,5.58669447813617E-32));
#3725=DIRECTION('',(6.57438457890688E-33,-2.39272203583E-16,1.));
#3726=DIRECTION('',(1.,2.334869823773E-16,1.47181214500717E-34));
#3727=DIRECTION('',(-2.334869823773E-16,1.,2.39272203583E-16));
#3728=DIRECTION('',(1.,2.334869823773E-16,5.58669447813617E-32));
#3729=DIRECTION('',(1.,2.334869823773E-16,1.47181214500717E-34));
#3730=DIRECTION('',(6.57438457890688E-33,-2.39272203583E-16,1.));
#3731=DIRECTION('',(-2.334869823773E-16,1.,2.39272203583E-16));
#3732=DIRECTION('',(1.,2.334869823773E-16,5.58669447813617E-32));
#3733=DIRECTION('',(6.57438457890688E-33,-2.39272203583E-16,1.));
#3734=DIRECTION('',(1.,2.334869823773E-16,1.47181214500717E-34));
#3735=DIRECTION('',(-2.334869823773E-16,1.,2.39272203583E-16));
#3736=DIRECTION('',(1.,2.334869823773E-16,5.58669447813617E-32));
#3737=DIRECTION('',(1.,2.334869823773E-16,1.47181214500717E-34));
#3738=DIRECTION('',(6.57438457890688E-33,-2.39272203583E-16,1.));
#3739=DIRECTION('',(-2.334869823773E-16,1.,2.39272203583E-16));
#3740=DIRECTION('',(1.,2.334869823773E-16,5.58669447813617E-32));
#3741=DIRECTION('',(-7.00129850855046E-33,-2.39272203583E-16,1.));
#3742=DIRECTION('',(1.,2.334869823773E-16,-8.20321529508289E-33));
#3743=DIRECTION('',(-7.00129850855046E-33,-2.39272203583E-16,1.));
#3744=DIRECTION('',(1.,2.334869823773E-16,-8.20321529508289E-33));
#3745=DIRECTION('',(-2.334869823773E-16,1.,2.39272203583E-16));
#3746=DIRECTION('',(0.,-2.39272203583E-16,1.));
#3747=DIRECTION('',(6.57438457890688E-33,-2.39272203583E-16,1.));
#3748=DIRECTION('',(1.,2.334869823773E-16,1.47181214500708E-34));
#3749=DIRECTION('',(6.57438457890688E-33,-2.39272203583E-16,1.));
#3750=DIRECTION('',(1.,2.334869823773E-16,1.47181214500708E-34));
#3751=DIRECTION('',(1.,2.334869823773E-16,3.71037825860104E-35));
#3752=DIRECTION('',(-2.334869823773E-16,1.,2.39272203583E-16));
#3753=DIRECTION('',(0.,-2.39272203583E-16,1.));
#3754=DIRECTION('',(-3.52687139855524E-33,2.39272203583E-16,-1.));
#3755=DIRECTION('',(-2.334869823773E-16,1.,2.39272203583E-16));
#3756=DIRECTION('',(0.,-2.39272203583E-16,1.));
#3757=DIRECTION('',(1.,2.334869823773E-16,3.71037825860104E-35));
#3758=DIRECTION('',(-2.334869823773E-16,1.,2.39272203583E-16));
#3759=DIRECTION('',(0.,-2.39272203583E-16,1.));
#3760=DIRECTION('',(-3.52687139855526E-33,2.39272203583E-16,-1.));
#3761=DIRECTION('',(-2.334869823773E-16,1.,2.39272203583E-16));
#3762=DIRECTION('',(0.,-2.39272203583E-16,1.));
#3763=DIRECTION('',(-2.334869823773E-16,1.,2.39272203583E-16));
#3764=DIRECTION('',(1.,2.334869823773E-16,5.58669447813617E-32));
#3765=DIRECTION('',(-2.334869823773E-16,1.,2.39272203583E-16));
#3766=DIRECTION('',(0.,-2.39272203583E-16,1.));
#3767=DIRECTION('',(3.52687139855526E-33,-2.39272203583E-16,1.));
#3768=DIRECTION('',(-2.334869823773E-16,1.,2.39272203583E-16));
#3769=DIRECTION('',(0.,-2.39272203583E-16,1.));
#3770=DIRECTION('',(1.,2.334869823773E-16,3.71037825860069E-35));
#3771=DIRECTION('',(-2.334869823773E-16,1.,2.39272203583E-16));
#3772=DIRECTION('',(0.,-2.39272203583E-16,1.));
#3773=DIRECTION('',(3.52687139855526E-33,-2.39272203583E-16,1.));
#3774=DIRECTION('',(-2.334869823773E-16,1.,2.39272203583E-16));
#3775=DIRECTION('',(0.,-2.39272203583E-16,1.));
#3776=DIRECTION('',(-1.,-2.334869823773E-16,-3.39391873509432E-16));
#3777=DIRECTION('',(-3.52687139855524E-33,2.39272203583E-16,-1.));
#3778=DIRECTION('',(-2.334869823773E-16,1.,2.39272203583E-16));
#3779=DIRECTION('',(0.,-2.39272203583E-16,1.));
#3780=DIRECTION('',(1.,2.334869823773E-16,3.71037825860104E-35));
#3781=DIRECTION('',(-2.334869823773E-16,1.,2.39272203583E-16));
#3782=DIRECTION('',(0.,-2.39272203583E-16,1.));
#3783=DIRECTION('',(3.52687139855526E-33,-2.39272203583E-16,1.));
#3784=DIRECTION('',(-2.334869823773E-16,1.,2.39272203583E-16));
#3785=DIRECTION('',(0.,-2.39272203583E-16,1.));
#3786=DIRECTION('',(-1.,-2.334869823773E-16,-3.71037825860104E-35));
#3787=DIRECTION('',(-2.334869823773E-16,1.,2.39272203583E-16));
#3788=DIRECTION('',(0.,-2.39272203583E-16,1.));
#3789=DIRECTION('',(-7.00129850855046E-33,-2.39272203583E-16,1.));
#3790=DIRECTION('',(0.,-1.,-2.39272203583E-16));
#3791=DIRECTION('',(-0.894427190999915,-1.01831323315224E-16,-0.447213595499959));
#3792=DIRECTION('',(0.447213595499959,3.57048735906264E-16,-0.894427190999915));
#3793=DIRECTION('',(-7.00129850855046E-33,-2.39272203583E-16,1.));
#3794=DIRECTION('',(0.894427190999915,3.15842888250327E-16,-0.447213595499959));
#3795=DIRECTION('',(-0.447213595499959,8.92621839765661E-17,-0.894427190999915));
#3796=DIRECTION('',(-1.,-2.334869823773E-16,8.20321529508289E-33));
#3797=DIRECTION('',(-2.334869823773E-16,1.,0.));
#3798=DIRECTION('',(-1.,-2.334869823773E-16,8.20321529508289E-33));
#3799=DIRECTION('',(0.447213595499958,-1.09593012043715E-16,0.894427190999916));
#3800=DIRECTION('',(0.894427190999916,1.78524367953133E-16,-0.447213595499958));
#3801=DIRECTION('',(0.447213595499958,3.18430117826491E-16,-0.894427190999916));
#3802=DIRECTION('',(-0.894427190999916,-1.78524367953133E-16,-0.447213595499958));
#3803=DIRECTION('',(1.,2.334869823773E-16,-8.20321529508289E-33));
#3804=DIRECTION('',(2.334869823773E-16,-1.,0.));
#3805=DIRECTION('',(1.,2.334869823773E-16,-8.20321529508289E-33));
#3806=DIRECTION('',(-0.447213595499958,1.09593012043715E-16,-0.894427190999916));
#3807=DIRECTION('',(0.894427190999916,2.677865519297E-16,-0.447213595499958));
#3808=DIRECTION('',(-0.447213595499958,-3.18430117826491E-16,0.894427190999916));
#3809=DIRECTION('',(-0.894427190999916,-1.78524367953133E-16,-0.447213595499958));
#3810=DIRECTION('',(7.00129850855046E-33,2.39272203583E-16,-1.));
#3811=DIRECTION('',(0.,1.,2.39272203583E-16));
#3812=DIRECTION('',(7.00129850855046E-33,2.39272203583E-16,-1.));
#3813=DIRECTION('',(-0.894427190999915,-3.15842888250327E-16,0.447213595499959));
#3814=DIRECTION('',(-0.447213595499959,8.92621839765661E-17,-0.894427190999915));
#3815=DIRECTION('',(0.894427190999915,1.01831323315224E-16,0.447213595499959));
#3816=DIRECTION('',(0.447213595499959,3.57048735906264E-16,-0.894427190999915));
#3817=DIRECTION('',(-2.334869823773E-16,1.,2.39272203583E-16));
#3818=DIRECTION('',(0.,-2.39272203583E-16,1.));
#3819=DIRECTION('',(-2.334869823773E-16,1.,2.39272203583E-16));
#3820=DIRECTION('',(0.,-2.39272203583E-16,1.));
#3821=DIRECTION('',(6.57438457890688E-33,-2.39272203583E-16,1.));
#3822=DIRECTION('',(0.,-1.,-2.39272203583E-16));
#3823=DIRECTION('',(6.57438457890688E-33,-2.39272203583E-16,1.));
#3824=DIRECTION('',(0.894427190999915,3.15842888250327E-16,-0.447213595499959));
#3825=DIRECTION('',(-0.447213595499959,8.92621839765661E-17,-0.894427190999915));
#3826=DIRECTION('',(-0.894427190999915,-1.01831323315224E-16,-0.447213595499959));
#3827=DIRECTION('',(0.447213595499959,2.67786551929698E-16,-0.894427190999915));
#3828=DIRECTION('',(-1.,-2.334869823773E-16,-1.47181214500708E-34));
#3829=DIRECTION('',(-2.334869823773E-16,1.,0.));
#3830=DIRECTION('',(-1.,-2.334869823773E-16,-1.47181214500708E-34));
#3831=DIRECTION('',(0.447213595499958,-1.09593012043715E-16,0.894427190999916));
#3832=DIRECTION('',(0.894427190999916,2.677865519297E-16,-0.447213595499958));
#3833=DIRECTION('',(0.447213595499958,3.1843011782649E-16,-0.894427190999916));
#3834=DIRECTION('',(-0.894427190999916,-8.92621839765663E-17,-0.447213595499958));
#3835=DIRECTION('',(1.,2.334869823773E-16,1.47181214500708E-34));
#3836=DIRECTION('',(2.334869823773E-16,-1.,0.));
#3837=DIRECTION('',(-0.447213595499958,-3.18430117826491E-16,0.894427190999916));
#3838=DIRECTION('',(-0.894427190999916,-1.78524367953133E-16,-0.447213595499958));
#3839=DIRECTION('',(1.,2.334869823773E-16,1.47181214500708E-34));
#3840=DIRECTION('',(-0.447213595499958,1.09593012043715E-16,-0.894427190999916));
#3841=DIRECTION('',(0.894427190999916,2.67786551929699E-16,-0.447213595499958));
#3842=DIRECTION('',(-6.57438457890688E-33,2.39272203583E-16,-1.));
#3843=DIRECTION('',(0.,1.,2.39272203583E-16));
#3844=DIRECTION('',(-6.57438457890688E-33,2.39272203583E-16,-1.));
#3845=DIRECTION('',(-0.894427190999915,-3.15842888250327E-16,0.447213595499959));
#3846=DIRECTION('',(-0.447213595499959,8.92621839765661E-17,-0.894427190999915));
#3847=DIRECTION('',(0.894427190999915,1.01831323315224E-16,0.447213595499959));
#3848=DIRECTION('',(0.447213595499959,3.57048735906264E-16,-0.894427190999915));
#3849=DIRECTION('',(-2.334869823773E-16,1.,2.39272203583E-16));
#3850=DIRECTION('',(0.,-2.39272203583E-16,1.));
#3851=DIRECTION('',(0.,0.,-1.));
#3852=DIRECTION('',(0.,1.,0.));
#3853=DIRECTION('',(-1.,0.,0.));
#3854=DIRECTION('',(0.,1.,0.));
#3855=DIRECTION('',(-1.,-2.334869823773E-16,-3.71037825860104E-35));
#3856=DIRECTION('',(-2.334869823773E-16,1.,0.));
#3857=DIRECTION('',(-1.,0.,0.));
#3858=DIRECTION('',(0.,1.,0.));
#3859=DIRECTION('',(3.52687139855526E-33,-2.39272203583E-16,1.));
#3860=DIRECTION('',(0.,-1.,-2.39272203583E-16));
#3861=DIRECTION('',(0.,0.,-1.));
#3862=DIRECTION('',(0.,1.,0.));
#3863=DIRECTION('',(-2.334869823773E-16,1.,2.39272203583E-16));
#3864=DIRECTION('',(0.,-2.39272203583E-16,1.));
#3865=DIRECTION('',(1.27741639162685E-14,0.,-1.));
#3866=DIRECTION('',(-1.,0.,-1.27741639162685E-14));
#3867=DIRECTION('',(-2.334869823773E-16,1.,2.39272203583E-16));
#3868=DIRECTION('',(0.,-2.39272203583E-16,1.));
#3869=DIRECTION('',(-1.,0.,0.));
#3870=DIRECTION('',(0.,1.,0.));
#3871=DIRECTION('',(-3.52687139855524E-33,2.39272203583E-16,-1.));
#3872=DIRECTION('',(0.,1.,2.39272203583E-16));
#3873=DIRECTION('',(0.,0.,-1.));
#3874=DIRECTION('',(0.,1.,0.));
#3875=DIRECTION('',(1.,2.334869823773E-16,3.71037825860104E-35));
#3876=DIRECTION('',(2.334869823773E-16,-1.,0.));
#3877=DIRECTION('',(-1.,0.,0.));
#3878=DIRECTION('',(0.,1.,0.));
#3879=DIRECTION('',(-2.334869823773E-16,1.,2.39272203583E-16));
#3880=DIRECTION('',(0.,-2.39272203583E-16,1.));
#3881=DIRECTION('',(1.,2.334869823773E-16,-8.20321529508289E-33));
#3882=DIRECTION('',(-7.00129850855046E-33,-2.39272203583E-16,1.));
#3883=DIRECTION('',(1.,2.334869823773E-16,-8.20321529508289E-33));
#3884=DIRECTION('',(-7.00129850855046E-33,-2.39272203583E-16,1.));
#3885=DIRECTION('',(6.57438457890688E-33,-2.39272203583E-16,1.));
#3886=DIRECTION('',(1.,2.334869823773E-16,1.47181214500717E-34));
#3887=DIRECTION('',(6.57438457890688E-33,-2.39272203583E-16,1.));
#3888=DIRECTION('',(-1.,-2.334869823773E-16,-5.23400733828064E-32));
#3889=DIRECTION('',(-2.334869823773E-16,1.,0.));
#3890=DIRECTION('',(-2.334869823773E-16,1.,2.39272203583E-16));
#3891=DIRECTION('',(3.52687139855526E-33,-2.39272203583E-16,1.));
#3892=DIRECTION('',(-2.334869823773E-16,1.,2.39272203583E-16));
#3893=DIRECTION('',(-2.334869823773E-16,1.,2.39272203583E-16));
#3894=DIRECTION('',(0.,-2.39272203583E-16,1.));
#3895=DIRECTION('',(-2.334869823773E-16,1.,2.39272203583E-16));
#3896=DIRECTION('',(0.,-2.39272203583E-16,1.));
#3897=DIRECTION('',(-2.334869823773E-16,1.,2.39272203583E-16));
#3898=DIRECTION('',(5.58298409987757E-32,-2.39272203583E-16,1.));
#3899=DIRECTION('',(0.,-1.,-2.39272203583E-16));
#3900=DIRECTION('',(1.,2.334869823773E-16,3.71037825860069E-35));
#3901=DIRECTION('',(-2.334869823773E-16,1.,2.39272203583E-16));
#3902=DIRECTION('',(-2.334869823773E-16,1.,2.39272203583E-16));
#3903=DIRECTION('',(0.,-2.39272203583E-16,1.));
#3904=DIRECTION('',(-2.334869823773E-16,1.,2.39272203583E-16));
#3905=DIRECTION('',(0.,-2.39272203583E-16,1.));
#3906=DIRECTION('',(-2.334869823773E-16,1.,2.39272203583E-16));
#3907=DIRECTION('',(-1.,-2.334869823773E-16,-5.23400733828064E-32));
#3908=DIRECTION('',(-2.334869823773E-16,1.,0.));
#3909=DIRECTION('',(3.52687139855526E-33,-2.39272203583E-16,1.));
#3910=DIRECTION('',(-2.334869823773E-16,1.,2.39272203583E-16));
#3911=DIRECTION('',(-2.334869823773E-16,1.,2.39272203583E-16));
#3912=DIRECTION('',(0.,-2.39272203583E-16,1.));
#3913=DIRECTION('',(-2.334869823773E-16,1.,2.39272203583E-16));
#3914=DIRECTION('',(0.,-2.39272203583E-16,1.));
#3915=DIRECTION('',(-2.334869823773E-16,1.,2.39272203583E-16));
#3916=DIRECTION('',(3.39391873509432E-16,2.39272203583E-16,-1.));
#3917=DIRECTION('',(-1.,0.,-3.39391873509432E-16));
#3918=DIRECTION('',(-1.,-2.334869823773E-16,-3.39391873509432E-16));
#3919=DIRECTION('',(-2.334869823773E-16,1.,2.39272203583E-16));
#3920=DIRECTION('',(-1.,-2.334869823773E-16,-4.92925602024548E-32));
#3921=DIRECTION('',(-2.334869823773E-16,1.,0.));
#3922=DIRECTION('',(-2.334869823773E-16,1.,2.39272203583E-16));
#3923=DIRECTION('',(6.57438457890688E-33,-2.39272203583E-16,1.));
#3924=DIRECTION('',(-2.334869823773E-16,1.,2.39272203583E-16));
#3925=DIRECTION('',(5.5719763566861E-32,-2.39272203583E-16,1.));
#3926=DIRECTION('',(0.,-1.,-2.39272203583E-16));
#3927=DIRECTION('',(1.,2.334869823773E-16,1.47181214500717E-34));
#3928=DIRECTION('',(-2.334869823773E-16,1.,2.39272203583E-16));
#3929=DIRECTION('',(-1.,-2.334869823773E-16,-4.92925602024548E-32));
#3930=DIRECTION('',(-2.334869823773E-16,1.,0.));
#3931=DIRECTION('',(6.57438457890688E-33,-2.39272203583E-16,1.));
#3932=DIRECTION('',(-2.334869823773E-16,1.,2.39272203583E-16));
#3933=DIRECTION('',(-1.,-2.334869823773E-16,-6.28682432899121E-32));
#3934=DIRECTION('',(-2.334869823773E-16,1.,0.));
#3935=DIRECTION('',(-2.334869823773E-16,1.,2.39272203583E-16));
#3936=DIRECTION('',(-7.00129850855046E-33,-2.39272203583E-16,1.));
#3937=DIRECTION('',(-2.334869823773E-16,1.,2.39272203583E-16));
#3938=DIRECTION('',(6.40701600764446E-32,-2.39272203583E-16,1.));
#3939=DIRECTION('',(0.,-1.,-2.39272203583E-16));
#3940=DIRECTION('',(1.,2.334869823773E-16,-8.20321529508289E-33));
#3941=DIRECTION('',(-2.334869823773E-16,1.,2.39272203583E-16));
#3942=DIRECTION('',(-1.,-2.334869823773E-16,-6.28682432899121E-32));
#3943=DIRECTION('',(-2.334869823773E-16,1.,0.));
#3944=DIRECTION('',(-7.00129850855046E-33,-2.39272203583E-16,1.));
#3945=DIRECTION('',(-2.334869823773E-16,1.,2.39272203583E-16));
#3946=DIRECTION('',(5.5719763566861E-32,-2.39272203583E-16,1.));
#3947=DIRECTION('',(0.,-1.,-2.39272203583E-16));
#3948=DIRECTION('',(1.,2.334869823773E-16,1.47181214500717E-34));
#3949=DIRECTION('',(6.40701600764446E-32,-2.39272203583E-16,1.));
#3950=DIRECTION('',(0.,-1.,-2.39272203583E-16));
#3951=DIRECTION('',(1.,2.334869823773E-16,-8.20321529508289E-33));
#3952=DIRECTION('',(-2.334869823773E-16,1.,2.39272203583E-16));
#3953=DIRECTION('',(0.,-2.39272203583E-16,1.));
#3954=DIRECTION('',(-2.334869823773E-16,1.,2.39272203583E-16));
#3955=DIRECTION('',(0.,-2.39272203583E-16,1.));
#3956=DIRECTION('',(-2.334869823773E-16,1.,2.39272203583E-16));
#3957=DIRECTION('',(0.,-2.39272203583E-16,1.));
#3958=DIRECTION('',(-2.334869823773E-16,1.,2.39272203583E-16));
#3959=DIRECTION('',(0.,-2.39272203583E-16,1.));
#3960=DIRECTION('',(-2.334869823773E-16,1.,2.39272203583E-16));
#3961=DIRECTION('',(1.,2.334869823773E-16,5.58669447813617E-32));
#3962=DIRECTION('',(0.,0.,1.));
#3963=DIRECTION('',(1.,0.,0.));
#3964=DIRECTION('',(-2.334869823773E-16,1.,2.39272203583E-16));
#3965=DIRECTION('',(0.,-2.39272203583E-16,1.));
#3966=DIRECTION('',(-2.334869823773E-16,1.,2.39272203583E-16));
#3967=DIRECTION('',(0.,-2.39272203583E-16,1.));
#3968=DIRECTION('',(-2.334869823773E-16,1.,2.39272203583E-16));
#3969=DIRECTION('',(0.,-2.39272203583E-16,1.));
#3970=DIRECTION('',(-2.334869823773E-16,1.,2.39272203583E-16));
#3971=DIRECTION('',(0.,-2.39272203583E-16,1.));
#3972=DIRECTION('',(-2.334869823773E-16,1.,2.39272203583E-16));
#3973=DIRECTION('',(0.,-2.39272203583E-16,1.));
#3974=DIRECTION('',(-2.334869823773E-16,1.,2.39272203583E-16));
#3975=DIRECTION('',(0.,-2.39272203583E-16,1.));
#3976=DIRECTION('',(-2.334869823773E-16,1.,2.39272203583E-16));
#3977=DIRECTION('',(1.,2.334869823773E-16,5.58669447813617E-32));
#3978=DIRECTION('',(-2.334869823773E-16,1.,2.39272203583E-16));
#3979=DIRECTION('',(1.,2.334869823773E-16,5.58669447813617E-32));
#3980=DIRECTION('',(-5.58669447813617E-32,2.39272203583E-16,-1.));
#3981=DIRECTION('',(-2.334869823773E-16,1.,2.39272203583E-16));
#3982=DIRECTION('',(0.,-2.39272203583E-16,1.));
#3983=DIRECTION('',(1.,2.334869823773E-16,5.58669447813617E-32));
#3984=DIRECTION('',(-2.334869823773E-16,1.,2.39272203583E-16));
#3985=DIRECTION('',(0.,-2.39272203583E-16,1.));
#3986=DIRECTION('',(5.58669447813617E-32,-2.39272203583E-16,1.));
#3987=DIRECTION('',(-2.334869823773E-16,1.,2.39272203583E-16));
#3988=DIRECTION('',(0.,-2.39272203583E-16,1.));
#3989=DIRECTION('',(-1.,-2.334869823773E-16,-5.58669447813617E-32));
#3990=DIRECTION('',(-2.334869823773E-16,1.,2.39272203583E-16));
#3991=DIRECTION('',(0.,-2.39272203583E-16,1.));
#3992=DIRECTION('',(-2.334869823773E-16,1.,2.39272203583E-16));
#3993=DIRECTION('',(1.,2.334869823773E-16,5.58669447813617E-32));
#3994=DIRECTION('',(1.,2.334869823773E-16,5.58669447813617E-32));
#3995=DIRECTION('',(-2.334869823773E-16,1.,2.39272203583E-16));
#3996=DIRECTION('',(0.,-2.39272203583E-16,1.));
#3997=DIRECTION('',(5.58669447813617E-32,-2.39272203583E-16,1.));
#3998=DIRECTION('',(-2.334869823773E-16,1.,2.39272203583E-16));
#3999=DIRECTION('',(0.,-2.39272203583E-16,1.));
#4000=DIRECTION('',(1.,2.334869823773E-16,5.58669447813617E-32));
#4001=DIRECTION('',(-2.334869823773E-16,1.,2.39272203583E-16));
#4002=DIRECTION('',(0.,-2.39272203583E-16,1.));
#4003=DIRECTION('',(5.58669447813617E-32,-2.39272203583E-16,1.));
#4004=DIRECTION('',(-2.334869823773E-16,1.,2.39272203583E-16));
#4005=DIRECTION('',(0.,-2.39272203583E-16,1.));
#4006=DIRECTION('',(-2.334869823773E-16,1.,2.39272203583E-16));
#4007=DIRECTION('',(1.,2.334869823773E-16,5.58669447813617E-32));
#4008=DIRECTION('',(-2.334869823773E-16,1.,2.39272203583E-16));
#4009=DIRECTION('',(0.,-2.39272203583E-16,1.));
#4010=DIRECTION('',(-1.,0.,0.));
#4011=DIRECTION('',(0.,1.,0.));
#4012=DIRECTION('',(0.,0.,-1.));
#4013=DIRECTION('',(0.,1.,0.));
#4014=DIRECTION('',(5.58669447813617E-32,-2.39272203583E-16,1.));
#4015=DIRECTION('',(0.,-1.,-2.39272203583E-16));
#4016=DIRECTION('',(0.,0.,-1.));
#4017=DIRECTION('',(0.,1.,0.));
#4018=DIRECTION('',(-1.,-2.334869823773E-16,-5.58669447813617E-32));
#4019=DIRECTION('',(-2.334869823773E-16,1.,0.));
#4020=DIRECTION('',(-1.,0.,0.));
#4021=DIRECTION('',(0.,1.,0.));
#4022=DIRECTION('',(-2.334869823773E-16,1.,2.39272203583E-16));
#4023=DIRECTION('',(0.,-2.39272203583E-16,1.));
#4024=DIRECTION('',(-1.,0.,0.));
#4025=DIRECTION('',(0.,1.,0.));
#4026=DIRECTION('',(-2.334869823773E-16,1.,2.39272203583E-16));
#4027=DIRECTION('',(0.,-2.39272203583E-16,1.));
#4028=DIRECTION('',(-6.3870819581342E-15,-8.15896318798471E-29,-1.));
#4029=DIRECTION('',(-1.,0.,6.3870819581342E-15));
#4030=DIRECTION('',(1.,2.334869823773E-16,5.58669447813617E-32));
#4031=DIRECTION('',(2.334869823773E-16,-1.,0.));
#4032=DIRECTION('',(-1.,0.,0.));
#4033=DIRECTION('',(0.,1.,0.));
#4034=DIRECTION('',(-5.58669447813617E-32,2.39272203583E-16,-1.));
#4035=DIRECTION('',(0.,1.,2.39272203583E-16));
#4036=DIRECTION('',(0.,0.,-1.));
#4037=DIRECTION('',(0.,1.,0.));
#4038=DIRECTION('',(-2.334869823773E-16,1.,2.39272203583E-16));
#4039=DIRECTION('',(0.,-2.39272203583E-16,1.));
#4040=CARTESIAN_POINT('',(0.,0.,0.));
#4041=CARTESIAN_POINT('',(0.141723942011595,-0.007085,0.0681403895616531));
#4042=CARTESIAN_POINT('',(0.182614101414391,-0.007085,0.0681403895616532));
#4043=CARTESIAN_POINT('',(0.182614101414391,-0.00491221,0.0681403895616532));
#4044=CARTESIAN_POINT('',(0.182614101414391,0.006415,0.0681403895616532));
#4045=CARTESIAN_POINT('',(0.100833782608798,-0.00491221,0.0681403895616531));
#4046=CARTESIAN_POINT('',(0.100833782608798,-0.00491221,0.0681403895616531));
#4047=CARTESIAN_POINT('',(0.100833782608798,-0.007085,0.0681403895616531));
#4048=CARTESIAN_POINT('',(0.100833782608798,0.006415,0.0681403895616531));
#4049=CARTESIAN_POINT('',(0.141723942011595,0.006415,0.0681403895616531));
#4050=CARTESIAN_POINT('',(0.110687550157309,0.00629625981673598,0.0681403895616531));
#4051=CARTESIAN_POINT('',(0.114301942288876,0.00629625981673598,0.0681403895616531));
#4052=CARTESIAN_POINT('',(0.107073158025742,0.00629625981673598,0.0681403895616531));
#4053=CARTESIAN_POINT('',(0.107322562893403,0.00422806083224713,0.0681403895616531));
#4054=CARTESIAN_POINT('',(0.107073158025742,0.00215986184775828,0.0681403895616531));
#4055=CARTESIAN_POINT('',(0.110687550157309,0.00215986184775829,0.0681403895616531));
#4056=CARTESIAN_POINT('',(0.114301942288876,0.00215986184775829,0.0681403895616531));
#4057=CARTESIAN_POINT('',(0.113919257980054,0.00422806083224713,0.0681403895616531));
#4058=CARTESIAN_POINT('',(0.141723942011595,0.006415,0.0691403895616531));
#4059=CARTESIAN_POINT('',(0.121482525117958,0.006415,0.0691403895616531));
#4060=CARTESIAN_POINT('',(0.121482525117958,-0.0031,0.0691403895616531));
#4061=CARTESIAN_POINT('',(0.121482525117958,0.,0.0691403895616531));
#4062=CARTESIAN_POINT('',(0.141723942011595,-0.0031,0.0691403895616531));
#4063=CARTESIAN_POINT('',(0.101462963856232,-0.0031,0.0691403895616531));
#4064=CARTESIAN_POINT('',(0.101462963856232,0.006415,0.0691403895616531));
#4065=CARTESIAN_POINT('',(0.101462963856232,0.,0.0691403895616531));
#4066=CARTESIAN_POINT('',(0.141723942011595,0.,0.0691403895616531));
#4067=CARTESIAN_POINT('',(0.16501224425156,0.006415,0.0691403895616531));
#4068=CARTESIAN_POINT('',(0.16501224425156,-0.0031,0.0691403895616531));
#4069=CARTESIAN_POINT('',(0.16501224425156,0.,0.0691403895616531));
#4070=CARTESIAN_POINT('',(0.141723942011595,-0.0031,0.0691403895616531));
#4071=CARTESIAN_POINT('',(0.129245201248108,-0.0031,0.0691403895616531));
#4072=CARTESIAN_POINT('',(0.129245201248108,0.006415,0.0691403895616531));
#4073=CARTESIAN_POINT('',(0.129245201248108,0.,0.0691403895616531));
#4074=CARTESIAN_POINT('',(0.141723942011595,0.,0.0691403895616531));
#4075=CARTESIAN_POINT('',(0.141723942011595,-0.005085,0.0691403895616531));
#4076=CARTESIAN_POINT('',(0.100833782608798,-0.005085,0.0691403895616531));
#4077=CARTESIAN_POINT('',(0.182614101414391,-0.005085,0.0691403895616532));
#4078=CARTESIAN_POINT('',(0.182614101414391,0.006415,0.0691403895616532));
#4079=CARTESIAN_POINT('',(0.182614101414391,0.006415,0.0691403895616532));
#4080=CARTESIAN_POINT('',(0.141723942011595,0.006415,0.0691403895616531));
#4081=CARTESIAN_POINT('',(0.100833782608798,0.006415,0.0691403895616531));
#4082=CARTESIAN_POINT('',(0.100833782608798,0.006415,0.0691403895616531));
#4083=CARTESIAN_POINT('',(0.141723942011595,0.00629625981673599,0.0691403895616531));
#4084=CARTESIAN_POINT('',(0.114301942288876,0.00629625981673598,0.0691403895616531));
#4085=CARTESIAN_POINT('',(0.107073158025742,0.00629625981673598,0.0691403895616531));
#4086=CARTESIAN_POINT('',(0.113919257980054,0.00422806083224713,0.0691403895616531));
#4087=CARTESIAN_POINT('',(0.114301942288876,0.00215986184775829,0.0691403895616531));
#4088=CARTESIAN_POINT('',(0.141723942011595,0.00215986184775832,0.0691403895616531));
#4089=CARTESIAN_POINT('',(0.107073158025742,0.00215986184775828,0.0691403895616531));
#4090=CARTESIAN_POINT('',(0.107322562893403,0.00422806083224713,0.0691403895616531));
#4091=CARTESIAN_POINT('',(0.18454547226429,0.006415,0.0981566235423088));
#4092=CARTESIAN_POINT('',(0.18454547226429,-0.005085,0.0981566235423088));
#4093=CARTESIAN_POINT('',(0.18454547226429,-0.005085,0.125241486673066));
#4094=CARTESIAN_POINT('',(0.18454547226429,-0.005085,0.0710717604115516));
#4095=CARTESIAN_POINT('',(0.18454547226429,0.006415,0.125241486673066));
#4096=CARTESIAN_POINT('',(0.18454547226429,0.006415,0.125241486673066));
#4097=CARTESIAN_POINT('',(0.18454547226429,0.006415,0.0981566235423088));
#4098=CARTESIAN_POINT('',(0.18454547226429,0.006415,0.0710717604115516));
#4099=CARTESIAN_POINT('',(0.18454547226429,0.006415,0.0710717604115516));
#4100=CARTESIAN_POINT('',(0.18454547226429,-0.0022612241286829,0.0841683604098812));
#4101=CARTESIAN_POINT('',(0.18454547226429,-0.00226122412868291,0.083202674984932));
#4102=CARTESIAN_POINT('',(0.18454547226429,-0.00322690955363214,0.0841683604098812));
#4103=CARTESIAN_POINT('',(0.18454547226429,0.006415,0.083202674984932));
#4104=CARTESIAN_POINT('',(0.18454547226429,-0.000965685424949195,0.083202674984932));
#4105=CARTESIAN_POINT('',(0.18454547226429,-0.000965685424949219,0.0841683604098812));
#4106=CARTESIAN_POINT('',(0.18454547226429,4.30889654303827E-17,0.0841683604098812));
#4107=CARTESIAN_POINT('',(0.18454547226429,4.25007251614318E-17,0.0981566235423088));
#4108=CARTESIAN_POINT('',(0.18454547226429,4.31345999170429E-17,0.0952582873128399));
#4109=CARTESIAN_POINT('',(0.18454547226429,-0.000965685424949219,0.0952582873128399));
#4110=CARTESIAN_POINT('',(0.18454547226429,-0.000965685424949195,0.0962239727377892));
#4111=CARTESIAN_POINT('',(0.18454547226429,0.006415,0.0962239727377892));
#4112=CARTESIAN_POINT('',(0.18454547226429,-0.0022612241286829,0.0962239727377891));
#4113=CARTESIAN_POINT('',(0.18454547226429,-0.0022612241286829,0.0952582873128399));
#4114=CARTESIAN_POINT('',(0.18454547226429,-0.00322690955363213,0.0952582873128399));
#4115=CARTESIAN_POINT('',(0.18454547226429,-0.00322690955363214,0.0981566235423088));
#4116=CARTESIAN_POINT('',(0.0979024117588997,-0.007085,0.0981566235423088));
#4117=CARTESIAN_POINT('',(0.0979024117588997,-0.007085,0.0710717604115516));
#4118=CARTESIAN_POINT('',(0.0979024117588997,-0.00491221,0.0710717604115516));
#4119=CARTESIAN_POINT('',(0.0979024117588997,0.006415,0.0710717604115516));
#4120=CARTESIAN_POINT('',(0.0979024117588997,-0.00491221,0.125241486673066));
#4121=CARTESIAN_POINT('',(0.0979024117588997,-0.00491221,0.125241486673066));
#4122=CARTESIAN_POINT('',(0.0979024117588997,-0.007085,0.125241486673066));
#4123=CARTESIAN_POINT('',(0.0979024117588997,0.006415,0.125241486673066));
#4124=CARTESIAN_POINT('',(0.0979024117588997,0.006415,0.0981566235423088));
#4125=CARTESIAN_POINT('',(0.100833782608798,-0.007085,0.0710717604115516));
#4126=CARTESIAN_POINT('',(0.100833782608798,-0.00491221,0.0710717604115516));
#4127=CARTESIAN_POINT('',(0.100833782608798,0.006415,0.0710717604115516));
#4128=CARTESIAN_POINT('',(0.182614101414391,-0.007085,0.0710717604115516));
#4129=CARTESIAN_POINT('',(0.18554547226429,-0.007085,0.0710717604115516));
#4130=CARTESIAN_POINT('',(0.18554547226429,-0.00491221,0.0710717604115516));
#4131=CARTESIAN_POINT('',(0.18554547226429,0.006415,0.0710717604115516));
#4132=CARTESIAN_POINT('',(0.182614101414391,-0.00491221,0.0710717604115516));
#4133=CARTESIAN_POINT('',(0.182614101414391,0.006415,0.0710717604115516));
#4134=CARTESIAN_POINT('',(0.18554547226429,-0.007085,0.0981566235423088));
#4135=CARTESIAN_POINT('',(0.18554547226429,-0.000965685424949219,0.0841683604098812));
#4136=CARTESIAN_POINT('',(0.18554547226429,-0.000965685424949195,0.083202674984932));
#4137=CARTESIAN_POINT('',(0.18554547226429,4.332245241276E-17,0.0841683604098812));
#4138=CARTESIAN_POINT('',(0.18554547226429,-0.00161345477681605,0.083202674984932));
#4139=CARTESIAN_POINT('',(0.18554547226429,-0.0022612241286829,0.083202674984932));
#4140=CARTESIAN_POINT('',(0.18554547226429,-0.0022612241286829,0.0841683604098812));
#4141=CARTESIAN_POINT('',(0.18554547226429,-0.00322690955363214,0.0841683604098812));
#4142=CARTESIAN_POINT('',(0.18554547226429,-0.00322690955363214,0.0897133238613606));
#4143=CARTESIAN_POINT('',(0.18554547226429,-0.00322690955363214,0.0952582873128399));
#4144=CARTESIAN_POINT('',(0.18554547226429,-0.0022612241286829,0.0952582873128399));
#4145=CARTESIAN_POINT('',(0.18554547226429,-0.0022612241286829,0.0962239727377891));
#4146=CARTESIAN_POINT('',(0.18554547226429,-0.00161345477681605,0.0962239727377892));
#4147=CARTESIAN_POINT('',(0.18554547226429,-0.000965685424949195,0.0962239727377892));
#4148=CARTESIAN_POINT('',(0.18554547226429,-0.000965685424949219,0.0952582873128399));
#4149=CARTESIAN_POINT('',(0.18554547226429,4.33680868994202E-17,0.0952582873128399));
#4150=CARTESIAN_POINT('',(0.18554547226429,4.332245241276E-17,0.0897133238613606));
#4151=CARTESIAN_POINT('',(0.18554547226429,-0.007085,0.125241486673066));
#4152=CARTESIAN_POINT('',(0.18554547226429,-0.00491221,0.125241486673066));
#4153=CARTESIAN_POINT('',(0.18554547226429,0.006415,0.125241486673066));
#4154=CARTESIAN_POINT('',(0.18554547226429,-0.00491221,0.0981566235423088));
#4155=CARTESIAN_POINT('',(0.18554547226429,0.006415,0.0981566235423088));
#4156=CARTESIAN_POINT('',(0.182614101414391,-0.007085,0.125241486673066));
#4157=CARTESIAN_POINT('',(0.182614101414391,-0.007085,0.128172857522964));
#4158=CARTESIAN_POINT('',(0.182614101414391,-0.00491221,0.128172857522964));
#4159=CARTESIAN_POINT('',(0.182614101414391,0.006415,0.128172857522964));
#4160=CARTESIAN_POINT('',(0.182614101414391,-0.00491221,0.125241486673066));
#4161=CARTESIAN_POINT('',(0.182614101414391,0.006415,0.125241486673066));
#4162=CARTESIAN_POINT('',(0.141723942011595,-0.007085,0.128172857522964));
#4163=CARTESIAN_POINT('',(0.100833782608798,-0.007085,0.128172857522964));
#4164=CARTESIAN_POINT('',(0.100833782608798,-0.00491221,0.128172857522964));
#4165=CARTESIAN_POINT('',(0.100833782608798,0.006415,0.128172857522964));
#4166=CARTESIAN_POINT('',(0.141723942011595,-0.00491221,0.128172857522964));
#4167=CARTESIAN_POINT('',(0.105924881489448,-0.00491221,0.128172857522964));
#4168=CARTESIAN_POINT('',(0.10800664126873,-0.00260965223424137,0.128172857522964));
#4169=CARTESIAN_POINT('',(0.110088401048012,-0.00491221,0.128172857522964));
#4170=CARTESIAN_POINT('',(0.141723942011595,-0.00491221,0.128172857522964));
#4171=CARTESIAN_POINT('',(0.141723942011595,0.006415,0.128172857522964));
#4172=CARTESIAN_POINT('',(0.100833782608798,-0.007085,0.125241486673066));
#4173=CARTESIAN_POINT('',(0.100833782608798,-0.00491221,0.125241486673066));
#4174=CARTESIAN_POINT('',(0.100833782608798,0.006415,0.125241486673066));
#4175=CARTESIAN_POINT('',(0.141723942011595,-0.007085,0.0981566235423088));
#4176=CARTESIAN_POINT('',(0.100833782608798,-0.007085,0.125241486673066));
#4177=CARTESIAN_POINT('',(0.100833782608798,-0.007085,0.126000067522964));
#4178=CARTESIAN_POINT('',(0.1000752017589,-0.007085,0.125241486673066));
#4179=CARTESIAN_POINT('',(0.1000752017589,-0.007085,0.0710717604115516));
#4180=CARTESIAN_POINT('',(0.1000752017589,-0.007085,0.0710717604115516));
#4181=CARTESIAN_POINT('',(0.100833782608798,-0.007085,0.0710717604115516));
#4182=CARTESIAN_POINT('',(0.100833782608798,-0.007085,0.0703131795616531));
#4183=CARTESIAN_POINT('',(0.182614101414391,-0.007085,0.0703131795616531));
#4184=CARTESIAN_POINT('',(0.182614101414391,-0.007085,0.0703131795616531));
#4185=CARTESIAN_POINT('',(0.182614101414391,-0.007085,0.0710717604115516));
#4186=CARTESIAN_POINT('',(0.18337268226429,-0.007085,0.0710717604115516));
#4187=CARTESIAN_POINT('',(0.18337268226429,-0.007085,0.0981566235423088));
#4188=CARTESIAN_POINT('',(0.18337268226429,-0.007085,0.125241486673066));
#4189=CARTESIAN_POINT('',(0.182614101414391,-0.007085,0.125241486673066));
#4190=CARTESIAN_POINT('',(0.182614101414391,-0.007085,0.126000067522964));
#4191=CARTESIAN_POINT('',(0.141723942011595,-0.007085,0.126000067522964));
#4192=CARTESIAN_POINT('',(0.100833782608798,0.006415,0.0710717604115516));
#4193=CARTESIAN_POINT('',(0.0991401527225087,0.006415,0.0701434225592023));
#4194=CARTESIAN_POINT('',(0.0991401527225087,-0.0031,0.0701434225592023));
#4195=CARTESIAN_POINT('',(0.0991401527225087,0.,0.0701434225592023));
#4196=CARTESIAN_POINT('',(0.100833782608798,-0.0031,0.0710717604115516));
#4197=CARTESIAN_POINT('',(0.0989024117588997,-0.0031,0.0710717604115516));
#4198=CARTESIAN_POINT('',(0.0989024117588997,0.006415,0.0710717604115516));
#4199=CARTESIAN_POINT('',(0.0989024117588997,-0.005085,0.0710717604115516));
#4200=CARTESIAN_POINT('',(0.100833782608798,-0.005085,0.0710717604115516));
#4201=CARTESIAN_POINT('',(0.100833782608798,0.006415,0.0710717604115516));
#4202=CARTESIAN_POINT('',(0.0989024117588997,0.006415,0.0710717604115516));
#4203=CARTESIAN_POINT('',(0.0989024117588997,0.006415,0.0710717604115516));
#4204=CARTESIAN_POINT('',(0.0989024117588997,0.,0.0710717604115516));
#4205=CARTESIAN_POINT('',(0.100833782608798,0.,0.0710717604115516));
#4206=CARTESIAN_POINT('',(0.0989024117588997,0.006415,0.0981566235423088));
#4207=CARTESIAN_POINT('',(0.0989024117588997,-0.0031,0.0981566235423088));
#4208=CARTESIAN_POINT('',(0.0989024117588997,-0.0031,0.101688839298994));
#4209=CARTESIAN_POINT('',(0.0989024117588997,0.006415,0.101688839298994));
#4210=CARTESIAN_POINT('',(0.0989024117588997,0.,0.101688839298994));
#4211=CARTESIAN_POINT('',(0.0989024117588997,0.,0.0981566235423088));
#4212=CARTESIAN_POINT('',(0.0989024117588997,0.006415,0.0981566235423088));
#4213=CARTESIAN_POINT('',(0.0989024117588997,0.006415,0.125241486673066));
#4214=CARTESIAN_POINT('',(0.0989024117588997,0.006415,0.125241486673066));
#4215=CARTESIAN_POINT('',(0.0989024117588997,-0.005085,0.125241486673066));
#4216=CARTESIAN_POINT('',(0.0989024117588997,-0.005085,0.0981566235423088));
#4217=CARTESIAN_POINT('',(0.100833782608798,0.006415,0.125241486673066));
#4218=CARTESIAN_POINT('',(0.100833782608798,-0.005085,0.125241486673066));
#4219=CARTESIAN_POINT('',(0.100833782608798,-0.005085,0.127172857522964));
#4220=CARTESIAN_POINT('',(0.100833782608798,0.006415,0.125241486673066));
#4221=CARTESIAN_POINT('',(0.100833782608798,0.006415,0.127172857522964));
#4222=CARTESIAN_POINT('',(0.100833782608798,0.006415,0.127172857522964));
#4223=CARTESIAN_POINT('',(0.141723942011595,0.006415,0.127172857522964));
#4224=CARTESIAN_POINT('',(0.141723942011595,-0.0031,0.127172857522964));
#4225=CARTESIAN_POINT('',(0.180509447365312,-0.0031,0.127172857522964));
#4226=CARTESIAN_POINT('',(0.116110600784304,-0.0031,0.127172857522964));
#4227=CARTESIAN_POINT('',(0.180509447365312,0.006415,0.127172857522964));
#4228=CARTESIAN_POINT('',(0.180509447365312,0.,0.127172857522964));
#4229=CARTESIAN_POINT('',(0.141723942011595,0.,0.127172857522964));
#4230=CARTESIAN_POINT('',(0.116110600784304,0.,0.127172857522964));
#4231=CARTESIAN_POINT('',(0.116110600784304,0.006415,0.127172857522964));
#4232=CARTESIAN_POINT('',(0.10800664126873,-0.00260965223424137,0.127172857522964));
#4233=CARTESIAN_POINT('',(0.10613363580108,-0.005085,0.127172857522964));
#4234=CARTESIAN_POINT('',(0.10987964673638,-0.005085,0.127172857522964));
#4235=CARTESIAN_POINT('',(0.141723942011595,-0.005085,0.127172857522964));
#4236=CARTESIAN_POINT('',(0.141723942011595,0.006415,0.127172857522964));
#4237=CARTESIAN_POINT('',(0.182614101414391,0.006415,0.127172857522964));
#4238=CARTESIAN_POINT('',(0.182614101414391,0.006415,0.127172857522964));
#4239=CARTESIAN_POINT('',(0.182614101414391,-0.005085,0.127172857522964));
#4240=CARTESIAN_POINT('',(0.141723942011595,-0.005085,0.127172857522964));
#4241=CARTESIAN_POINT('',(0.182614101414391,0.006415,0.125241486673066));
#4242=CARTESIAN_POINT('',(0.182614101414391,-0.005085,0.125241486673066));
#4243=CARTESIAN_POINT('',(0.182614101414391,0.006415,0.125241486673066));
#4244=CARTESIAN_POINT('',(0.182614101414391,0.006415,0.0710717604115517));
#4245=CARTESIAN_POINT('',(0.182614101414391,-0.005085,0.0710717604115517));
#4246=CARTESIAN_POINT('',(0.182614101414391,0.006415,0.0710717604115517));
#4247=CARTESIAN_POINT('',(0.141723942011595,0.006415,0.0981566235423088));
#4248=CARTESIAN_POINT('',(0.141723942011595,-0.005085,0.0981566235423088));
#4249=CARTESIAN_POINT('',(0.141723942011595,-0.005085,0.103172857522964));
#4250=CARTESIAN_POINT('',(0.10987964673638,-0.005085,0.103172857522964));
#4251=CARTESIAN_POINT('',(0.10613363580108,-0.005085,0.103172857522964));
#4252=CARTESIAN_POINT('',(0.10987964673638,-0.005085,0.103172857522964));
#4253=CARTESIAN_POINT('',(0.10613363580108,-0.005085,0.103172857522964));
#4254=CARTESIAN_POINT('',(0.16054547226429,-0.00161345477681605,0.083202674984932));
#4255=CARTESIAN_POINT('',(0.16054547226429,-0.00226122412868291,0.083202674984932));
#4256=CARTESIAN_POINT('',(0.16054547226429,-0.000965685424949201,0.083202674984932));
#4257=CARTESIAN_POINT('',(0.16054547226429,-0.000965685424949225,0.0841683604098812));
#4258=CARTESIAN_POINT('',(0.16054547226429,3.74852778533276E-17,0.0841683604098812));
#4259=CARTESIAN_POINT('',(0.16054547226429,3.74852778533276E-17,0.0897133238613606));
#4260=CARTESIAN_POINT('',(0.16054547226429,3.75309123399877E-17,0.0952582873128399));
#4261=CARTESIAN_POINT('',(0.16054547226429,-0.000965685424949225,0.0952582873128399));
#4262=CARTESIAN_POINT('',(0.16054547226429,-0.000965685424949201,0.0962239727377892));
#4263=CARTESIAN_POINT('',(0.16054547226429,-0.00161345477681605,0.0962239727377892));
#4264=CARTESIAN_POINT('',(0.16054547226429,-0.00226122412868291,0.0962239727377891));
#4265=CARTESIAN_POINT('',(0.16054547226429,-0.00226122412868291,0.0952582873128399));
#4266=CARTESIAN_POINT('',(0.16054547226429,-0.00322690955363213,0.0952582873128399));
#4267=CARTESIAN_POINT('',(0.16054547226429,-0.00322690955363214,0.0897133238613606));
#4268=CARTESIAN_POINT('',(0.16054547226429,-0.00322690955363214,0.0841683604098812));
#4269=CARTESIAN_POINT('',(0.16054547226429,-0.00226122412868291,0.0841683604098812));
#4270=CARTESIAN_POINT('',(0.10800664126873,-0.00260965223424136,0.103172857522964));
#4271=CARTESIAN_POINT('',(0.105924881489448,-0.00491221,0.128172857522964));
#4272=CARTESIAN_POINT('',(0.106496777886105,-0.00542926582990463,0.128172857522964));
#4273=CARTESIAN_POINT('',(0.108002776193032,-0.00599864572904203,0.127866352613703));
#4274=CARTESIAN_POINT('',(0.109517365076528,-0.00542848791304,0.128172857522964));
#4275=CARTESIAN_POINT('',(0.110088401048012,-0.00491221,0.128172857522964));
#4276=CARTESIAN_POINT('',(0.10800664126873,-0.00260965223424136,0.103172857522964));
#4277=CARTESIAN_POINT('',(0.141723942011595,-0.000334999999999991,0.103172857522964));
#4278=CARTESIAN_POINT('',(0.110687550157309,0.00629625981673598,0.0931403895616531));
#4279=CARTESIAN_POINT('',(0.107073158025742,0.00629625981673598,0.0931403895616531));
#4280=CARTESIAN_POINT('',(0.114301942288876,0.00629625981673598,0.0931403895616531));
#4281=CARTESIAN_POINT('',(0.113919257980054,0.00422806083224713,0.0931403895616531));
#4282=CARTESIAN_POINT('',(0.114301942288876,0.00215986184775829,0.0931403895616531));
#4283=CARTESIAN_POINT('',(0.110687550157309,0.00215986184775828,0.0931403895616531));
#4284=CARTESIAN_POINT('',(0.107073158025742,0.00215986184775828,0.0931403895616531));
#4285=CARTESIAN_POINT('',(0.107322562893403,0.00422806083224713,0.0931403895616531));
#4286=CARTESIAN_POINT('',(0.18337268226429,-0.00491221,0.0981566235423088));
#4287=CARTESIAN_POINT('',(0.18337268226429,-0.00491221,0.0710717604115516));
#4288=CARTESIAN_POINT('',(0.18337268226429,-0.00491221,0.125241486673066));
#4289=CARTESIAN_POINT('',(0.182614101414391,-0.00491221,0.125241486673066));
#4290=CARTESIAN_POINT('',(0.182614101414391,-0.00491221,0.126000067522964));
#4291=CARTESIAN_POINT('',(0.182614101414391,-0.00491221,0.0710717604115516));
#4292=CARTESIAN_POINT('',(0.182614101414391,-0.00491221,0.0703131795616532));
#4293=CARTESIAN_POINT('',(0.141723942011595,-0.00491221,0.126000067522964));
#4294=CARTESIAN_POINT('',(0.100833782608798,-0.00491221,0.126000067522964));
#4295=CARTESIAN_POINT('',(0.141723942011595,-0.00491221,0.0703131795616531));
#4296=CARTESIAN_POINT('',(0.100833782608798,-0.00491221,0.0703131795616531));
#4297=CARTESIAN_POINT('',(0.100833782608798,-0.00491221,0.125241486673066));
#4298=CARTESIAN_POINT('',(0.1000752017589,-0.00491221,0.125241486673066));
#4299=CARTESIAN_POINT('',(0.100833782608798,-0.00491221,0.0710717604115516));
#4300=CARTESIAN_POINT('',(0.1000752017589,-0.00491221,0.0710717604115516));
#4301=CARTESIAN_POINT('',(0.1000752017589,-0.00491221,0.0981566235423088));
#4302=CARTESIAN_POINT('',(0.143127556890249,-0.0031,0.12094110250473));
#4303=CARTESIAN_POINT('',(0.143127556890249,0.,0.12094110250473));
#4304=CARTESIAN_POINT('',(0.114726237952709,0.,0.12094110250473));
#4305=CARTESIAN_POINT('',(0.17152887582779,0.,0.12094110250473));
#4306=CARTESIAN_POINT('',(0.17152887582779,-0.0031,0.12094110250473));
#4307=CARTESIAN_POINT('',(0.17152887582779,-0.0031,0.12094110250473));
#4308=CARTESIAN_POINT('',(0.143127556890249,-0.0031,0.12094110250473));
#4309=CARTESIAN_POINT('',(0.114726237952709,-0.0031,0.12094110250473));
#4310=CARTESIAN_POINT('',(0.114726237952709,-0.0031,0.12094110250473));
#4311=CARTESIAN_POINT('',(0.17152887582779,-0.0031,0.115223955363035));
#4312=CARTESIAN_POINT('',(0.17152887582779,0.,0.115223955363035));
#4313=CARTESIAN_POINT('',(0.17152887582779,0.,0.10950680822134));
#4314=CARTESIAN_POINT('',(0.17152887582779,-0.0031,0.10950680822134));
#4315=CARTESIAN_POINT('',(0.17152887582779,-0.0031,0.10950680822134));
#4316=CARTESIAN_POINT('',(0.17152887582779,-0.0031,0.115223955363035));
#4317=CARTESIAN_POINT('',(0.176287017762661,-0.0031,0.10950680822134));
#4318=CARTESIAN_POINT('',(0.176287017762661,0.,0.10950680822134));
#4319=CARTESIAN_POINT('',(0.181045159697533,0.,0.10950680822134));
#4320=CARTESIAN_POINT('',(0.181045159697533,-0.0031,0.10950680822134));
#4321=CARTESIAN_POINT('',(0.181045159697533,-0.0031,0.10950680822134));
#4322=CARTESIAN_POINT('',(0.176287017762661,-0.0031,0.10950680822134));
#4323=CARTESIAN_POINT('',(0.181045159697533,-0.0031,0.123720551252346));
#4324=CARTESIAN_POINT('',(0.181045159697533,0.,0.123720551252346));
#4325=CARTESIAN_POINT('',(0.181045159697533,0.,0.126499999999962));
#4326=CARTESIAN_POINT('',(0.181045159697533,-0.0031,0.126499999999962));
#4327=CARTESIAN_POINT('',(0.181045159697533,-0.0031,0.126499999999962));
#4328=CARTESIAN_POINT('',(0.181045159697533,-0.0031,0.123720551252346));
#4329=CARTESIAN_POINT('',(0.180504284799099,-0.0031,0.127179341733437));
#4330=CARTESIAN_POINT('',(0.180504284799099,0.,0.127179341733437));
#4331=CARTESIAN_POINT('',(0.180504284799099,-0.0031,0.127179341733437));
#4332=CARTESIAN_POINT('',(0.115762956440449,-0.0031,0.12700388801096));
#4333=CARTESIAN_POINT('',(0.115762956440449,-0.0031,0.12700388801096));
#4334=CARTESIAN_POINT('',(0.114726237952709,-0.0031,0.126499999999962));
#4335=CARTESIAN_POINT('',(0.115762956440449,0.,0.12700388801096));
#4336=CARTESIAN_POINT('',(0.114726237952709,0.,0.126499999999962));
#4337=CARTESIAN_POINT('',(0.114726237952709,-0.0031,0.126499999999962));
#4338=CARTESIAN_POINT('',(0.114726237952709,-0.0031,0.123720551252346));
#4339=CARTESIAN_POINT('',(0.114726237952709,0.,0.123720551252346));
#4340=CARTESIAN_POINT('',(0.114726237952709,-0.0031,0.123720551252346));
#4341=CARTESIAN_POINT('',(0.141151188015938,-0.0031,0.0982506833970547));
#4342=CARTESIAN_POINT('',(0.141151188015938,0.,0.0982506833970547));
#4343=CARTESIAN_POINT('',(0.121741320937872,-0.0031,0.0693652069568625));
#4344=CARTESIAN_POINT('',(0.121741320937872,-0.0031,0.0693652069568625));
#4345=CARTESIAN_POINT('',(0.122472055256367,-0.0031,0.0699999999999982));
#4346=CARTESIAN_POINT('',(0.121741320937872,0.,0.0693652069568625));
#4347=CARTESIAN_POINT('',(0.122472055256367,0.,0.0699999999999982));
#4348=CARTESIAN_POINT('',(0.122472055256367,-0.0031,0.0699999999999982));
#4349=CARTESIAN_POINT('',(0.100482378154993,-0.0031,0.0695638246834278));
#4350=CARTESIAN_POINT('',(0.100482378154993,0.,0.0695638246834278));
#4351=CARTESIAN_POINT('',(0.100482378154993,-0.0031,0.0695638246834278));
#4352=CARTESIAN_POINT('',(0.0990261880159369,-0.0031,0.102299690246582));
#4353=CARTESIAN_POINT('',(0.0990261880159369,0.,0.102299690246582));
#4354=CARTESIAN_POINT('',(0.0994999999999981,0.,0.104638010263443));
#4355=CARTESIAN_POINT('',(0.0990261880159369,-0.0031,0.102299690246582));
#4356=CARTESIAN_POINT('',(0.0994999999999981,-0.0031,0.104638010263443));
#4357=CARTESIAN_POINT('',(0.0994999999999981,-0.0031,0.104638010263443));
#4358=CARTESIAN_POINT('',(0.141151188015938,-0.0031,0.0982506833970547));
#4359=CARTESIAN_POINT('',(0.105,-0.0031,0.104));
#4360=CARTESIAN_POINT('',(0.10485,-0.0031,0.104));
#4361=CARTESIAN_POINT('',(0.11225,-0.0031,0.10375));
#4362=CARTESIAN_POINT('',(0.1121,-0.0031,0.10375));
#4363=CARTESIAN_POINT('',(0.10625,-0.0031,0.0915));
#4364=CARTESIAN_POINT('',(0.1061,-0.0031,0.0915));
#4365=CARTESIAN_POINT('',(0.11525,-0.0031,0.0955));
#4366=CARTESIAN_POINT('',(0.1151,-0.0031,0.0955));
#4367=CARTESIAN_POINT('',(0.11225,-0.0031,0.0915));
#4368=CARTESIAN_POINT('',(0.1121,-0.0031,0.0915));
#4369=CARTESIAN_POINT('',(0.11225,-0.0031,0.0905));
#4370=CARTESIAN_POINT('',(0.1121,-0.0031,0.0905));
#4371=CARTESIAN_POINT('',(0.12025,-0.0031,0.09225));
#4372=CARTESIAN_POINT('',(0.1201,-0.0031,0.09225));
#4373=CARTESIAN_POINT('',(0.10925,-0.0031,0.08925));
#4374=CARTESIAN_POINT('',(0.1091,-0.0031,0.08925));
#4375=CARTESIAN_POINT('',(0.10575,-0.0031,0.08775));
#4376=CARTESIAN_POINT('',(0.1056,-0.0031,0.08775));
#4377=CARTESIAN_POINT('',(0.1099,-0.0031,0.088));
#4378=CARTESIAN_POINT('',(0.10975,-0.0031,0.088));
#4379=CARTESIAN_POINT('',(0.112,-0.0031,0.0885));
#4380=CARTESIAN_POINT('',(0.11185,-0.0031,0.0885));
#4381=CARTESIAN_POINT('',(0.108875,-0.0031,0.084125));
#4382=CARTESIAN_POINT('',(0.108725,-0.0031,0.084125));
#4383=CARTESIAN_POINT('',(0.10925,-0.0031,0.08275));
#4384=CARTESIAN_POINT('',(0.1091,-0.0031,0.08275));
#4385=CARTESIAN_POINT('',(0.105,-0.0031,0.079));
#4386=CARTESIAN_POINT('',(0.10485,-0.0031,0.079));
#4387=CARTESIAN_POINT('',(0.11569162,-0.0031,0.079095125));
#4388=CARTESIAN_POINT('',(0.11554162,-0.0031,0.079095125));
#4389=CARTESIAN_POINT('',(0.100626,-0.0031,0.0785));
#4390=CARTESIAN_POINT('',(0.100476,-0.0031,0.0785));
#4391=CARTESIAN_POINT('',(0.10775,-0.0031,0.0765));
#4392=CARTESIAN_POINT('',(0.1076,-0.0031,0.0765));
#4393=CARTESIAN_POINT('',(0.122472055256367,-0.0031,0.0873190051317206));
#4394=CARTESIAN_POINT('',(0.122472055256367,-0.0031,0.104638010263443));
#4395=CARTESIAN_POINT('',(0.110986027628182,-0.0031,0.104638010263443));
#4396=CARTESIAN_POINT('',(0.108558763655301,-0.0031,0.104638010263443));
#4397=CARTESIAN_POINT('',(0.1085,-0.0031,0.1045));
#4398=CARTESIAN_POINT('',(0.108441236344698,-0.0031,0.104638010263443));
#4399=CARTESIAN_POINT('',(0.110986027628182,-0.0031,0.104638010263443));
#4400=CARTESIAN_POINT('',(0.141151188015938,0.,0.0982506833970547));
#4401=CARTESIAN_POINT('',(0.105,0.,0.104));
#4402=CARTESIAN_POINT('',(0.10485,0.,0.104));
#4403=CARTESIAN_POINT('',(0.11225,0.,0.10375));
#4404=CARTESIAN_POINT('',(0.1121,0.,0.10375));
#4405=CARTESIAN_POINT('',(0.10625,0.,0.0915));
#4406=CARTESIAN_POINT('',(0.1061,0.,0.0915));
#4407=CARTESIAN_POINT('',(0.11525,0.,0.0955));
#4408=CARTESIAN_POINT('',(0.1151,0.,0.0955));
#4409=CARTESIAN_POINT('',(0.11225,0.,0.0915));
#4410=CARTESIAN_POINT('',(0.1121,0.,0.0915));
#4411=CARTESIAN_POINT('',(0.11225,0.,0.0905));
#4412=CARTESIAN_POINT('',(0.1121,0.,0.0905));
#4413=CARTESIAN_POINT('',(0.12025,0.,0.09225));
#4414=CARTESIAN_POINT('',(0.1201,0.,0.09225));
#4415=CARTESIAN_POINT('',(0.10925,0.,0.08925));
#4416=CARTESIAN_POINT('',(0.1091,0.,0.08925));
#4417=CARTESIAN_POINT('',(0.10575,0.,0.08775));
#4418=CARTESIAN_POINT('',(0.1056,0.,0.08775));
#4419=CARTESIAN_POINT('',(0.1099,0.,0.088));
#4420=CARTESIAN_POINT('',(0.10975,0.,0.088));
#4421=CARTESIAN_POINT('',(0.112,0.,0.0885));
#4422=CARTESIAN_POINT('',(0.11185,0.,0.0885));
#4423=CARTESIAN_POINT('',(0.108875,0.,0.084125));
#4424=CARTESIAN_POINT('',(0.108725,0.,0.084125));
#4425=CARTESIAN_POINT('',(0.10925,0.,0.08275));
#4426=CARTESIAN_POINT('',(0.1091,0.,0.08275));
#4427=CARTESIAN_POINT('',(0.105,0.,0.079));
#4428=CARTESIAN_POINT('',(0.10485,0.,0.079));
#4429=CARTESIAN_POINT('',(0.11569162,0.,0.079095125));
#4430=CARTESIAN_POINT('',(0.11554162,0.,0.079095125));
#4431=CARTESIAN_POINT('',(0.100626,0.,0.0785));
#4432=CARTESIAN_POINT('',(0.100476,0.,0.0785));
#4433=CARTESIAN_POINT('',(0.10775,0.,0.0765));
#4434=CARTESIAN_POINT('',(0.1076,0.,0.0765));
#4435=CARTESIAN_POINT('',(0.110986027628182,0.,0.104638010263443));
#4436=CARTESIAN_POINT('',(0.108441236344698,0.,0.104638010263443));
#4437=CARTESIAN_POINT('',(0.1085,0.,0.1045));
#4438=CARTESIAN_POINT('',(0.108558763655301,0.,0.104638010263443));
#4439=CARTESIAN_POINT('',(0.110986027628182,0.,0.104638010263443));
#4440=CARTESIAN_POINT('',(0.122472055256367,0.,0.104638010263443));
#4441=CARTESIAN_POINT('',(0.122472055256367,0.,0.0873190051317206));
#4442=CARTESIAN_POINT('',(0.122472055256367,-0.0031,0.0873190051317206));
#4443=CARTESIAN_POINT('',(0.122472055256367,-0.0031,0.104638010263443));
#4444=CARTESIAN_POINT('',(0.110986027628182,-0.0031,0.104638010263443));
#4445=CARTESIAN_POINT('',(0.108558763655301,-0.0031,0.104638010263443));
#4446=CARTESIAN_POINT('',(0.1085,-0.0031,0.1045));
#4447=CARTESIAN_POINT('',(0.108441236344698,-0.0031,0.104638010263443));
#4448=CARTESIAN_POINT('',(0.110986027628182,-0.0031,0.104638010263443));
#4449=CARTESIAN_POINT('',(0.100626,-0.0031,0.0785));
#4450=CARTESIAN_POINT('',(0.11569162,-0.0031,0.079095125));
#4451=CARTESIAN_POINT('',(0.105,-0.0031,0.079));
#4452=CARTESIAN_POINT('',(0.10925,-0.0031,0.08275));
#4453=CARTESIAN_POINT('',(0.108875,-0.0031,0.084125));
#4454=CARTESIAN_POINT('',(0.112,-0.0031,0.0885));
#4455=CARTESIAN_POINT('',(0.1099,-0.0031,0.088));
#4456=CARTESIAN_POINT('',(0.10575,-0.0031,0.08775));
#4457=CARTESIAN_POINT('',(0.10925,-0.0031,0.08925));
#4458=CARTESIAN_POINT('',(0.12025,-0.0031,0.09225));
#4459=CARTESIAN_POINT('',(0.11225,-0.0031,0.0905));
#4460=CARTESIAN_POINT('',(0.11225,-0.0031,0.0915));
#4461=CARTESIAN_POINT('',(0.11525,-0.0031,0.0955));
#4462=CARTESIAN_POINT('',(0.10625,-0.0031,0.0915));
#4463=CARTESIAN_POINT('',(0.11225,-0.0031,0.10375));
#4464=CARTESIAN_POINT('',(0.105,-0.0031,0.104));
#4465=CARTESIAN_POINT('',(0.10775,-0.0031,0.0765));
#4466=CARTESIAN_POINT('',(0.129094429314136,-0.0031,0.0693652069568625));
#4467=CARTESIAN_POINT('',(0.129094429314136,0.,0.0693652069568625));
#4468=CARTESIAN_POINT('',(0.128668710589409,0.,0.0699999999999982));
#4469=CARTESIAN_POINT('',(0.129094429314136,-0.0031,0.0693652069568625));
#4470=CARTESIAN_POINT('',(0.128668710589409,-0.0031,0.0699999999999982));
#4471=CARTESIAN_POINT('',(0.128668710589409,-0.0031,0.0699999999999982));
#4472=CARTESIAN_POINT('',(0.1651261895895,-0.0031,0.0693213416635981));
#4473=CARTESIAN_POINT('',(0.1651261895895,-0.0031,0.0693213416635981));
#4474=CARTESIAN_POINT('',(0.165553539991379,-0.0031,0.0699999999999982));
#4475=CARTESIAN_POINT('',(0.1651261895895,0.,0.0693213416635981));
#4476=CARTESIAN_POINT('',(0.165553539991379,0.,0.0699999999999982));
#4477=CARTESIAN_POINT('',(0.165553539991379,-0.0031,0.0699999999999982));
#4478=CARTESIAN_POINT('',(0.141151188015938,-0.0031,0.0982506833970547));
#4479=CARTESIAN_POINT('',(0.13025,-0.0031,0.095));
#4480=CARTESIAN_POINT('',(0.1301,-0.0031,0.095));
#4481=CARTESIAN_POINT('',(0.13,-0.0031,0.0925));
#4482=CARTESIAN_POINT('',(0.12985,-0.0031,0.0925));
#4483=CARTESIAN_POINT('',(0.12925,-0.0031,0.087));
#4484=CARTESIAN_POINT('',(0.1291,-0.0031,0.087));
#4485=CARTESIAN_POINT('',(0.139,-0.0031,0.0885));
#4486=CARTESIAN_POINT('',(0.13885,-0.0031,0.0885));
#4487=CARTESIAN_POINT('',(0.13975,-0.0031,0.08675));
#4488=CARTESIAN_POINT('',(0.1396,-0.0031,0.08675));
#4489=CARTESIAN_POINT('',(0.165553539991379,-0.0031,0.0865075400471678));
#4490=CARTESIAN_POINT('',(0.165553539991379,-0.0031,0.103015080094337));
#4491=CARTESIAN_POINT('',(0.147111125290394,-0.0031,0.103015080094337));
#4492=CARTESIAN_POINT('',(0.128668710589409,-0.0031,0.103015080094337));
#4493=CARTESIAN_POINT('',(0.128668710589409,-0.0031,0.0865075400471678));
#4494=CARTESIAN_POINT('',(0.141151188015938,0.,0.0982506833970547));
#4495=CARTESIAN_POINT('',(0.13975,0.,0.08675));
#4496=CARTESIAN_POINT('',(0.1396,0.,0.08675));
#4497=CARTESIAN_POINT('',(0.139,0.,0.0885));
#4498=CARTESIAN_POINT('',(0.13885,0.,0.0885));
#4499=CARTESIAN_POINT('',(0.12925,0.,0.087));
#4500=CARTESIAN_POINT('',(0.1291,0.,0.087));
#4501=CARTESIAN_POINT('',(0.13,0.,0.0925));
#4502=CARTESIAN_POINT('',(0.12985,0.,0.0925));
#4503=CARTESIAN_POINT('',(0.13025,0.,0.095));
#4504=CARTESIAN_POINT('',(0.1301,0.,0.095));
#4505=CARTESIAN_POINT('',(0.128668710589409,0.,0.0865075400471678));
#4506=CARTESIAN_POINT('',(0.128668710589409,0.,0.103015080094337));
#4507=CARTESIAN_POINT('',(0.147111125290394,0.,0.103015080094337));
#4508=CARTESIAN_POINT('',(0.165553539991379,0.,0.103015080094337));
#4509=CARTESIAN_POINT('',(0.165553539991379,0.,0.0865075400471678));
#4510=CARTESIAN_POINT('',(0.128668710589409,-0.0031,0.0865075400471678));
#4511=CARTESIAN_POINT('',(0.128668710589409,-0.0031,0.103015080094337));
#4512=CARTESIAN_POINT('',(0.165553539991379,-0.0031,0.0865075400471678));
#4513=CARTESIAN_POINT('',(0.165553539991379,-0.0031,0.103015080094337));
#4514=CARTESIAN_POINT('',(0.13,-0.0031,0.0925));
#4515=CARTESIAN_POINT('',(0.12925,-0.0031,0.087));
#4516=CARTESIAN_POINT('',(0.139,-0.0031,0.0885));
#4517=CARTESIAN_POINT('',(0.13975,-0.0031,0.08675));
#4518=CARTESIAN_POINT('',(0.147111125290394,-0.0031,0.103015080094337));
#4519=CARTESIAN_POINT('',(0.13025,-0.0031,0.095));
#4520=CARTESIAN_POINT('',(0.,0.,0.));
#4521=CARTESIAN_POINT('',(0.141723942011595,0.006415,0.0981758226510825));
#4522=CARTESIAN_POINT('',(0.139400374835437,0.006415,0.109097272157668));
#4523=CARTESIAN_POINT('',(0.138892925312827,0.006415,0.109137567936833));
#4524=CARTESIAN_POINT('',(0.137906183363474,0.006415,0.109587801301557));
#4525=CARTESIAN_POINT('',(0.137455430141918,0.006415,0.110572892752919));
#4526=CARTESIAN_POINT('',(0.137414947152138,0.006415,0.111082699840957));
#4527=CARTESIAN_POINT('',(0.139400374835437,0.006415,0.109097272157667));
#4528=CARTESIAN_POINT('',(0.137414947152137,0.006415,0.111082699840957));
#4529=CARTESIAN_POINT('',(0.137414947152138,0.006415,0.112318575382233));
#4530=CARTESIAN_POINT('',(0.137414947152138,0.006415,0.109097272157669));
#4531=CARTESIAN_POINT('',(0.140654139220715,0.006415,0.109097272157669));
#4532=CARTESIAN_POINT('',(0.141723942011595,0.006415,0.0981758226510825));
#4533=CARTESIAN_POINT('',(0.143893331289292,0.006415,0.111082699840969));
#4534=CARTESIAN_POINT('',(0.143853035510127,0.006415,0.110575250318358));
#4535=CARTESIAN_POINT('',(0.143402802145403,0.006415,0.109588508369005));
#4536=CARTESIAN_POINT('',(0.142417710694041,0.006415,0.109137755147449));
#4537=CARTESIAN_POINT('',(0.141907903606003,0.006415,0.109097272157669));
#4538=CARTESIAN_POINT('',(0.143893331289293,0.006415,0.111082699840969));
#4539=CARTESIAN_POINT('',(0.141907903606003,0.006415,0.109097272157668));
#4540=CARTESIAN_POINT('',(0.140654139220715,0.006415,0.109097272157669));
#4541=CARTESIAN_POINT('',(0.143893331289291,0.006415,0.109097272157669));
#4542=CARTESIAN_POINT('',(0.143893331289291,0.006415,0.112318575382233));
#4543=CARTESIAN_POINT('',(0.141723942011595,0.006415,0.0981758226510825));
#4544=CARTESIAN_POINT('',(0.141907903605992,0.006415,0.115539878606797));
#4545=CARTESIAN_POINT('',(0.142415353128603,0.006415,0.115499582827632));
#4546=CARTESIAN_POINT('',(0.143402095077955,0.006415,0.115049349462908));
#4547=CARTESIAN_POINT('',(0.143852848299511,0.006415,0.114064258011547));
#4548=CARTESIAN_POINT('',(0.143893331289291,0.006415,0.113554450923509));
#4549=CARTESIAN_POINT('',(0.141907903605992,0.006415,0.115539878606798));
#4550=CARTESIAN_POINT('',(0.143893331289292,0.006415,0.113554450923509));
#4551=CARTESIAN_POINT('',(0.143893331289291,0.006415,0.112318575382233));
#4552=CARTESIAN_POINT('',(0.143893331289291,0.006415,0.115539878606796));
#4553=CARTESIAN_POINT('',(0.140654139220715,0.006415,0.115539878606796));
#4554=CARTESIAN_POINT('',(0.141723942011595,0.006415,0.0981758226510825));
#4555=CARTESIAN_POINT('',(0.140654139220715,0.006415,0.115539878606796));
#4556=CARTESIAN_POINT('',(0.137414947152138,0.006415,0.115539878606796));
#4557=CARTESIAN_POINT('',(0.139400374835426,0.006415,0.115539878606797));
#4558=CARTESIAN_POINT('',(0.137414947152138,0.006415,0.112318575382233));
#4559=CARTESIAN_POINT('',(0.137414947152136,0.006415,0.113554450923497));
#4560=CARTESIAN_POINT('',(0.137414947152137,0.006415,0.113554450923496));
#4561=CARTESIAN_POINT('',(0.137455242931302,0.006415,0.114061900446107));
#4562=CARTESIAN_POINT('',(0.137905476296026,0.00641499999999999,0.11504864239546));
#4563=CARTESIAN_POINT('',(0.138890567747388,0.006415,0.115499395617016));
#4564=CARTESIAN_POINT('',(0.139400374835426,0.006415,0.115539878606796));
#4565=CARTESIAN_POINT('',(0.141723942011595,0.006415,0.0981758226510825));
#4566=CARTESIAN_POINT('',(0.131850314086384,0.006415,0.0771274566650382));
#4567=CARTESIAN_POINT('',(0.131342864563773,0.006415,0.0771677524442036));
#4568=CARTESIAN_POINT('',(0.13035612261442,0.006415,0.0776179858089275));
#4569=CARTESIAN_POINT('',(0.129905369392864,0.006415,0.0786030772602887));
#4570=CARTESIAN_POINT('',(0.129864886403084,0.006415,0.0791128843483268));
#4571=CARTESIAN_POINT('',(0.131850314086383,0.006415,0.0771274566650372));
#4572=CARTESIAN_POINT('',(0.129864886403083,0.006415,0.0791128843483267));
#4573=CARTESIAN_POINT('',(0.129864886403084,0.006415,0.0894529074430466));
#4574=CARTESIAN_POINT('',(0.129864886403084,0.006415,0.0771274566650391));
#4575=CARTESIAN_POINT('',(0.152212671935559,0.006415,0.0771274566650391));
#4576=CARTESIAN_POINT('',(0.141723942011595,0.006415,0.0981758226510825));
#4577=CARTESIAN_POINT('',(0.174560457468034,0.00641500000000001,0.0791128843483389));
#4578=CARTESIAN_POINT('',(0.174520161688869,0.00641500000000001,0.0786054348257279));
#4579=CARTESIAN_POINT('',(0.174069928324144,0.00641500000000001,0.0776186928763748));
#4580=CARTESIAN_POINT('',(0.173084836872783,0.00641500000000001,0.0771679396548194));
#4581=CARTESIAN_POINT('',(0.172575029784745,0.00641500000000001,0.0771274566650391));
#4582=CARTESIAN_POINT('',(0.174560457468035,0.006415,0.0791128843483387));
#4583=CARTESIAN_POINT('',(0.172575029784744,0.006415,0.0771274566650381));
#4584=CARTESIAN_POINT('',(0.152212671935559,0.006415,0.0771274566650391));
#4585=CARTESIAN_POINT('',(0.174560457468033,0.006415,0.0771274566650391));
#4586=CARTESIAN_POINT('',(0.174560457468033,0.006415,0.0894529074430466));
#4587=CARTESIAN_POINT('',(0.141723942011595,0.006415,0.0981758226510825));
#4588=CARTESIAN_POINT('',(0.172575029784733,0.00641500000000001,0.101778358221055));
#4589=CARTESIAN_POINT('',(0.173082479307344,0.00641500000000001,0.10173806244189));
#4590=CARTESIAN_POINT('',(0.174069221256697,0.00641500000000001,0.101287829077166));
#4591=CARTESIAN_POINT('',(0.174519974478252,0.00641500000000001,0.100302737625805));
#4592=CARTESIAN_POINT('',(0.174560457468033,0.00641500000000001,0.0997929305377666));
#4593=CARTESIAN_POINT('',(0.172575029784733,0.006415,0.101778358221056));
#4594=CARTESIAN_POINT('',(0.174560457468034,0.006415,0.0997929305377664));
#4595=CARTESIAN_POINT('',(0.174560457468033,0.006415,0.0894529074430466));
#4596=CARTESIAN_POINT('',(0.174560457468033,0.006415,0.101778358221054));
#4597=CARTESIAN_POINT('',(0.152212671935559,0.006415,0.101778358221054));
#4598=CARTESIAN_POINT('',(0.141723942011595,0.006415,0.0981758226510825));
#4599=CARTESIAN_POINT('',(0.152212671935559,0.006415,0.101778358221054));
#4600=CARTESIAN_POINT('',(0.129864886403084,0.006415,0.101778358221054));
#4601=CARTESIAN_POINT('',(0.131850314086372,0.006415,0.101778358221055));
#4602=CARTESIAN_POINT('',(0.129864886403084,0.006415,0.0894529074430466));
#4603=CARTESIAN_POINT('',(0.129864886403082,0.006415,0.0997929305377544));
#4604=CARTESIAN_POINT('',(0.129864886403083,0.006415,0.0997929305377542));
#4605=CARTESIAN_POINT('',(0.129905182182248,0.006415,0.100300380060365));
#4606=CARTESIAN_POINT('',(0.130355415546972,0.006415,0.101287122009718));
#4607=CARTESIAN_POINT('',(0.131340506998334,0.006415,0.101737875231274));
#4608=CARTESIAN_POINT('',(0.131850314086372,0.006415,0.101778358221054));
#4609=CARTESIAN_POINT('',(0.141723942011595,0.008415,0.0981758226510825));
#4610=CARTESIAN_POINT('',(0.146066121289291,0.008415,0.115539878606796));
#4611=CARTESIAN_POINT('',(0.146066121289291,0.008415,0.106924482157669));
#4612=CARTESIAN_POINT('',(0.146066121289291,0.008415,0.117712668606796));
#4613=CARTESIAN_POINT('',(0.141723942011595,0.008415,0.117712668606796));
#4614=CARTESIAN_POINT('',(0.135242157152138,0.008415,0.117712668606796));
#4615=CARTESIAN_POINT('',(0.135242157152138,0.008415,0.0981758226510825));
#4616=CARTESIAN_POINT('',(0.135242157152138,0.008415,0.106924482157669));
#4617=CARTESIAN_POINT('',(0.143893331289291,0.008415,0.106924482157669));
#4618=CARTESIAN_POINT('',(0.160739660263061,0.008415,0.111955679953098));
#4619=CARTESIAN_POINT('',(0.160739660263061,0.008415,0.119937852044739));
#4620=CARTESIAN_POINT('',(0.176733247468033,0.008415,0.101778358221054));
#4621=CARTESIAN_POINT('',(0.176733247468033,0.008415,0.0749546666650391));
#4622=CARTESIAN_POINT('',(0.176733247468033,0.008415,0.103951148221054));
#4623=CARTESIAN_POINT('',(0.141723942011595,0.008415,0.103951148221054));
#4624=CARTESIAN_POINT('',(0.127692096403084,0.008415,0.103951148221054));
#4625=CARTESIAN_POINT('',(0.127692096403084,0.008415,0.0981758226510825));
#4626=CARTESIAN_POINT('',(0.127692096403084,0.008415,0.0749546666650391));
#4627=CARTESIAN_POINT('',(0.174560457468033,0.008415,0.0749546666650391));
#4628=CARTESIAN_POINT('',(0.141723942011595,0.008415,0.0703131795616531));
#4629=CARTESIAN_POINT('',(0.182614101414391,0.008415,0.0703131795616531));
#4630=CARTESIAN_POINT('',(0.100833782608798,0.008415,0.0703131795616531));
#4631=CARTESIAN_POINT('',(0.100833782608798,0.008415,0.0710717604115516));
#4632=CARTESIAN_POINT('',(0.1000752017589,0.008415,0.0710717604115516));
#4633=CARTESIAN_POINT('',(0.1000752017589,0.008415,0.0981758226510825));
#4634=CARTESIAN_POINT('',(0.1000752017589,0.008415,0.125241486673066));
#4635=CARTESIAN_POINT('',(0.100833782608798,0.008415,0.125241486673066));
#4636=CARTESIAN_POINT('',(0.100833782608798,0.008415,0.126000067522964));
#4637=CARTESIAN_POINT('',(0.182614101414391,0.008415,0.126000067522964));
#4638=CARTESIAN_POINT('',(0.182614101414391,0.008415,0.126000067522964));
#4639=CARTESIAN_POINT('',(0.182614101414391,0.008415,0.125241486673066));
#4640=CARTESIAN_POINT('',(0.18337268226429,0.008415,0.125241486673066));
#4641=CARTESIAN_POINT('',(0.18337268226429,0.008415,0.0710717604115516));
#4642=CARTESIAN_POINT('',(0.18337268226429,0.008415,0.0710717604115516));
#4643=CARTESIAN_POINT('',(0.182614101414391,0.008415,0.0710717604115516));
#4644=CARTESIAN_POINT('',(0.141723942011595,0.006415,0.0981758226510825));
#4645=CARTESIAN_POINT('',(0.100833782608798,0.006415,0.0710717604115516));
#4646=CARTESIAN_POINT('',(0.100833782608798,0.006415,0.0692403895616531));
#4647=CARTESIAN_POINT('',(0.0990024117588997,0.006415,0.0710717604115516));
#4648=CARTESIAN_POINT('',(0.0990024117588997,0.006415,0.0981566235423088));
#4649=CARTESIAN_POINT('',(0.0990024117588997,0.006415,0.125241486673066));
#4650=CARTESIAN_POINT('',(0.100833782608798,0.006415,0.125241486673066));
#4651=CARTESIAN_POINT('',(0.100833782608798,0.006415,0.127072857522964));
#4652=CARTESIAN_POINT('',(0.141723942011595,0.006415,0.127072857522964));
#4653=CARTESIAN_POINT('',(0.182614101414391,0.006415,0.127072857522964));
#4654=CARTESIAN_POINT('',(0.182614101414391,0.006415,0.125241486673066));
#4655=CARTESIAN_POINT('',(0.18444547226429,0.006415,0.125241486673066));
#4656=CARTESIAN_POINT('',(0.18444547226429,0.006415,0.0981566235423088));
#4657=CARTESIAN_POINT('',(0.18444547226429,0.006415,0.0710717604115516));
#4658=CARTESIAN_POINT('',(0.182614101414391,0.006415,0.0710717604115516));
#4659=CARTESIAN_POINT('',(0.182614101414391,0.006415,0.0692403895616532));
#4660=CARTESIAN_POINT('',(0.141723942011595,0.006415,0.0692403895616532));
#4661=CARTESIAN_POINT('',(0.097909293173571,0.006415,0.125241486673066));
#4662=CARTESIAN_POINT('',(0.097909293173571,0.006415,0.125241486673066));
#4663=CARTESIAN_POINT('',(0.097909293173571,0.006415,0.0710717604115516));
#4664=CARTESIAN_POINT('',(0.100833782608798,0.006415,0.0710717604115516));
#4665=CARTESIAN_POINT('',(0.100833782608798,0.006415,0.0681472709763245));
#4666=CARTESIAN_POINT('',(0.100833782608798,0.006415,0.0681472709763245));
#4667=CARTESIAN_POINT('',(0.182614101414391,0.006415,0.0681472709763245));
#4668=CARTESIAN_POINT('',(0.182614101414391,0.006415,0.0710717604115516));
#4669=CARTESIAN_POINT('',(0.185538590849618,0.006415,0.0710717604115516));
#4670=CARTESIAN_POINT('',(0.185538590849618,0.006415,0.0710717604115516));
#4671=CARTESIAN_POINT('',(0.185538590849618,0.006415,0.125241486673066));
#4672=CARTESIAN_POINT('',(0.182614101414391,0.006415,0.125241486673066));
#4673=CARTESIAN_POINT('',(0.182614101414391,0.006415,0.128165976108293));
#4674=CARTESIAN_POINT('',(0.182614101414391,0.006415,0.128165976108293));
#4675=CARTESIAN_POINT('',(0.100833782608798,0.006415,0.128165976108293));
#4676=CARTESIAN_POINT('',(0.100833782608798,0.006415,0.125241486673066));
#4677=CARTESIAN_POINT('',(0.135242157152138,0.00624221,0.112318575382233));
#4678=CARTESIAN_POINT('',(0.135242157152138,0.00624221,0.117712668606796));
#4679=CARTESIAN_POINT('',(0.137411528101287,0.006415,0.113380829642913));
#4680=CARTESIAN_POINT('',(0.137408065737466,0.006415,0.112318575382233));
#4681=CARTESIAN_POINT('',(0.137411506444802,0.006415,0.111256299328326));
#4682=CARTESIAN_POINT('',(0.135242157152138,0.00624221,0.106924482157669));
#4683=CARTESIAN_POINT('',(0.141723942011595,0.00624221,0.106924482157669));
#4684=CARTESIAN_POINT('',(0.140654139220715,0.006415,0.109090390742998));
#4685=CARTESIAN_POINT('',(0.141734304118634,0.006415,0.109093831450333));
#4686=CARTESIAN_POINT('',(0.139573996116021,0.006415,0.109093853106818));
#4687=CARTESIAN_POINT('',(0.146066121289291,0.00624221,0.106924482157669));
#4688=CARTESIAN_POINT('',(0.135242157152138,0.00624221,0.106924482157669));
#4689=CARTESIAN_POINT('',(0.140654139220715,0.00624221,0.117712668606796));
#4690=CARTESIAN_POINT('',(0.140654139220715,0.006415,0.115546760021468));
#4691=CARTESIAN_POINT('',(0.139573974322795,0.006415,0.115543319314132));
#4692=CARTESIAN_POINT('',(0.141734282325408,0.006415,0.115543297657647));
#4693=CARTESIAN_POINT('',(0.135242157152138,0.00624221,0.117712668606796));
#4694=CARTESIAN_POINT('',(0.146066121289291,0.00624221,0.117712668606796));
#4695=CARTESIAN_POINT('',(0.146066121289291,0.00624221,0.0981758226510825));
#4696=CARTESIAN_POINT('',(0.143900212703963,0.006415,0.112318575382233));
#4697=CARTESIAN_POINT('',(0.143896771996627,0.006415,0.113380851436139));
#4698=CARTESIAN_POINT('',(0.143896750340143,0.006415,0.111256321121553));
#4699=CARTESIAN_POINT('',(0.146066121289291,0.00624221,0.117712668606796));
#4700=CARTESIAN_POINT('',(0.146066121289291,0.00624221,0.106924482157669));
#4701=CARTESIAN_POINT('',(0.160739660263061,0.00624221,0.111955679953098));
#4702=CARTESIAN_POINT('',(0.160739660263061,0.006415,0.111955679953098));
#4703=CARTESIAN_POINT('',(0.160739660263061,0.006415,0.117765062044739));
#4704=CARTESIAN_POINT('',(0.127692096403084,0.00624221,0.0894529074430466));
#4705=CARTESIAN_POINT('',(0.129858004988412,0.006415,0.0894529074430466));
#4706=CARTESIAN_POINT('',(0.129861445695748,0.006415,0.0792864838356962));
#4707=CARTESIAN_POINT('',(0.129861467352233,0.006415,0.0996193092571706));
#4708=CARTESIAN_POINT('',(0.127692096403084,0.00624221,0.0749546666650391));
#4709=CARTESIAN_POINT('',(0.127692096403084,0.00624221,0.103951148221054));
#4710=CARTESIAN_POINT('',(0.141723942011595,0.00624221,0.0749546666650391));
#4711=CARTESIAN_POINT('',(0.152212671935559,0.006415,0.0771205752503676));
#4712=CARTESIAN_POINT('',(0.172401430297376,0.006415,0.0771240159577034));
#4713=CARTESIAN_POINT('',(0.132023935366967,0.006415,0.0771240376141879));
#4714=CARTESIAN_POINT('',(0.176733247468033,0.00624221,0.0749546666650391));
#4715=CARTESIAN_POINT('',(0.127692096403084,0.00624221,0.0749546666650391));
#4716=CARTESIAN_POINT('',(0.152212671935559,0.00624221,0.103951148221054));
#4717=CARTESIAN_POINT('',(0.176733247468033,0.00624221,0.103951148221054));
#4718=CARTESIAN_POINT('',(0.172401408504149,0.006415,0.101781777271905));
#4719=CARTESIAN_POINT('',(0.152212671935559,0.006415,0.101785239635725));
#4720=CARTESIAN_POINT('',(0.132023913573741,0.006415,0.10178179892839));
#4721=CARTESIAN_POINT('',(0.127692096403084,0.00624221,0.103951148221054));
#4722=CARTESIAN_POINT('',(0.176733247468033,0.00624221,0.0981758226510825));
#4723=CARTESIAN_POINT('',(0.174567338882705,0.006415,0.0894529074430466));
#4724=CARTESIAN_POINT('',(0.174563898175368,0.006415,0.0996193310503969));
#4725=CARTESIAN_POINT('',(0.174563876518884,0.006415,0.0792865056289226));
#4726=CARTESIAN_POINT('',(0.176733247468033,0.00624221,0.103951148221054));
#4727=CARTESIAN_POINT('',(0.176733247468033,0.00624221,0.0749546666650391));
#4728=CARTESIAN_POINT('',(0.182614101414391,0.00624221,0.125241486673066));
#4729=CARTESIAN_POINT('',(0.18337268226429,0.00624221,0.125241486673066));
#4730=CARTESIAN_POINT('',(0.182614101414391,0.00624221,0.126000067522964));
#4731=CARTESIAN_POINT('',(0.141723942011595,0.00624221,0.126000067522964));
#4732=CARTESIAN_POINT('',(0.100833782608798,0.00624221,0.126000067522964));
#4733=CARTESIAN_POINT('',(0.18337268226429,0.00624221,0.0981758226510825));
#4734=CARTESIAN_POINT('',(0.18337268226429,0.00624221,0.0710717604115516));
#4735=CARTESIAN_POINT('',(0.100833782608798,0.00624221,0.125241486673066));
#4736=CARTESIAN_POINT('',(0.1000752017589,0.00624221,0.125241486673066));
#4737=CARTESIAN_POINT('',(0.182614101414391,0.00624221,0.0710717604115516));
#4738=CARTESIAN_POINT('',(0.182614101414391,0.00624221,0.0703131795616532));
#4739=CARTESIAN_POINT('',(0.1000752017589,0.00624221,0.0981566235423088));
#4740=CARTESIAN_POINT('',(0.1000752017589,0.00624221,0.0710717604115516));
#4741=CARTESIAN_POINT('',(0.141723942011595,0.00624221,0.0703131795616531));
#4742=CARTESIAN_POINT('',(0.100833782608798,0.00624221,0.0703131795616531));
#4743=CARTESIAN_POINT('',(0.100833782608798,0.00624221,0.0710717604115516));
#4744=CARTESIAN_POINT('',(0.139576892847433,0.00639561468403333,0.115545300759149));
#4745=CARTESIAN_POINT('',(0.137420275158997,0.00624373177654478,0.115534550599937));
#4746=CARTESIAN_POINT('',(0.137409524999785,0.00639561468403333,0.113377932911501));
#4747=CARTESIAN_POINT('',(0.139538538226412,0.00666656003656241,0.115564478069655));
#4748=CARTESIAN_POINT('',(0.137438627754824,0.00625169861110064,0.115516198004145));
#4749=CARTESIAN_POINT('',(0.137390347689279,0.00666656003656144,0.113416287532511));
#4750=CARTESIAN_POINT('',(0.139256221377655,0.00720106899979267,0.115705636494041));
#4751=CARTESIAN_POINT('',(0.137583849028399,0.00638959862930845,0.11537097673052));
#4752=CARTESIAN_POINT('',(0.137249189264893,0.00720106899979312,0.113698604381286));
#4753=CARTESIAN_POINT('',(0.138274754230071,0.00786962437973931,0.116196370067825));
#4754=CARTESIAN_POINT('',(0.137372702330582,0.0073254518555021,0.115582123428353));
#4755=CARTESIAN_POINT('',(0.136758455691108,0.00786962437973918,0.114680071528857));
#4756=CARTESIAN_POINT('',(0.136871686045307,0.00831193157092761,0.116897904160227));
#4757=CARTESIAN_POINT('',(0.136491565253532,0.00819269477989228,0.116463260505411));
#4758=CARTESIAN_POINT('',(0.136056921598712,0.00831193157092764,0.116083139713643));
#4759=CARTESIAN_POINT('',(0.135785403512458,0.00841500000000001,0.117441045426604));
#4760=CARTESIAN_POINT('',(0.135649591927796,0.00841499999999944,0.117305233831117));
#4761=CARTESIAN_POINT('',(0.135513780332319,0.00841500000000001,0.117169422246444));
#4762=CARTESIAN_POINT('',(0.135242157152138,0.00841500000000001,0.117712668606796));
#4763=CARTESIAN_POINT('',(0.135242157152138,0.00841500000000001,0.117712668606796));
#4764=CARTESIAN_POINT('',(0.135242157152138,0.00841500000000001,0.117712668606796));
#4765=CARTESIAN_POINT('',(0.137408065737466,0.006415,0.113380851436139));
#4766=CARTESIAN_POINT('',(0.137408065737466,0.006415,0.113439106752214));
#4767=CARTESIAN_POINT('',(0.137410382628368,0.006415,0.113496969334716));
#4768=CARTESIAN_POINT('',(0.137414947152137,0.006415,0.113554450923496));
#4769=CARTESIAN_POINT('',(0.140654139220715,0.006415,0.115539878606796));
#4770=CARTESIAN_POINT('',(0.143898753441644,0.00639561468403332,0.113377932911501));
#4771=CARTESIAN_POINT('',(0.143888003282432,0.00624373177654478,0.115534550599937));
#4772=CARTESIAN_POINT('',(0.141731385593996,0.00639561468403332,0.115545300759149));
#4773=CARTESIAN_POINT('',(0.14391793075215,0.00666656003656143,0.113416287532511));
#4774=CARTESIAN_POINT('',(0.143869650686599,0.0062516986111005,0.115516198004146));
#4775=CARTESIAN_POINT('',(0.141769740215017,0.0066665600365624,0.115564478069655));
#4776=CARTESIAN_POINT('',(0.144059089176535,0.00720106899979311,0.113698604381285));
#4777=CARTESIAN_POINT('',(0.143724429413035,0.00638959862930852,0.115370976730519));
#4778=CARTESIAN_POINT('',(0.142052057063775,0.00720106899979267,0.11570563649404));
#4779=CARTESIAN_POINT('',(0.144549822750323,0.00786962437973918,0.114680071528859));
#4780=CARTESIAN_POINT('',(0.143935576110841,0.00732545185550206,0.115582123428355));
#4781=CARTESIAN_POINT('',(0.143033524211354,0.0078696243797393,0.116196370067827));
#4782=CARTESIAN_POINT('',(0.145251356842712,0.00831193157092765,0.116083139713635));
#4783=CARTESIAN_POINT('',(0.144816713187915,0.00819269477989232,0.116463260505403));
#4784=CARTESIAN_POINT('',(0.144436592396138,0.00831193157092761,0.116897904160219));
#4785=CARTESIAN_POINT('',(0.14579449810912,0.00841500000000001,0.11716942224646));
#4786=CARTESIAN_POINT('',(0.145658686513596,0.00841499999999944,0.117305233831133));
#4787=CARTESIAN_POINT('',(0.145522874928939,0.00841500000000001,0.11744104542662));
#4788=CARTESIAN_POINT('',(0.146066121289291,0.00841500000000001,0.117712668606796));
#4789=CARTESIAN_POINT('',(0.146066121289291,0.00841500000000001,0.117712668606796));
#4790=CARTESIAN_POINT('',(0.146066121289291,0.00841500000000001,0.117712668606796));
#4791=CARTESIAN_POINT('',(0.141734304118634,0.006415,0.115546760021468));
#4792=CARTESIAN_POINT('',(0.14179255943471,0.006415,0.115546760021468));
#4793=CARTESIAN_POINT('',(0.141850422017212,0.006415,0.115544443130566));
#4794=CARTESIAN_POINT('',(0.141907903605992,0.006415,0.115539878606797));
#4795=CARTESIAN_POINT('',(0.143893331289291,0.006415,0.112318575382233));
#4796=CARTESIAN_POINT('',(0.141731385593996,0.00639561468403333,0.109091850005317));
#4797=CARTESIAN_POINT('',(0.143888003282432,0.00624373177654478,0.109102600164529));
#4798=CARTESIAN_POINT('',(0.143898753441644,0.00639561468403332,0.111259217852964));
#4799=CARTESIAN_POINT('',(0.141769740215017,0.00666656003656311,0.109072672694811));
#4800=CARTESIAN_POINT('',(0.143869650686645,0.00625169861109925,0.109120952760317));
#4801=CARTESIAN_POINT('',(0.14391793075215,0.00666656003656214,0.111220863231955));
#4802=CARTESIAN_POINT('',(0.142052057063775,0.00720106899979235,0.108931514270425));
#4803=CARTESIAN_POINT('',(0.143724429413015,0.0063895986293089,0.109266174033947));
#4804=CARTESIAN_POINT('',(0.144059089176535,0.0072010689997928,0.11093854638318));
#4805=CARTESIAN_POINT('',(0.143033524211354,0.00786962437973939,0.108440780696638));
#4806=CARTESIAN_POINT('',(0.143935576110846,0.00732545185550223,0.109055027336109));
#4807=CARTESIAN_POINT('',(0.144549822750323,0.00786962437973927,0.109957079235608));
#4808=CARTESIAN_POINT('',(0.144436592396137,0.00831193157092758,0.107739246604246));
#4809=CARTESIAN_POINT('',(0.144816713187914,0.00819269477989219,0.108173890259067));
#4810=CARTESIAN_POINT('',(0.145251356842712,0.00831193157092762,0.108554011050823));
#4811=CARTESIAN_POINT('',(0.145522874928939,0.00841500000000001,0.107196105337845));
#4812=CARTESIAN_POINT('',(0.145658686513596,0.00841499999999944,0.107331916933323));
#4813=CARTESIAN_POINT('',(0.14579449810912,0.00841500000000001,0.107467728518022));
#4814=CARTESIAN_POINT('',(0.146066121289291,0.00841500000000001,0.106924482157669));
#4815=CARTESIAN_POINT('',(0.146066121289291,0.00841500000000001,0.106924482157669));
#4816=CARTESIAN_POINT('',(0.146066121289291,0.00841500000000001,0.106924482157669));
#4817=CARTESIAN_POINT('',(0.140654139220715,0.006415,0.109097272157669));
#4818=CARTESIAN_POINT('',(0.143900212703963,0.006415,0.111256299328326));
#4819=CARTESIAN_POINT('',(0.143900212703963,0.006415,0.111198044012251));
#4820=CARTESIAN_POINT('',(0.143897895813061,0.006415,0.111140181429749));
#4821=CARTESIAN_POINT('',(0.143893331289292,0.006415,0.111082699840969));
#4822=CARTESIAN_POINT('',(0.137409524999785,0.00639561468403333,0.111259217852964));
#4823=CARTESIAN_POINT('',(0.137420275158997,0.00624373177654479,0.109102600164529));
#4824=CARTESIAN_POINT('',(0.139576892847433,0.00639561468403333,0.109091850005317));
#4825=CARTESIAN_POINT('',(0.13739034768928,0.00666656003656143,0.111220863231955));
#4826=CARTESIAN_POINT('',(0.137438627754803,0.0062516986110986,0.109120952760317));
#4827=CARTESIAN_POINT('',(0.139538538226412,0.0066665600365617,0.109072672694811));
#4828=CARTESIAN_POINT('',(0.137249189264894,0.00720106899979313,0.11093854638318));
#4829=CARTESIAN_POINT('',(0.137583849028409,0.00638959862930919,0.109266174033947));
#4830=CARTESIAN_POINT('',(0.139256221377654,0.007201068999793,0.108931514270425));
#4831=CARTESIAN_POINT('',(0.136758455691106,0.00786962437973918,0.109957079235608));
#4832=CARTESIAN_POINT('',(0.137372702330578,0.00732545185550217,0.109055027336109));
#4833=CARTESIAN_POINT('',(0.138274754230075,0.00786962437973921,0.108440780696638));
#4834=CARTESIAN_POINT('',(0.136056921598717,0.00831193157092764,0.108554011050823));
#4835=CARTESIAN_POINT('',(0.136491565253538,0.00819269477989221,0.108173890259067));
#4836=CARTESIAN_POINT('',(0.136871686045292,0.00831193157092763,0.107739246604246));
#4837=CARTESIAN_POINT('',(0.135513780332309,0.00841500000000001,0.107467728518022));
#4838=CARTESIAN_POINT('',(0.135649591927786,0.00841499999999944,0.107331916933323));
#4839=CARTESIAN_POINT('',(0.13578540351249,0.00841500000000001,0.107196105337845));
#4840=CARTESIAN_POINT('',(0.135242157152138,0.00841500000000001,0.106924482157669));
#4841=CARTESIAN_POINT('',(0.135242157152138,0.00841500000000001,0.106924482157669));
#4842=CARTESIAN_POINT('',(0.135242157152138,0.00841500000000001,0.106924482157669));
#4843=CARTESIAN_POINT('',(0.137414947152138,0.006415,0.112318575382233));
#4844=CARTESIAN_POINT('',(0.139573974322795,0.006415,0.109090390742998));
#4845=CARTESIAN_POINT('',(0.13951571900672,0.006415,0.109090390742998));
#4846=CARTESIAN_POINT('',(0.139457856424218,0.006415,0.109092707633899));
#4847=CARTESIAN_POINT('',(0.139400374835438,0.006415,0.109097272157668));
#4848=CARTESIAN_POINT('',(0.174565879620385,0.00639561468403331,0.0996164125257588));
#4849=CARTESIAN_POINT('',(0.174555129461173,0.00624373177654479,0.101773030214194));
#4850=CARTESIAN_POINT('',(0.172398511772738,0.00639561468403331,0.101783780373406));
#4851=CARTESIAN_POINT('',(0.174585056930891,0.00666656003656146,0.0996547671467684));
#4852=CARTESIAN_POINT('',(0.174536776865382,0.00625169861109787,0.101754677618419));
#4853=CARTESIAN_POINT('',(0.172436866393736,0.00666656003656319,0.101802957683912));
#4854=CARTESIAN_POINT('',(0.174726215355277,0.00720106899979309,0.0999370839955434));
#4855=CARTESIAN_POINT('',(0.174391555591757,0.00638959862930946,0.10160945634477));
#4856=CARTESIAN_POINT('',(0.172719183242528,0.0072010689997923,0.101944116108298));
#4857=CARTESIAN_POINT('',(0.175216948929064,0.00786962437973918,0.100918551143115));
#4858=CARTESIAN_POINT('',(0.174602702289591,0.00732545185550215,0.101820603042615));
#4859=CARTESIAN_POINT('',(0.173700650390093,0.00786962437973939,0.102434849682085));
#4860=CARTESIAN_POINT('',(0.175918483021454,0.00831193157092764,0.1023216193279));
#4861=CARTESIAN_POINT('',(0.175483839366643,0.00819269477989221,0.102701740119657));
#4862=CARTESIAN_POINT('',(0.17510371857488,0.00831193157092759,0.103136383774477));
#4863=CARTESIAN_POINT('',(0.176461624287862,0.00841500000000001,0.103407901860701));
#4864=CARTESIAN_POINT('',(0.176325812692364,0.00841499999999944,0.103543713445399));
#4865=CARTESIAN_POINT('',(0.17619000110768,0.00841500000000001,0.103679525040878));
#4866=CARTESIAN_POINT('',(0.176733247468033,0.00841500000000001,0.103951148221054));
#4867=CARTESIAN_POINT('',(0.176733247468033,0.00841500000000001,0.103951148221054));
#4868=CARTESIAN_POINT('',(0.176733247468033,0.00841500000000001,0.103951148221054));
#4869=CARTESIAN_POINT('',(0.172401430297376,0.006415,0.101785239635725));
#4870=CARTESIAN_POINT('',(0.172459685613451,0.006415,0.101785239635725));
#4871=CARTESIAN_POINT('',(0.172517548195953,0.00641500000000001,0.101782922744824));
#4872=CARTESIAN_POINT('',(0.172575029784733,0.00641500000000001,0.101778358221055));
#4873=CARTESIAN_POINT('',(0.174560457468033,0.006415,0.0894529074430466));
#4874=CARTESIAN_POINT('',(0.172398511772738,0.00639561468403332,0.0771220345126867));
#4875=CARTESIAN_POINT('',(0.174555129461173,0.00624373177654479,0.0771327846718988));
#4876=CARTESIAN_POINT('',(0.174565879620385,0.00639561468403332,0.0792894023603343));
#4877=CARTESIAN_POINT('',(0.172436866393736,0.00666656003656319,0.0771028572021807));
#4878=CARTESIAN_POINT('',(0.174536776865347,0.00625169861110051,0.0771511372676875));
#4879=CARTESIAN_POINT('',(0.174585056930891,0.00666656003656053,0.0792510477393248));
#4880=CARTESIAN_POINT('',(0.172719183242528,0.0072010689997923,0.076961698777795));
#4881=CARTESIAN_POINT('',(0.174391555591772,0.00638959862930847,0.0772963585413173));
#4882=CARTESIAN_POINT('',(0.174726215355277,0.00720106899979353,0.0789687308905503));
#4883=CARTESIAN_POINT('',(0.173700650390093,0.00786962437973939,0.0764709652040084));
#4884=CARTESIAN_POINT('',(0.174602702289587,0.00732545185550213,0.0770852118434781));
#4885=CARTESIAN_POINT('',(0.175216948929064,0.00786962437973906,0.077987263742976));
#4886=CARTESIAN_POINT('',(0.17510371857488,0.00831193157092759,0.0757694311116159));
#4887=CARTESIAN_POINT('',(0.175483839366644,0.00819269477989226,0.0762040747664392));
#4888=CARTESIAN_POINT('',(0.175918483021454,0.00831193157092768,0.0765841955582001));
#4889=CARTESIAN_POINT('',(0.17619000110768,0.008415,0.0752262898452154));
#4890=CARTESIAN_POINT('',(0.176325812692364,0.00841499999999944,0.0753621014406874));
#4891=CARTESIAN_POINT('',(0.176461624287862,0.00841500000000001,0.0754979130253758));
#4892=CARTESIAN_POINT('',(0.176733247468033,0.00841500000000001,0.0749546666650391));
#4893=CARTESIAN_POINT('',(0.176733247468033,0.00841500000000001,0.0749546666650391));
#4894=CARTESIAN_POINT('',(0.176733247468033,0.00841500000000001,0.0749546666650391));
#4895=CARTESIAN_POINT('',(0.152212671935559,0.006415,0.0771274566650391));
#4896=CARTESIAN_POINT('',(0.174567338882705,0.006415,0.0792864838356962));
#4897=CARTESIAN_POINT('',(0.174567338882705,0.006415,0.079228228519621));
#4898=CARTESIAN_POINT('',(0.174565021991803,0.00641500000000001,0.0791703659371191));
#4899=CARTESIAN_POINT('',(0.174560457468034,0.00641500000000001,0.0791128843483389));
#4900=CARTESIAN_POINT('',(0.129859464250731,0.00639561468403334,0.0792894023603343));
#4901=CARTESIAN_POINT('',(0.129870214409943,0.00624373177654478,0.0771327846718988));
#4902=CARTESIAN_POINT('',(0.132026832098379,0.00639561468403333,0.0771220345126867));
#4903=CARTESIAN_POINT('',(0.129840286940225,0.00666656003656144,0.0792510477393248));
#4904=CARTESIAN_POINT('',(0.129888567005769,0.00625169861110083,0.0771511372676892));
#4905=CARTESIAN_POINT('',(0.131988477477358,0.00666656003656241,0.0771028572021807));
#4906=CARTESIAN_POINT('',(0.12969912851584,0.00720106899979313,0.0789687308905503));
#4907=CARTESIAN_POINT('',(0.130033788279345,0.00638959862930844,0.0772963585413167));
#4908=CARTESIAN_POINT('',(0.1317061606286,0.00720106899979268,0.0769616987777956));
#4909=CARTESIAN_POINT('',(0.129208394942052,0.00786962437973918,0.077987263742976));
#4910=CARTESIAN_POINT('',(0.129822641581529,0.00732545185550201,0.0770852118434783));
#4911=CARTESIAN_POINT('',(0.130724693481021,0.0078696243797393,0.0764709652040064));
#4912=CARTESIAN_POINT('',(0.128506860849663,0.00831193157092763,0.0765841955582001));
#4913=CARTESIAN_POINT('',(0.128941504504474,0.00819269477989232,0.0762040747664391));
#4914=CARTESIAN_POINT('',(0.129321625296238,0.00831193157092761,0.0757694311116233));
#4915=CARTESIAN_POINT('',(0.127963719583255,0.00841500000000001,0.0754979130253758));
#4916=CARTESIAN_POINT('',(0.128099531178752,0.00841499999999944,0.0753621014406874));
#4917=CARTESIAN_POINT('',(0.128235342763437,0.00841500000000001,0.0752262898451995));
#4918=CARTESIAN_POINT('',(0.127692096403084,0.00841500000000001,0.0749546666650391));
#4919=CARTESIAN_POINT('',(0.127692096403084,0.00841500000000001,0.0749546666650391));
#4920=CARTESIAN_POINT('',(0.127692096403084,0.00841500000000001,0.0749546666650391));
#4921=CARTESIAN_POINT('',(0.129864886403084,0.006415,0.0894529074430466));
#4922=CARTESIAN_POINT('',(0.132023913573741,0.006415,0.0771205752503676));
#4923=CARTESIAN_POINT('',(0.131965658257666,0.006415,0.0771205752503676));
#4924=CARTESIAN_POINT('',(0.131907795675164,0.006415,0.0771228921412691));
#4925=CARTESIAN_POINT('',(0.131850314086384,0.006415,0.0771274566650382));
#4926=CARTESIAN_POINT('',(0.132026832098379,0.00639561468403332,0.101783780373406));
#4927=CARTESIAN_POINT('',(0.129870214409944,0.00624373177654478,0.101773030214194));
#4928=CARTESIAN_POINT('',(0.129859464250731,0.00639561468403332,0.0996164125257588));
#4929=CARTESIAN_POINT('',(0.131988477477358,0.0066665600365624,0.101802957683912));
#4930=CARTESIAN_POINT('',(0.12988856700575,0.00625169861109985,0.1017546776184));
#4931=CARTESIAN_POINT('',(0.129840286940225,0.00666656003656214,0.0996547671467683));
#4932=CARTESIAN_POINT('',(0.1317061606286,0.00720106899979266,0.101944116108298));
#4933=CARTESIAN_POINT('',(0.130033788279353,0.0063895986293087,0.101609456344778));
#4934=CARTESIAN_POINT('',(0.12969912851584,0.00720106899979279,0.0999370839955427));
#4935=CARTESIAN_POINT('',(0.130724693481021,0.0078696243797393,0.102434849682085));
#4936=CARTESIAN_POINT('',(0.129822641581527,0.00732545185550218,0.101820603042616));
#4937=CARTESIAN_POINT('',(0.129208394942052,0.00786962437973927,0.100918551143117));
#4938=CARTESIAN_POINT('',(0.129321625296238,0.00831193157092762,0.103136383774477));
#4939=CARTESIAN_POINT('',(0.128941504504474,0.00819269477989224,0.10270174011965));
#4940=CARTESIAN_POINT('',(0.128506860849663,0.00831193157092763,0.102321619327893));
#4941=CARTESIAN_POINT('',(0.128235342763436,0.00841500000000001,0.103679525040878));
#4942=CARTESIAN_POINT('',(0.128099531178752,0.00841499999999944,0.103543713445415));
#4943=CARTESIAN_POINT('',(0.127963719583255,0.00841500000000001,0.103407901860717));
#4944=CARTESIAN_POINT('',(0.127692096403084,0.00841500000000001,0.103951148221054));
#4945=CARTESIAN_POINT('',(0.127692096403084,0.00841500000000001,0.103951148221054));
#4946=CARTESIAN_POINT('',(0.127692096403084,0.00841500000000001,0.103951148221054));
#4947=CARTESIAN_POINT('',(0.129858004988412,0.006415,0.0996193310503969));
#4948=CARTESIAN_POINT('',(0.129858004988412,0.006415,0.0996775863664721));
#4949=CARTESIAN_POINT('',(0.129860321879314,0.006415,0.099735448948974));
#4950=CARTESIAN_POINT('',(0.129864886403083,0.006415,0.0997929305377542));
#4951=CARTESIAN_POINT('',(0.131850314086372,0.006415,0.101778358221054));
#4952=CARTESIAN_POINT('',(0.13190792789251,0.006415,0.101782933243999));
#4953=CARTESIAN_POINT('',(0.131965792994061,0.006415,0.101785239635725));
#4954=CARTESIAN_POINT('',(0.132023913573741,0.006415,0.101785239635725));
#4955=CARTESIAN_POINT('',(0.0990024117588997,0.006015,0.0981566235423088));
#4956=CARTESIAN_POINT('',(0.0990024117588997,0.006015,0.0710717604115516));
#4957=CARTESIAN_POINT('',(0.0990024117588997,0.006015,0.0710717604115516));
#4958=CARTESIAN_POINT('',(0.0990024117588997,0.006015,0.0981566235423088));
#4959=CARTESIAN_POINT('',(0.0990024117588997,0.006015,0.125241486673066));
#4960=CARTESIAN_POINT('',(0.0990024117588997,0.006015,0.125241486673066));
#4961=CARTESIAN_POINT('',(0.100833782608798,0.006015,0.125241486673066));
#4962=CARTESIAN_POINT('',(0.100833782608798,0.006015,0.125241486673066));
#4963=CARTESIAN_POINT('',(0.100833782608798,0.006015,0.127072857522964));
#4964=CARTESIAN_POINT('',(0.100833782608798,0.006015,0.127072857522964));
#4965=CARTESIAN_POINT('',(0.141723942011595,0.006015,0.127072857522964));
#4966=CARTESIAN_POINT('',(0.141723942011595,0.006015,0.127072857522964));
#4967=CARTESIAN_POINT('',(0.182614101414391,0.006015,0.127072857522964));
#4968=CARTESIAN_POINT('',(0.182614101414391,0.006015,0.127072857522964));
#4969=CARTESIAN_POINT('',(0.182614101414391,0.006015,0.125241486673066));
#4970=CARTESIAN_POINT('',(0.182614101414391,0.006015,0.125241486673066));
#4971=CARTESIAN_POINT('',(0.18444547226429,0.006015,0.125241486673066));
#4972=CARTESIAN_POINT('',(0.18444547226429,0.006015,0.125241486673066));
#4973=CARTESIAN_POINT('',(0.18444547226429,0.006015,0.0981566235423088));
#4974=CARTESIAN_POINT('',(0.18444547226429,0.006015,0.0981566235423088));
#4975=CARTESIAN_POINT('',(0.18444547226429,0.006015,0.0710717604115516));
#4976=CARTESIAN_POINT('',(0.18444547226429,0.006015,0.0710717604115516));
#4977=CARTESIAN_POINT('',(0.182614101414391,0.006015,0.0710717604115516));
#4978=CARTESIAN_POINT('',(0.182614101414391,0.006015,0.0710717604115516));
#4979=CARTESIAN_POINT('',(0.182614101414391,0.006015,0.0692403895616532));
#4980=CARTESIAN_POINT('',(0.182614101414391,0.006015,0.0692403895616532));
#4981=CARTESIAN_POINT('',(0.141723942011595,0.006015,0.0692403895616532));
#4982=CARTESIAN_POINT('',(0.141723942011595,0.006015,0.0692403895616532));
#4983=CARTESIAN_POINT('',(0.100833782608798,0.006015,0.0692403895616531));
#4984=CARTESIAN_POINT('',(0.100833782608798,0.006015,0.0692403895616531));
#4985=CARTESIAN_POINT('',(0.129864886403084,0.006015,0.0894529074430466));
#4986=CARTESIAN_POINT('',(0.129864886403084,0.006015,0.101778358221054));
#4987=CARTESIAN_POINT('',(0.129864886403084,0.006015,0.101778358221054));
#4988=CARTESIAN_POINT('',(0.129864886403084,0.006015,0.0894529074430466));
#4989=CARTESIAN_POINT('',(0.129864886403084,0.006015,0.0771274566650391));
#4990=CARTESIAN_POINT('',(0.129864886403084,0.006015,0.0771274566650391));
#4991=CARTESIAN_POINT('',(0.152212671935559,0.006015,0.0771274566650391));
#4992=CARTESIAN_POINT('',(0.152212671935559,0.006015,0.0771274566650391));
#4993=CARTESIAN_POINT('',(0.174560457468033,0.006015,0.0771274566650391));
#4994=CARTESIAN_POINT('',(0.174560457468033,0.006015,0.0771274566650391));
#4995=CARTESIAN_POINT('',(0.174560457468033,0.006015,0.0894529074430466));
#4996=CARTESIAN_POINT('',(0.174560457468033,0.006015,0.0894529074430466));
#4997=CARTESIAN_POINT('',(0.174560457468033,0.006015,0.101778358221054));
#4998=CARTESIAN_POINT('',(0.174560457468033,0.006015,0.101778358221054));
#4999=CARTESIAN_POINT('',(0.137414947152138,0.006015,0.112318575382233));
#5000=CARTESIAN_POINT('',(0.137414947152138,0.006015,0.115539878606796));
#5001=CARTESIAN_POINT('',(0.137414947152138,0.006015,0.115539878606796));
#5002=CARTESIAN_POINT('',(0.137414947152138,0.006015,0.112318575382233));
#5003=CARTESIAN_POINT('',(0.137414947152138,0.006015,0.109097272157669));
#5004=CARTESIAN_POINT('',(0.137414947152138,0.006015,0.109097272157669));
#5005=CARTESIAN_POINT('',(0.140654139220715,0.006015,0.109097272157669));
#5006=CARTESIAN_POINT('',(0.140654139220715,0.006015,0.109097272157669));
#5007=CARTESIAN_POINT('',(0.143893331289291,0.006015,0.109097272157669));
#5008=CARTESIAN_POINT('',(0.143893331289291,0.006015,0.109097272157669));
#5009=CARTESIAN_POINT('',(0.143893331289291,0.006015,0.112318575382233));
#5010=CARTESIAN_POINT('',(0.143893331289291,0.006015,0.112318575382233));
#5011=CARTESIAN_POINT('',(0.143893331289291,0.006015,0.115539878606796));
#5012=CARTESIAN_POINT('',(0.143893331289291,0.006015,0.115539878606796));
#5013=CARTESIAN_POINT('',(0.152212671935559,0.006015,0.101778358221054));
#5014=CARTESIAN_POINT('',(0.152212671935559,0.006015,0.101778358221054));
#5015=CARTESIAN_POINT('',(0.140654139220715,0.006015,0.115539878606796));
#5016=CARTESIAN_POINT('',(0.140654139220715,0.006015,0.115539878606796));
#5017=CARTESIAN_POINT('',(0.160739660263061,0.006015,0.111955679953098));
#5018=CARTESIAN_POINT('',(0.160739660263061,0.006015,0.111955679953098));
#5019=CARTESIAN_POINT('',(0.160739660263061,0.006015,0.117765062044739));
#5020=CARTESIAN_POINT('',(0.100833782608798,0.006015,0.0710717604115516));
#5021=CARTESIAN_POINT('',(0.100833782608798,0.006015,0.0710717604115516));
#5022=CARTESIAN_POINT('',(0.141723942011595,0.006015,0.0981758226510825));
#5023=CARTESIAN_POINT('',(0.,0.,0.));
#5024=CARTESIAN_POINT('',(0.140689417719841,0.032315,0.112547628581524));
#5025=CARTESIAN_POINT('',(0.140689417719841,0.032315,0.112547628581524));
#5026=CARTESIAN_POINT('',(0.140689417719841,0.032315,0.114603822465803));
#5027=CARTESIAN_POINT('',(0.140689417719841,0.033415,0.112547628581524));
#5028=CARTESIAN_POINT('',(0.140689417719841,0.033415,0.114603822465803));
#5029=CARTESIAN_POINT('',(0.140689417719841,0.032315,0.112547628581524));
#5030=CARTESIAN_POINT('',(0.140689417719841,0.032315,0.112547628581524));
#5031=CARTESIAN_POINT('',(0.140689417719841,0.032315,0.115093207954868));
#5032=CARTESIAN_POINT('',(0.140689417719841,0.033415,0.112547628581524));
#5033=CARTESIAN_POINT('',(0.140689417719841,0.033415,0.115093207954868));
#5034=CARTESIAN_POINT('',(0.140924103558063,0.032315,0.112221676856279));
#5035=CARTESIAN_POINT('',(0.140924103558063,0.033415,0.112221676856279));
#5036=CARTESIAN_POINT('',(0.134250836297448,0.033415,0.113519008159637));
#5037=CARTESIAN_POINT('',(0.134250836297448,0.033415,0.113519008159637));
#5038=CARTESIAN_POINT('',(0.134250836297448,0.033415,0.110924345552921));
#5039=CARTESIAN_POINT('',(0.139196519851685,0.033415,0.110924345552921));
#5040=CARTESIAN_POINT('',(0.139196519851685,0.033415,0.105978661998685));
#5041=CARTESIAN_POINT('',(0.139196519851685,0.033415,0.105978661998685));
#5042=CARTESIAN_POINT('',(0.142651687264442,0.033415,0.105978661998685));
#5043=CARTESIAN_POINT('',(0.142651687264442,0.033415,0.110924345552921));
#5044=CARTESIAN_POINT('',(0.147597370818679,0.033415,0.110924345552921));
#5045=CARTESIAN_POINT('',(0.147597370818679,0.033415,0.110924345552921));
#5046=CARTESIAN_POINT('',(0.147597370818679,0.033415,0.113519008159637));
#5047=CARTESIAN_POINT('',(0.142651687264442,0.033415,0.113519008159637));
#5048=CARTESIAN_POINT('',(0.142651687264442,0.033415,0.118464691713874));
#5049=CARTESIAN_POINT('',(0.142651687264442,0.033415,0.118464691713874));
#5050=CARTESIAN_POINT('',(0.139196519851685,0.033415,0.118464691713874));
#5051=CARTESIAN_POINT('',(0.139196519851685,0.033415,0.113519008159637));
#5052=CARTESIAN_POINT('',(0.140924103558063,0.035105,0.112221676856279));
#5053=CARTESIAN_POINT('',(0.140924103558063,0.035105,0.108097135552921));
#5054=CARTESIAN_POINT('',(0.142651687264442,0.035105,0.108097135552921));
#5055=CARTESIAN_POINT('',(0.139196519851685,0.035105,0.108097135552921));
#5056=CARTESIAN_POINT('',(0.139196519851685,0.035105,0.110924345552921));
#5057=CARTESIAN_POINT('',(0.136369309851685,0.035105,0.110924345552921));
#5058=CARTESIAN_POINT('',(0.136369309851685,0.035105,0.113519008159637));
#5059=CARTESIAN_POINT('',(0.136369309851684,0.035105,0.113519008159637));
#5060=CARTESIAN_POINT('',(0.139196519851685,0.035105,0.113519008159637));
#5061=CARTESIAN_POINT('',(0.139196519851685,0.035105,0.116346218159637));
#5062=CARTESIAN_POINT('',(0.142651687264442,0.035105,0.116346218159637));
#5063=CARTESIAN_POINT('',(0.142651687264442,0.035105,0.116346218159637));
#5064=CARTESIAN_POINT('',(0.142651687264442,0.035105,0.113519008159637));
#5065=CARTESIAN_POINT('',(0.145478897264442,0.035105,0.113519008159637));
#5066=CARTESIAN_POINT('',(0.145478897264442,0.035105,0.112221676856279));
#5067=CARTESIAN_POINT('',(0.145478897264442,0.035105,0.110924345552921));
#5068=CARTESIAN_POINT('',(0.142651687264442,0.035105,0.110924345552921));
#5069=CARTESIAN_POINT('',(0.140924103558063,0.033415,0.112221676856279));
#5070=CARTESIAN_POINT('',(0.142651687264442,0.03293221,0.113519008159637));
#5071=CARTESIAN_POINT('',(0.142651687264442,0.03293221,0.116346218159637));
#5072=CARTESIAN_POINT('',(0.145478897264442,0.03293221,0.113519008159637));
#5073=CARTESIAN_POINT('',(0.145478897264442,0.03293221,0.112221676856279));
#5074=CARTESIAN_POINT('',(0.145478897264442,0.03293221,0.110924345552921));
#5075=CARTESIAN_POINT('',(0.140924103558063,0.03293221,0.116346218159637));
#5076=CARTESIAN_POINT('',(0.139196519851685,0.03293221,0.116346218159637));
#5077=CARTESIAN_POINT('',(0.142651687264442,0.03293221,0.110924345552921));
#5078=CARTESIAN_POINT('',(0.142651687264442,0.03293221,0.108097135552921));
#5079=CARTESIAN_POINT('',(0.139196519851685,0.03293221,0.113519008159637));
#5080=CARTESIAN_POINT('',(0.136369309851684,0.03293221,0.113519008159637));
#5081=CARTESIAN_POINT('',(0.140924103558063,0.03293221,0.108097135552921));
#5082=CARTESIAN_POINT('',(0.139196519851685,0.03293221,0.108097135552921));
#5083=CARTESIAN_POINT('',(0.136369309851685,0.03293221,0.112221676856279));
#5084=CARTESIAN_POINT('',(0.136369309851685,0.03293221,0.110924345552921));
#5085=CARTESIAN_POINT('',(0.139196519851685,0.03293221,0.110924345552921));
#5086=MECHANICAL_DESIGN_GEOMETRIC_PRESENTATION_REPRESENTATION('',(#2876),
#5089);
#5087=MECHANICAL_DESIGN_GEOMETRIC_PRESENTATION_REPRESENTATION('',(#2877),
#5090);
#5088=MECHANICAL_DESIGN_GEOMETRIC_PRESENTATION_REPRESENTATION('',(#2878),
#5091);
#5089=(
GEOMETRIC_REPRESENTATION_CONTEXT(3)
GLOBAL_UNCERTAINTY_ASSIGNED_CONTEXT((#5092))
GLOBAL_UNIT_ASSIGNED_CONTEXT((#5101,#5098,#5095))
REPRESENTATION_CONTEXT('Part 92','TOP_LEVEL_ASSEMBLY_PART')
);
#5090=(
GEOMETRIC_REPRESENTATION_CONTEXT(3)
GLOBAL_UNCERTAINTY_ASSIGNED_CONTEXT((#5093))
GLOBAL_UNIT_ASSIGNED_CONTEXT((#5102,#5099,#5096))
REPRESENTATION_CONTEXT('Part 111','TOP_LEVEL_ASSEMBLY_PART')
);
#5091=(
GEOMETRIC_REPRESENTATION_CONTEXT(3)
GLOBAL_UNCERTAINTY_ASSIGNED_CONTEXT((#5094))
GLOBAL_UNIT_ASSIGNED_CONTEXT((#5103,#5100,#5097))
REPRESENTATION_CONTEXT('Part 112','TOP_LEVEL_ASSEMBLY_PART')
);
#5092=UNCERTAINTY_MEASURE_WITH_UNIT(LENGTH_MEASURE(2.E-5),#5101,
'DISTANCE_ACCURACY_VALUE','Maximum Tolerance applied to model');
#5093=UNCERTAINTY_MEASURE_WITH_UNIT(LENGTH_MEASURE(2.6924864812662E-5),
#5102,'DISTANCE_ACCURACY_VALUE','Maximum Tolerance applied to model');
#5094=UNCERTAINTY_MEASURE_WITH_UNIT(LENGTH_MEASURE(1.E-8),#5103,
'DISTANCE_ACCURACY_VALUE','Maximum Tolerance applied to model');
#5095=(
NAMED_UNIT(*)
SI_UNIT($,.STERADIAN.)
SOLID_ANGLE_UNIT()
);
#5096=(
NAMED_UNIT(*)
SI_UNIT($,.STERADIAN.)
SOLID_ANGLE_UNIT()
);
#5097=(
NAMED_UNIT(*)
SI_UNIT($,.STERADIAN.)
SOLID_ANGLE_UNIT()
);
#5098=(
NAMED_UNIT(*)
PLANE_ANGLE_UNIT()
SI_UNIT($,.RADIAN.)
);
#5099=(
NAMED_UNIT(*)
PLANE_ANGLE_UNIT()
SI_UNIT($,.RADIAN.)
);
#5100=(
NAMED_UNIT(*)
PLANE_ANGLE_UNIT()
SI_UNIT($,.RADIAN.)
);
#5101=(
LENGTH_UNIT()
NAMED_UNIT(*)
SI_UNIT($,.METRE.)
);
#5102=(
LENGTH_UNIT()
NAMED_UNIT(*)
SI_UNIT($,.METRE.)
);
#5103=(
LENGTH_UNIT()
NAMED_UNIT(*)
SI_UNIT($,.METRE.)
);
#5104=PRODUCT_DEFINITION_SHAPE('','',#5107);
#5105=PRODUCT_DEFINITION_SHAPE('','',#5108);
#5106=PRODUCT_DEFINITION_SHAPE('','',#5109);
#5107=PRODUCT_DEFINITION('','',#5113,#5110);
#5108=PRODUCT_DEFINITION('','',#5114,#5111);
#5109=PRODUCT_DEFINITION('','',#5115,#5112);
#5110=PRODUCT_DEFINITION_CONTEXT('',#5131,'design');
#5111=PRODUCT_DEFINITION_CONTEXT('',#5132,'design');
#5112=PRODUCT_DEFINITION_CONTEXT('',#5133,'design');
#5113=PRODUCT_DEFINITION_FORMATION_WITH_SPECIFIED_SOURCE('','',#5119,
 .NOT_KNOWN.);
#5114=PRODUCT_DEFINITION_FORMATION_WITH_SPECIFIED_SOURCE('','',#5120,
 .NOT_KNOWN.);
#5115=PRODUCT_DEFINITION_FORMATION_WITH_SPECIFIED_SOURCE('','',#5121,
 .NOT_KNOWN.);
#5116=PRODUCT_RELATED_PRODUCT_CATEGORY('','',(#5119));
#5117=PRODUCT_RELATED_PRODUCT_CATEGORY('','',(#5120));
#5118=PRODUCT_RELATED_PRODUCT_CATEGORY('','',(#5121));
#5119=PRODUCT('Part 92','Part 92','Part 92',(#5125));
#5120=PRODUCT('Part 111','Part 111','Part 111',(#5126));
#5121=PRODUCT('Part 112','Part 112','Part 112',(#5127));
#5122=PRODUCT_CATEGORY('','');
#5123=PRODUCT_CATEGORY('','');
#5124=PRODUCT_CATEGORY('','');
#5125=PRODUCT_CONTEXT('',#5131,'mechanical');
#5126=PRODUCT_CONTEXT('',#5132,'mechanical');
#5127=PRODUCT_CONTEXT('',#5133,'mechanical');
#5128=APPLICATION_PROTOCOL_DEFINITION('international standard',
'ap242_managed_model_based_3d_engineering',2020,#5131);
#5129=APPLICATION_PROTOCOL_DEFINITION('international standard',
'ap242_managed_model_based_3d_engineering',2020,#5132);
#5130=APPLICATION_PROTOCOL_DEFINITION('international standard',
'ap242_managed_model_based_3d_engineering',2020,#5133);
#5131=APPLICATION_CONTEXT('managed model based 3d engineering');
#5132=APPLICATION_CONTEXT('managed model based 3d engineering');
#5133=APPLICATION_CONTEXT('managed model based 3d engineering');
ENDSEC;
END-ISO-10303-21;
